{
	"credit": "Made with Blockbench",
	"textures": {
		"7": "custom/blue_seethrough",
		"8": "custom/blue_solid",
		"particle": "block/chorus_plant"
	},
	"elements": [
		{
			"from": [16, -16, 0],
			"to": [32, 0, 16],
			"faces": {
				"north": {"uv": [0, 0, 16, 16], "texture": "#7"},
				"east": {"uv": [0, 0, 16, 16], "texture": "#8"},
				"south": {"uv": [0, 0, 16, 16], "texture": "#8"}
			}
		},
		{
			"from": [-16, -16, 0],
			"to": [0, 0, 16],
			"faces": {
				"north": {"uv": [0, 0, 16, 16], "texture": "#7"},
				"south": {"uv": [0, 0, 16, 16], "texture": "#8"},
				"west": {"uv": [0, 0, 16, 16], "texture": "#8"}
			}
		},
		{
			"from": [0, -16, 0],
			"to": [16, 0, 16],
			"faces": {
				"north": {"uv": [0, 0, 16, 16], "texture": "#7"},
				"south": {"uv": [0, 0, 16, 16], "texture": "#8"}
			}
		},
		{
			"from": [16, 0, 0],
			"to": [32, 16, 16],
			"faces": {
				"north": {"uv": [0, 0, 16, 16], "texture": "#7"},
				"east": {"uv": [0, 0, 16, 16], "texture": "#8"},
				"south": {"uv": [0, 0, 16, 16], "texture": "#8"}
			}
		},
		{
			"from": [0, 0, 0],
			"to": [16, 16, 16],
			"faces": {
				"north": {"uv": [0, 0, 16, 16], "texture": "#7"},
				"south": {"uv": [0, 0, 16, 16], "texture": "#8"}
			}
		},
		{
			"from": [-16, 0, 0],
			"to": [0, 16, 16],
			"faces": {
				"north": {"uv": [0, 0, 16, 16], "texture": "#7"},
				"south": {"uv": [0, 0, 16, 16], "texture": "#8"},
				"west": {"uv": [0, 0, 16, 16], "texture": "#8"}
			}
		}
	],
	"display": {
		"thirdperson_righthand": {
			"translation": [-5.75, 2.25, 1.5],
			"scale": [0.64, 0.64, 0.64]
		},
		"thirdperson_lefthand": {
			"translation": [-6.25, 2.25, 1.5],
			"scale": [0.64, 0.64, 0.64]
		},
		"firstperson_righthand": {
			"rotation": [-22, 0, 0],
			"translation": [0, -1.5, -5.5],
			"scale": [0.83, 0.83, 0.83]
		},
		"firstperson_lefthand": {
			"rotation": [-22, 0, 0],
			"translation": [0, -0.75, -5],
			"scale": [0.83, 0.83, 0.83]
		},
		"gui": {
			"rotation": [35, -22, 39],
			"translation": [0, -1.25, 0],
			"scale": [0.67, 0.67, 0.67]
		},
		"head": {
			"translation": [0, -18, 0]
		}
	}
}