{
	"credit": "Made with Blockbench",
	"textures": {
		"0": "block/chorus_plant",
		"1": "custom/basalt_side",
		"2": "block/iron_block",
		"3": "block/redstone_lamp_on",
		"4": "block/end_stone_bricks",
		"5": "custom/particle_canister",
		"6": "block/command_block_back",
		"particle": "block/chorus_plant"
	},
	"elements": [
		{
			"from": [2, 5, 5],
			"to": [14, 13, 11],
			"faces": {
				"north": {"uv": [0, 0, 12, 8], "texture": "#0"},
				"east": {"uv": [0, 0, 6, 8], "texture": "#0"},
				"south": {"uv": [0, 0, 12, 8], "texture": "#0"},
				"west": {"uv": [0, 0, 6, 8], "texture": "#0"},
				"up": {"uv": [0, 0, 12, 6], "texture": "#0"},
				"down": {"uv": [0, 0, 12, 6], "texture": "#0"}
			}
		},
		{
			"from": [2, 4, 5],
			"to": [5, 5, 11],
			"faces": {
				"north": {"uv": [0, 0, 3, 1], "texture": "#0"},
				"east": {"uv": [0, 0, 6, 1], "texture": "#0"},
				"south": {"uv": [0, 0, 3, 1], "texture": "#0"},
				"west": {"uv": [0, 0, 6, 1], "texture": "#0"},
				"up": {"uv": [0, 0, 3, 6], "texture": "#0"},
				"down": {"uv": [0, 0, 3, 6], "texture": "#0"}
			}
		},
		{
			"from": [11, 4, 5],
			"to": [14, 5, 11],
			"faces": {
				"north": {"uv": [0, 0, 3, 1], "texture": "#0"},
				"east": {"uv": [0, 0, 6, 1], "texture": "#0"},
				"south": {"uv": [0, 0, 3, 1], "texture": "#0"},
				"west": {"uv": [0, 0, 6, 1], "texture": "#0"},
				"up": {"uv": [0, 0, 3, 6], "texture": "#0"},
				"down": {"uv": [0, 0, 3, 6], "texture": "#0"}
			}
		},
		{
			"from": [1, 13, 10],
			"to": [3, 14, 11],
			"faces": {
				"north": {"uv": [0, 0, 2, 1], "texture": "#2"},
				"east": {"uv": [0, 0, 1, 1], "texture": "#2"},
				"south": {"uv": [0, 0, 2, 1], "texture": "#2"},
				"west": {"uv": [0, 0, 1, 1], "texture": "#2"},
				"up": {"uv": [0, 0, 2, 1], "texture": "#2"},
				"down": {"uv": [0, 0, 2, 1], "texture": "#2"}
			}
		},
		{
			"from": [1, 13, 5],
			"to": [3, 14, 6],
			"faces": {
				"north": {"uv": [0, 0, 2, 1], "texture": "#2"},
				"east": {"uv": [0, 0, 1, 1], "texture": "#2"},
				"south": {"uv": [0, 0, 2, 1], "texture": "#2"},
				"west": {"uv": [0, 0, 1, 1], "texture": "#2"},
				"up": {"uv": [0, 0, 2, 1], "texture": "#2"},
				"down": {"uv": [0, 0, 2, 1], "texture": "#2"}
			}
		},
		{
			"from": [13, 13, 5],
			"to": [15, 14, 6],
			"faces": {
				"north": {"uv": [0, 0, 2, 1], "texture": "#2"},
				"east": {"uv": [0, 0, 1, 1], "texture": "#2"},
				"south": {"uv": [0, 0, 2, 1], "texture": "#2"},
				"west": {"uv": [0, 0, 1, 1], "texture": "#2"},
				"up": {"uv": [0, 0, 2, 1], "texture": "#2"},
				"down": {"uv": [0, 0, 2, 1], "texture": "#2"}
			}
		},
		{
			"from": [13, 13, 10],
			"to": [15, 14, 11],
			"faces": {
				"north": {"uv": [0, 0, 2, 1], "texture": "#2"},
				"east": {"uv": [0, 0, 1, 1], "texture": "#2"},
				"south": {"uv": [0, 0, 2, 1], "texture": "#2"},
				"west": {"uv": [0, 0, 1, 1], "texture": "#2"},
				"up": {"uv": [0, 0, 2, 1], "texture": "#2"},
				"down": {"uv": [0, 0, 2, 1], "texture": "#2"}
			}
		},
		{
			"from": [-10, 6, 6],
			"to": [2, 9, 10],
			"faces": {
				"north": {"uv": [0, 0, 1, 3], "texture": "#4"},
				"east": {"uv": [0, 0, 4, 3], "texture": "#4"},
				"south": {"uv": [0, 0, 1, 3], "texture": "#4"},
				"west": {"uv": [0, 0, 4, 3], "texture": "#4"},
				"up": {"uv": [0, 0, 1, 4], "texture": "#4"},
				"down": {"uv": [0, 0, 1, 4], "texture": "#4"}
			}
		},
		{
			"from": [14, 6, 6],
			"to": [26, 9, 10],
			"faces": {
				"north": {"uv": [0, 0, 1, 3], "texture": "#4"},
				"east": {"uv": [0, 0, 4, 3], "texture": "#4"},
				"south": {"uv": [0, 0, 1, 3], "texture": "#4"},
				"west": {"uv": [0, 0, 4, 3], "texture": "#4"},
				"up": {"uv": [0, 0, 1, 4], "texture": "#4"},
				"down": {"uv": [0, 0, 1, 4], "texture": "#4"}
			}
		},
		{
			"from": [5, 13, 5],
			"to": [11, 14, 11],
			"faces": {
				"north": {"uv": [5, 4, 11, 6], "texture": "#6"},
				"east": {"uv": [6, 4, 12, 6], "texture": "#6"},
				"south": {"uv": [6, 4, 12, 6], "texture": "#6"},
				"west": {"uv": [6, 4, 12, 6], "texture": "#6"},
				"up": {"uv": [4, 4, 13, 13], "texture": "#6"},
				"down": {"uv": [4, 4, 13, 13], "texture": "#6"}
			}
		},
		{
			"from": [3, 8, 11],
			"to": [5, 10, 12],
			"faces": {
				"north": {"uv": [0, 0, 16, 16], "texture": "#3"},
				"east": {"uv": [0, 0, 1, 2], "texture": "#3"},
				"south": {"uv": [0, 0, 16, 16], "texture": "#3"},
				"west": {"uv": [0, 0, 1, 2], "texture": "#3"},
				"up": {"uv": [0, 0, 2, 1], "texture": "#3"},
				"down": {"uv": [0, 0, 2, 1], "texture": "#3"}
			}
		},
		{
			"from": [7, 8, 11],
			"to": [9, 10, 12],
			"faces": {
				"north": {"uv": [0, 0, 16, 16], "texture": "#3"},
				"east": {"uv": [0, 0, 1, 2], "texture": "#3"},
				"south": {"uv": [0, 0, 16, 16], "texture": "#3"},
				"west": {"uv": [0, 0, 1, 2], "texture": "#3"},
				"up": {"uv": [0, 0, 2, 1], "texture": "#3"},
				"down": {"uv": [0, 0, 2, 1], "texture": "#3"}
			}
		},
		{
			"from": [11, 8, 11],
			"to": [13, 10, 12],
			"faces": {
				"north": {"uv": [0, 0, 16, 16], "texture": "#3"},
				"east": {"uv": [0, 0, 1, 2], "texture": "#3"},
				"south": {"uv": [0, 0, 16, 16], "texture": "#3"},
				"west": {"uv": [0, 0, 1, 2], "texture": "#3"},
				"up": {"uv": [0, 0, 2, 1], "texture": "#3"},
				"down": {"uv": [0, 0, 2, 1], "texture": "#3"}
			}
		},
		{
			"from": [3, 8, 4],
			"to": [5, 10, 5],
			"faces": {
				"north": {"uv": [0, 0, 16, 16], "texture": "#3"},
				"east": {"uv": [0, 0, 1, 2], "texture": "#3"},
				"south": {"uv": [0, 0, 16, 16], "texture": "#3"},
				"west": {"uv": [0, 0, 1, 2], "texture": "#3"},
				"up": {"uv": [0, 0, 2, 1], "texture": "#3"},
				"down": {"uv": [0, 0, 2, 1], "texture": "#3"}
			}
		},
		{
			"from": [7, 8, 4],
			"to": [9, 10, 5],
			"faces": {
				"north": {"uv": [0, 0, 16, 16], "texture": "#3"},
				"east": {"uv": [0, 0, 1, 2], "texture": "#3"},
				"south": {"uv": [0, 0, 16, 16], "texture": "#3"},
				"west": {"uv": [0, 0, 1, 2], "texture": "#3"},
				"up": {"uv": [0, 0, 2, 1], "texture": "#3"},
				"down": {"uv": [0, 0, 2, 1], "texture": "#3"}
			}
		},
		{
			"from": [11, 8, 4],
			"to": [13, 10, 5],
			"faces": {
				"north": {"uv": [0, 0, 16, 16], "texture": "#3"},
				"east": {"uv": [0, 0, 1, 2], "texture": "#3"},
				"south": {"uv": [0, 0, 16, 16], "texture": "#3"},
				"west": {"uv": [0, 0, 1, 2], "texture": "#3"},
				"up": {"uv": [0, 0, 2, 1], "texture": "#3"},
				"down": {"uv": [0, 0, 2, 1], "texture": "#3"}
			}
		},
		{
			"from": [-11, 4, 4],
			"to": [-10, 14, 12],
			"faces": {
				"north": {"uv": [0, 0, 1, 10], "texture": "#1"},
				"east": {"uv": [0, 0, 8, 10], "texture": "#1"},
				"south": {"uv": [0, 0, 1, 10], "texture": "#1"},
				"west": {"uv": [0, 0, 8, 10], "texture": "#1"},
				"up": {"uv": [0, 0, 1, 8], "texture": "#1"},
				"down": {"uv": [0, 0, 1, 8], "texture": "#1"}
			}
		},
		{
			"from": [-12, 5, 4],
			"to": [-11, 13, 12],
			"faces": {
				"north": {"uv": [0, 0, 1, 8], "texture": "#1"},
				"east": {"uv": [0, 0, 8, 8], "texture": "#1"},
				"south": {"uv": [0, 0, 1, 8], "texture": "#1"},
				"west": {"uv": [0, 0, 8, 8], "texture": "#1"},
				"up": {"uv": [0, 0, 1, 8], "texture": "#1"},
				"down": {"uv": [0, 0, 1, 8], "texture": "#1"}
			}
		},
		{
			"from": [-13, 6, 4],
			"to": [-12, 12, 5],
			"faces": {
				"north": {"uv": [0, 0, 1, 6], "texture": "#1"},
				"east": {"uv": [0, 0, 1, 6], "texture": "#1"},
				"south": {"uv": [0, 0, 1, 6], "texture": "#1"},
				"west": {"uv": [0, 0, 1, 6], "texture": "#1"},
				"up": {"uv": [0, 0, 1, 1], "texture": "#1"},
				"down": {"uv": [0, 0, 1, 1], "texture": "#1"}
			}
		},
		{
			"from": [-13, 5, 5],
			"to": [-12, 13, 11],
			"faces": {
				"north": {"uv": [0, 0, 1, 8], "texture": "#1"},
				"east": {"uv": [0, 0, 6, 8], "texture": "#1"},
				"south": {"uv": [0, 0, 1, 8], "texture": "#1"},
				"west": {"uv": [0, 0, 6, 8], "texture": "#1"},
				"up": {"uv": [0, 0, 1, 6], "texture": "#1"},
				"down": {"uv": [0, 0, 1, 6], "texture": "#1"}
			}
		},
		{
			"from": [-12, 13, 5],
			"to": [-11, 14, 11],
			"faces": {
				"north": {"uv": [0, 0, 1, 1], "texture": "#1"},
				"east": {"uv": [0, 0, 6, 1], "texture": "#1"},
				"south": {"uv": [0, 0, 1, 1], "texture": "#1"},
				"west": {"uv": [0, 0, 6, 1], "texture": "#1"},
				"up": {"uv": [0, 0, 1, 6], "texture": "#1"},
				"down": {"uv": [0, 0, 1, 6], "texture": "#1"}
			}
		},
		{
			"from": [-13, 6, 11],
			"to": [-12, 12, 12],
			"faces": {
				"north": {"uv": [0, 0, 1, 6], "texture": "#1"},
				"east": {"uv": [0, 0, 1, 6], "texture": "#1"},
				"south": {"uv": [0, 0, 1, 6], "texture": "#1"},
				"west": {"uv": [0, 0, 1, 6], "texture": "#1"},
				"up": {"uv": [0, 0, 1, 1], "texture": "#1"},
				"down": {"uv": [0, 0, 1, 1], "texture": "#1"}
			}
		},
		{
			"from": [-12, 4, 5],
			"to": [-11, 5, 11],
			"faces": {
				"north": {"uv": [0, 0, 1, 1], "texture": "#1"},
				"east": {"uv": [0, 0, 6, 1], "texture": "#1"},
				"south": {"uv": [0, 0, 1, 1], "texture": "#1"},
				"west": {"uv": [0, 0, 6, 1], "texture": "#1"},
				"up": {"uv": [0, 0, 1, 6], "texture": "#1"},
				"down": {"uv": [0, 0, 1, 6], "texture": "#1"}
			}
		},
		{
			"from": [-15.5, 5, 7],
			"to": [-12.5, 7, 9],
			"faces": {
				"north": {"uv": [0, 0, 16, 16], "rotation": 90, "texture": "#5"},
				"east": {"uv": [0, 0, 2, 2], "texture": "#5"},
				"south": {"uv": [0, 0, 16, 16], "rotation": 90, "texture": "#5"},
				"west": {"uv": [0, 0, 2, 2], "texture": "#5"},
				"up": {"uv": [0, 0, 16, 16], "rotation": 90, "texture": "#5"},
				"down": {"uv": [0, 0, 16, 16], "rotation": 90, "texture": "#5"}
			}
		},
		{
			"from": [26, 4, 4],
			"to": [27, 14, 12],
			"faces": {
				"north": {"uv": [0, 0, 1, 10], "texture": "#1"},
				"east": {"uv": [0, 0, 8, 10], "texture": "#1"},
				"south": {"uv": [0, 0, 1, 10], "texture": "#1"},
				"west": {"uv": [0, 0, 8, 10], "texture": "#1"},
				"up": {"uv": [0, 0, 1, 8], "texture": "#1"},
				"down": {"uv": [0, 0, 1, 8], "texture": "#1"}
			}
		},
		{
			"from": [27, 5, 4],
			"to": [28, 13, 12],
			"faces": {
				"north": {"uv": [0, 0, 1, 8], "texture": "#1"},
				"east": {"uv": [0, 0, 8, 8], "texture": "#1"},
				"south": {"uv": [0, 0, 1, 8], "texture": "#1"},
				"west": {"uv": [0, 0, 8, 8], "texture": "#1"},
				"up": {"uv": [0, 0, 1, 8], "texture": "#1"},
				"down": {"uv": [0, 0, 1, 8], "texture": "#1"}
			}
		},
		{
			"from": [28, 6, 4],
			"to": [29, 12, 5],
			"faces": {
				"north": {"uv": [0, 0, 1, 6], "texture": "#1"},
				"east": {"uv": [0, 0, 1, 6], "texture": "#1"},
				"south": {"uv": [0, 0, 1, 6], "texture": "#1"},
				"west": {"uv": [0, 0, 1, 6], "texture": "#1"},
				"up": {"uv": [0, 0, 1, 1], "texture": "#1"},
				"down": {"uv": [0, 0, 1, 1], "texture": "#1"}
			}
		},
		{
			"from": [28, 5, 5],
			"to": [29, 13, 11],
			"faces": {
				"north": {"uv": [0, 0, 1, 8], "texture": "#1"},
				"east": {"uv": [0, 0, 6, 8], "texture": "#1"},
				"south": {"uv": [0, 0, 1, 8], "texture": "#1"},
				"west": {"uv": [0, 0, 6, 8], "texture": "#1"},
				"up": {"uv": [0, 0, 1, 6], "texture": "#1"},
				"down": {"uv": [0, 0, 1, 6], "texture": "#1"}
			}
		},
		{
			"from": [28.5, 5, 7],
			"to": [31.5, 7, 9],
			"faces": {
				"north": {"uv": [0, 0, 16, 16], "rotation": 90, "texture": "#5"},
				"east": {"uv": [0, 0, 2, 2], "texture": "#5"},
				"south": {"uv": [0, 0, 16, 16], "rotation": 90, "texture": "#5"},
				"west": {"uv": [0, 0, 2, 2], "texture": "#5"},
				"up": {"uv": [0, 0, 16, 16], "rotation": 90, "texture": "#5"},
				"down": {"uv": [0, 0, 16, 16], "rotation": 90, "texture": "#5"}
			}
		},
		{
			"from": [27, 4, 5],
			"to": [28, 5, 11],
			"faces": {
				"north": {"uv": [0, 0, 1, 1], "texture": "#1"},
				"east": {"uv": [0, 0, 6, 1], "texture": "#1"},
				"south": {"uv": [0, 0, 1, 1], "texture": "#1"},
				"west": {"uv": [0, 0, 6, 1], "texture": "#1"},
				"up": {"uv": [0, 0, 1, 6], "texture": "#1"},
				"down": {"uv": [0, 0, 1, 6], "texture": "#1"}
			}
		},
		{
			"from": [27, 13, 5],
			"to": [28, 14, 11],
			"faces": {
				"north": {"uv": [0, 0, 1, 1], "texture": "#1"},
				"east": {"uv": [0, 0, 6, 1], "texture": "#1"},
				"south": {"uv": [0, 0, 1, 1], "texture": "#1"},
				"west": {"uv": [0, 0, 6, 1], "texture": "#1"},
				"up": {"uv": [0, 0, 1, 6], "texture": "#1"},
				"down": {"uv": [0, 0, 1, 6], "texture": "#1"}
			}
		},
		{
			"from": [28, 6, 11],
			"to": [29, 12, 12],
			"faces": {
				"north": {"uv": [0, 0, 1, 6], "texture": "#1"},
				"east": {"uv": [0, 0, 1, 6], "texture": "#1"},
				"south": {"uv": [0, 0, 1, 6], "texture": "#1"},
				"west": {"uv": [0, 0, 1, 6], "texture": "#1"},
				"up": {"uv": [0, 0, 1, 1], "texture": "#1"},
				"down": {"uv": [0, 0, 1, 1], "texture": "#1"}
			}
		}
	],
	"display": {
		"thirdperson_righthand": {
			"translation": [-5.75, 2.25, 1.5],
			"scale": [0.64, 0.64, 0.64]
		},
		"thirdperson_lefthand": {
			"translation": [-6.25, 2.25, 1.5],
			"scale": [0.64, 0.64, 0.64]
		},
		"firstperson_righthand": {
			"rotation": [-22, 0, 0],
			"translation": [0, -1.5, -5.5],
			"scale": [0.83, 0.83, 0.83]
		},
		"firstperson_lefthand": {
			"rotation": [-22, 0, 0],
			"translation": [0, -0.75, -5],
			"scale": [0.83, 0.83, 0.83]
		},
		"gui": {
			"rotation": [35, -22, 39],
			"translation": [0, -1.25, 0],
			"scale": [0.67, 0.67, 0.67]
		},
		"head": {
			"translation": [0, -39.25, 0]
		}
	},
	"groups": [
		0,
		1,
		2,
		3,
		4,
		5,
		6,
		7,
		8,
		9,
		10,
		11,
		12,
		13,
		14,
		15,
		{
			"name": "side_r",
			"origin": [0, 0, 0],
			"color": 0,
			"children": [16, 17, 18, 19, 20, 21, 22, 23]
		},
		{
			"name": "slide_l",
			"origin": [0, 0, 0],
			"color": 0,
			"children": [24, 25, 26, 27, 28, 29, 30, 31]
		}
	]
}