{
	"credit": "Made with Blockbench",
	"textures": {
		"0": "block/oak_planks",
		"1": "block/stonecutter_bottom",
		"2": "block/soul_campfire_log_lit",
		"3": "block/oak_log",
		"4": "block/dark_oak_planks",
		"5": "block/anvil",
		"6": "block/brown_wool",
		"7": "block/andesite",
		"8": "block/red_wool",
		"particle": "block/oak_planks"
	},
	"elements": [
		{
			"from": [3, -16, -16],
			"to": [13, -13, -2],
			"faces": {
				"north": {"uv": [0, 0, 10, 3], "texture": "#0"},
				"east": {"uv": [0, 0, 14, 3], "texture": "#0"},
				"south": {"uv": [0, 0, 10, 3], "texture": "#0"},
				"west": {"uv": [0, 0, 14, 3], "texture": "#0"},
				"up": {"uv": [0, 0, 10, 14], "texture": "#0"},
				"down": {"uv": [0, 0, 10, 14], "texture": "#0"}
			}
		},
		{
			"from": [1, -13, -9],
			"to": [15, -10, 5],
			"faces": {
				"north": {"uv": [0, 0, 14, 3], "texture": "#0"},
				"east": {"uv": [0, 0, 14, 3], "texture": "#0"},
				"south": {"uv": [0, 0, 14, 3], "texture": "#0"},
				"west": {"uv": [0, 0, 14, 3], "texture": "#0"},
				"up": {"uv": [0, 0, 14, 14], "texture": "#0"},
				"down": {"uv": [0, 0, 14, 14], "texture": "#0"}
			}
		},
		{
			"from": [4, -13, 5],
			"to": [12, -10, 15],
			"faces": {
				"north": {"uv": [0, 0, 8, 3], "texture": "#0"},
				"east": {"uv": [0, 0, 10, 3], "texture": "#0"},
				"south": {"uv": [0, 0, 8, 3], "texture": "#0"},
				"west": {"uv": [0, 0, 10, 3], "texture": "#0"},
				"up": {"uv": [0, 0, 8, 10], "texture": "#0"},
				"down": {"uv": [0, 0, 8, 10], "texture": "#0"}
			}
		},
		{
			"from": [1, -10, -3],
			"to": [15, -1, 18],
			"faces": {
				"north": {"uv": [0, 0, 14, 9], "texture": "#0"},
				"east": {"uv": [0, 0, 16, 9], "texture": "#0"},
				"south": {"uv": [0, 0, 14, 9], "texture": "#0"},
				"west": {"uv": [0, 0, 16, 9], "texture": "#0"},
				"up": {"uv": [0, 0, 14, 16], "texture": "#0"},
				"down": {"uv": [0, 0, 14, 16], "texture": "#0"}
			}
		},
		{
			"from": [-1, -10, -3],
			"to": [1, -1, 11],
			"faces": {
				"north": {"uv": [0, 0, 2, 9], "texture": "#0"},
				"east": {"uv": [0, 0, 14, 9], "texture": "#0"},
				"south": {"uv": [0, 0, 2, 9], "texture": "#0"},
				"west": {"uv": [0, 0, 14, 9], "texture": "#0"},
				"up": {"uv": [0, 0, 2, 14], "texture": "#0"},
				"down": {"uv": [0, 0, 2, 14], "texture": "#0"}
			}
		},
		{
			"from": [-1, -7, 11],
			"to": [1, -1, 17],
			"faces": {
				"north": {"uv": [0, 0, 2, 6], "texture": "#0"},
				"east": {"uv": [0, 0, 6, 6], "texture": "#0"},
				"south": {"uv": [0, 0, 2, 6], "texture": "#0"},
				"west": {"uv": [0, 0, 6, 6], "texture": "#0"},
				"up": {"uv": [0, 0, 2, 6], "texture": "#0"},
				"down": {"uv": [0, 0, 2, 6], "texture": "#0"}
			}
		},
		{
			"from": [15, -10, -3],
			"to": [17, -1, 11],
			"faces": {
				"north": {"uv": [0, 0, 2, 9], "texture": "#0"},
				"east": {"uv": [0, 0, 14, 9], "texture": "#0"},
				"south": {"uv": [0, 0, 2, 9], "texture": "#0"},
				"west": {"uv": [0, 0, 14, 9], "texture": "#0"},
				"up": {"uv": [0, 0, 2, 14], "texture": "#0"},
				"down": {"uv": [0, 0, 2, 14], "texture": "#0"}
			}
		},
		{
			"from": [15, -7, 11],
			"to": [17, -1, 17],
			"faces": {
				"north": {"uv": [0, 0, 2, 6], "texture": "#0"},
				"east": {"uv": [0, 0, 6, 6], "texture": "#0"},
				"south": {"uv": [0, 0, 2, 6], "texture": "#0"},
				"west": {"uv": [0, 0, 6, 6], "texture": "#0"},
				"up": {"uv": [0, 0, 2, 6], "texture": "#0"},
				"down": {"uv": [0, 0, 2, 6], "texture": "#0"}
			}
		},
		{
			"from": [-1, -5, -16],
			"to": [17, -1, -3],
			"faces": {
				"north": {"uv": [0, 0, 16, 4], "texture": "#0"},
				"east": {"uv": [0, 0, 13, 4], "texture": "#0"},
				"south": {"uv": [0, 0, 16, 4], "texture": "#0"},
				"west": {"uv": [0, 0, 13, 4], "texture": "#0"},
				"up": {"uv": [0, 0, 16, 13], "texture": "#0"},
				"down": {"uv": [0, 0, 16, 13], "texture": "#0"}
			}
		},
		{
			"from": [-1, -1, -16],
			"to": [17, 6, -12],
			"faces": {
				"north": {"uv": [0, 0, 16, 7], "texture": "#0"},
				"east": {"uv": [0, 0, 4, 7], "texture": "#0"},
				"south": {"uv": [0, 0, 16, 7], "texture": "#0"},
				"west": {"uv": [0, 0, 4, 7], "texture": "#0"},
				"up": {"uv": [0, 0, 16, 4], "texture": "#0"},
				"down": {"uv": [0, 0, 16, 4], "texture": "#0"}
			}
		},
		{
			"from": [-1, -1, -7],
			"to": [17, 6, -3],
			"faces": {
				"north": {"uv": [0, 0, 16, 7], "texture": "#0"},
				"east": {"uv": [0, 0, 4, 7], "texture": "#0"},
				"south": {"uv": [0, 0, 16, 7], "texture": "#0"},
				"west": {"uv": [0, 0, 4, 7], "texture": "#0"},
				"up": {"uv": [0, 0, 16, 4], "texture": "#0"},
				"down": {"uv": [0, 0, 16, 4], "texture": "#0"}
			}
		},
		{
			"from": [-1, 2, -12],
			"to": [17, 6, -7],
			"faces": {
				"north": {"uv": [0, 0, 16, 4], "texture": "#0"},
				"east": {"uv": [0, 0, 5, 4], "texture": "#0"},
				"south": {"uv": [0, 0, 16, 4], "texture": "#0"},
				"west": {"uv": [0, 0, 5, 4], "texture": "#0"},
				"up": {"uv": [0, 0, 16, 5], "texture": "#0"},
				"down": {"uv": [0, 0, 16, 5], "texture": "#0"}
			}
		},
		{
			"from": [1, -7, 18],
			"to": [15, -1, 24],
			"faces": {
				"north": {"uv": [0, 0, 14, 6], "texture": "#0"},
				"east": {"uv": [0, 0, 6, 6], "texture": "#0"},
				"south": {"uv": [0, 0, 14, 6], "texture": "#0"},
				"west": {"uv": [0, 0, 6, 6], "texture": "#0"},
				"up": {"uv": [0, 0, 14, 6], "texture": "#0"},
				"down": {"uv": [0, 0, 14, 6], "texture": "#0"}
			}
		},
		{
			"from": [3, -1, 18],
			"to": [13, 2, 27],
			"faces": {
				"north": {"uv": [0, 0, 10, 3], "texture": "#0"},
				"east": {"uv": [0, 0, 9, 3], "texture": "#0"},
				"south": {"uv": [0, 0, 10, 3], "texture": "#0"},
				"west": {"uv": [0, 0, 9, 3], "texture": "#0"},
				"up": {"uv": [0, 0, 10, 9], "texture": "#0"},
				"down": {"uv": [0, 0, 10, 9], "texture": "#0"}
			}
		},
		{
			"from": [3, -5, 23],
			"to": [13, -1, 27],
			"faces": {
				"north": {"uv": [0, 0, 10, 4], "texture": "#0"},
				"east": {"uv": [0, 0, 4, 4], "texture": "#0"},
				"south": {"uv": [0, 0, 10, 4], "texture": "#0"},
				"west": {"uv": [0, 0, 4, 4], "texture": "#0"},
				"up": {"uv": [0, 0, 10, 4], "texture": "#0"},
				"down": {"uv": [0, 0, 10, 4], "texture": "#0"}
			}
		},
		{
			"from": [3, 2, 25],
			"to": [13, 4, 31],
			"faces": {
				"north": {"uv": [0, 0, 10, 2], "texture": "#0"},
				"east": {"uv": [0, 0, 6, 2], "texture": "#0"},
				"south": {"uv": [0, 0, 10, 2], "texture": "#0"},
				"west": {"uv": [0, 0, 6, 2], "texture": "#0"},
				"up": {"uv": [0, 0, 10, 6], "texture": "#0"},
				"down": {"uv": [0, 0, 10, 6], "texture": "#0"}
			}
		},
		{
			"from": [3, 4, 29],
			"to": [13, 6, 32],
			"faces": {
				"north": {"uv": [0, 0, 10, 2], "texture": "#0"},
				"east": {"uv": [0, 0, 3, 2], "texture": "#0"},
				"south": {"uv": [0, 0, 10, 2], "texture": "#0"},
				"west": {"uv": [0, 0, 3, 2], "texture": "#0"},
				"up": {"uv": [0, 0, 10, 3], "texture": "#0"},
				"down": {"uv": [0, 0, 10, 3], "texture": "#0"}
			}
		},
		{
			"from": [3, -2, 27],
			"to": [13, 2, 30],
			"faces": {
				"north": {"uv": [0, 0, 10, 4], "texture": "#0"},
				"east": {"uv": [0, 0, 3, 4], "texture": "#0"},
				"south": {"uv": [0, 0, 10, 4], "texture": "#0"},
				"west": {"uv": [0, 0, 3, 4], "texture": "#0"},
				"up": {"uv": [0, 0, 10, 3], "texture": "#0"},
				"down": {"uv": [0, 0, 10, 3], "texture": "#0"}
			}
		},
		{
			"from": [6, -10, -4],
			"to": [10, -5, -3],
			"faces": {
				"north": {"uv": [2, 6, 12, 16], "texture": "#2"},
				"east": {"uv": [0, 0, 1, 5], "texture": "#1"},
				"south": {"uv": [0, 0, 4, 5], "texture": "#1"},
				"west": {"uv": [0, 0, 1, 5], "texture": "#1"},
				"up": {"uv": [0, 0, 4, 1], "texture": "#1"},
				"down": {"uv": [0, 0, 4, 1], "texture": "#1"}
			}
		},
		{
			"from": [5, -10, -11],
			"to": [6, -5, -3],
			"faces": {
				"north": {"uv": [0, 0, 1, 5], "texture": "#1"},
				"east": {"uv": [0, 0, 8, 5], "texture": "#1"},
				"south": {"uv": [0, 0, 1, 5], "texture": "#1"},
				"west": {"uv": [0, 0, 8, 5], "texture": "#1"},
				"up": {"uv": [0, 0, 1, 8], "texture": "#1"},
				"down": {"uv": [0, 0, 1, 8], "texture": "#1"}
			}
		},
		{
			"from": [9, -10, -11],
			"to": [10, -5, -3],
			"faces": {
				"north": {"uv": [0, 0, 1, 5], "texture": "#1"},
				"east": {"uv": [0, 0, 8, 5], "texture": "#1"},
				"south": {"uv": [0, 0, 1, 5], "texture": "#1"},
				"west": {"uv": [0, 0, 8, 5], "texture": "#1"},
				"up": {"uv": [0, 0, 1, 8], "texture": "#1"},
				"down": {"uv": [0, 0, 1, 8], "texture": "#1"}
			}
		},
		{
			"from": [6, -6, -11],
			"to": [9, -5, -3],
			"faces": {
				"north": {"uv": [0, 0, 3, 1], "texture": "#1"},
				"east": {"uv": [0, 0, 8, 1], "texture": "#1"},
				"south": {"uv": [0, 0, 3, 1], "texture": "#1"},
				"west": {"uv": [0, 0, 8, 1], "texture": "#1"},
				"up": {"uv": [0, 0, 3, 8], "texture": "#1"},
				"down": {"uv": [0, 0, 3, 8], "texture": "#1"}
			}
		},
		{
			"from": [6, -10, -11],
			"to": [9, -9, -3],
			"faces": {
				"north": {"uv": [0, 0, 3, 1], "texture": "#1"},
				"east": {"uv": [0, 0, 8, 1], "texture": "#1"},
				"south": {"uv": [0, 0, 3, 1], "texture": "#1"},
				"west": {"uv": [0, 0, 8, 1], "texture": "#1"},
				"up": {"uv": [0, 0, 3, 8], "texture": "#1"},
				"down": {"uv": [0, 0, 3, 8], "texture": "#1"}
			}
		},
		{
			"from": [-3, -7, -5],
			"to": [-2, -4, 9],
			"faces": {
				"north": {"uv": [0, 0, 1, 3], "texture": "#1"},
				"east": {"uv": [0, 0, 14, 3], "texture": "#1"},
				"south": {"uv": [0, 0, 1, 3], "texture": "#1"},
				"west": {"uv": [0, 0, 14, 3], "texture": "#1"},
				"up": {"uv": [0, 0, 1, 14], "texture": "#1"},
				"down": {"uv": [0, 0, 1, 14], "texture": "#1"}
			}
		},
		{
			"from": [-8, -8, 9],
			"to": [-4, -3, 10],
			"faces": {
				"north": {"uv": [0, 0, 4, 5], "texture": "#1"},
				"east": {"uv": [0, 0, 1, 5], "texture": "#1"},
				"south": {"uv": [6, 6, 10, 11], "texture": "#1"},
				"west": {"uv": [0, 0, 1, 5], "texture": "#1"},
				"up": {"uv": [0, 0, 4, 1], "texture": "#1"},
				"down": {"uv": [0, 0, 4, 1], "texture": "#1"}
			}
		},
		{
			"from": [-9, -7, 9],
			"to": [-8, -4, 10],
			"faces": {
				"north": {"uv": [0, 0, 1, 3], "texture": "#1"},
				"east": {"uv": [0, 0, 1, 3], "texture": "#1"},
				"south": {"uv": [0, 0, 1, 3], "texture": "#1"},
				"west": {"uv": [0, 0, 1, 3], "texture": "#1"},
				"up": {"uv": [0, 0, 1, 1], "texture": "#1"},
				"down": {"uv": [0, 0, 1, 1], "texture": "#1"}
			}
		},
		{
			"from": [-4, -7, 9],
			"to": [-3, -4, 10],
			"faces": {
				"north": {"uv": [0, 0, 1, 3], "texture": "#1"},
				"east": {"uv": [0, 0, 1, 3], "texture": "#1"},
				"south": {"uv": [0, 0, 1, 3], "texture": "#1"},
				"west": {"uv": [0, 0, 1, 3], "texture": "#1"},
				"up": {"uv": [0, 0, 1, 1], "texture": "#1"},
				"down": {"uv": [0, 0, 1, 1], "texture": "#1"}
			}
		},
		{
			"from": [-10, -7, -5],
			"to": [-9, -4, 9],
			"faces": {
				"north": {"uv": [0, 0, 1, 3], "texture": "#1"},
				"east": {"uv": [0, 0, 14, 3], "texture": "#1"},
				"south": {"uv": [0, 0, 1, 3], "texture": "#1"},
				"west": {"uv": [0, 2, 14, 5], "texture": "#1"},
				"up": {"uv": [0, 0, 1, 14], "texture": "#1"},
				"down": {"uv": [0, 0, 1, 14], "texture": "#1"}
			}
		},
		{
			"from": [-9, -8, -5],
			"to": [-8, -7, 9],
			"faces": {
				"north": {"uv": [0, 0, 1, 1], "texture": "#1"},
				"east": {"uv": [0, 0, 14, 1], "texture": "#1"},
				"south": {"uv": [0, 0, 1, 1], "texture": "#1"},
				"west": {"uv": [0, 0, 14, 1], "texture": "#1"},
				"up": {"uv": [0, 0, 1, 14], "texture": "#1"},
				"down": {"uv": [0, 0, 1, 14], "texture": "#1"}
			}
		},
		{
			"from": [-9, -4, -5],
			"to": [-8, -3, 9],
			"faces": {
				"north": {"uv": [0, 0, 1, 1], "texture": "#1"},
				"east": {"uv": [0, 0, 14, 1], "texture": "#1"},
				"south": {"uv": [0, 0, 1, 1], "texture": "#1"},
				"west": {"uv": [0, 0, 14, 1], "texture": "#1"},
				"up": {"uv": [0, 0, 1, 14], "texture": "#1"},
				"down": {"uv": [0, 0, 1, 14], "texture": "#1"}
			}
		},
		{
			"from": [-4, -4, -5],
			"to": [-3, -3, 9],
			"faces": {
				"north": {"uv": [0, 0, 1, 1], "texture": "#1"},
				"east": {"uv": [0, 0, 14, 1], "texture": "#1"},
				"south": {"uv": [0, 0, 1, 1], "texture": "#1"},
				"west": {"uv": [0, 0, 14, 1], "texture": "#1"},
				"up": {"uv": [0, 0, 1, 14], "texture": "#1"},
				"down": {"uv": [0, 0, 1, 14], "texture": "#1"}
			}
		},
		{
			"from": [-4, -8, -5],
			"to": [-3, -7, 9],
			"faces": {
				"north": {"uv": [0, 0, 1, 1], "texture": "#1"},
				"east": {"uv": [0, 0, 14, 1], "texture": "#1"},
				"south": {"uv": [0, 0, 1, 1], "texture": "#1"},
				"west": {"uv": [0, 0, 14, 1], "texture": "#1"},
				"up": {"uv": [0, 0, 1, 14], "texture": "#1"},
				"down": {"uv": [0, 0, 1, 14], "texture": "#1"}
			}
		},
		{
			"from": [-8, -3, -5],
			"to": [-4, -2, 9],
			"faces": {
				"north": {"uv": [0, 0, 4, 1], "texture": "#1"},
				"east": {"uv": [0, 0, 14, 1], "texture": "#1"},
				"south": {"uv": [0, 0, 4, 1], "texture": "#1"},
				"west": {"uv": [0, 0, 14, 1], "texture": "#1"},
				"up": {"uv": [0, 0, 4, 14], "texture": "#1"},
				"down": {"uv": [0, 0, 4, 14], "texture": "#1"}
			}
		},
		{
			"from": [-8, -9, -5],
			"to": [-4, -8, 9],
			"faces": {
				"north": {"uv": [0, 0, 4, 1], "texture": "#1"},
				"east": {"uv": [0, 0, 14, 1], "texture": "#1"},
				"south": {"uv": [0, 0, 4, 1], "texture": "#1"},
				"west": {"uv": [0, 0, 14, 1], "texture": "#1"},
				"up": {"uv": [0, 0, 4, 14], "texture": "#1"},
				"down": {"uv": [2, 0, 6, 14], "texture": "#1"}
			}
		},
		{
			"from": [20, -9, -5],
			"to": [24, -8, 9],
			"faces": {
				"north": {"uv": [0, 0, 4, 1], "texture": "#1"},
				"east": {"uv": [0, 0, 14, 1], "texture": "#1"},
				"south": {"uv": [0, 0, 4, 1], "texture": "#1"},
				"west": {"uv": [0, 0, 14, 1], "texture": "#1"},
				"up": {"uv": [0, 0, 4, 14], "texture": "#1"},
				"down": {"uv": [3, 0, 7, 14], "texture": "#1"}
			}
		},
		{
			"from": [24, -8, -5],
			"to": [25, -7, 9],
			"faces": {
				"north": {"uv": [0, 0, 1, 1], "texture": "#1"},
				"east": {"uv": [0, 0, 14, 1], "texture": "#1"},
				"south": {"uv": [0, 0, 1, 1], "texture": "#1"},
				"west": {"uv": [0, 0, 14, 1], "texture": "#1"},
				"up": {"uv": [0, 0, 1, 14], "texture": "#1"},
				"down": {"uv": [0, 0, 1, 14], "texture": "#1"}
			}
		},
		{
			"from": [25, -7, -5],
			"to": [26, -4, 9],
			"faces": {
				"north": {"uv": [0, 0, 1, 3], "texture": "#1"},
				"east": {"uv": [0, 2, 14, 5], "texture": "#1"},
				"south": {"uv": [0, 0, 1, 3], "texture": "#1"},
				"west": {"uv": [0, 0, 14, 3], "texture": "#1"},
				"up": {"uv": [0, 0, 1, 14], "texture": "#1"},
				"down": {"uv": [0, 0, 1, 14], "texture": "#1"}
			}
		},
		{
			"from": [20, -3, -5],
			"to": [24, -2, 9],
			"faces": {
				"north": {"uv": [0, 0, 4, 1], "texture": "#1"},
				"east": {"uv": [0, 0, 14, 1], "texture": "#1"},
				"south": {"uv": [0, 0, 4, 1], "texture": "#1"},
				"west": {"uv": [0, 0, 14, 1], "texture": "#1"},
				"up": {"uv": [0, 0, 4, 14], "texture": "#1"},
				"down": {"uv": [0, 0, 4, 14], "texture": "#1"}
			}
		},
		{
			"from": [24, -4, -5],
			"to": [25, -3, 9],
			"faces": {
				"north": {"uv": [0, 0, 1, 1], "texture": "#1"},
				"east": {"uv": [0, 0, 14, 1], "texture": "#1"},
				"south": {"uv": [0, 0, 1, 1], "texture": "#1"},
				"west": {"uv": [0, 0, 14, 1], "texture": "#1"},
				"up": {"uv": [0, 0, 1, 14], "texture": "#1"},
				"down": {"uv": [0, 0, 1, 14], "texture": "#1"}
			}
		},
		{
			"from": [19, -4, -5],
			"to": [20, -3, 9],
			"faces": {
				"north": {"uv": [0, 0, 1, 1], "texture": "#1"},
				"east": {"uv": [0, 0, 14, 1], "texture": "#1"},
				"south": {"uv": [0, 0, 1, 1], "texture": "#1"},
				"west": {"uv": [0, 0, 14, 1], "texture": "#1"},
				"up": {"uv": [0, 0, 1, 14], "texture": "#1"},
				"down": {"uv": [0, 0, 1, 14], "texture": "#1"}
			}
		},
		{
			"from": [18, -7, -5],
			"to": [19, -4, 9],
			"faces": {
				"north": {"uv": [0, 0, 1, 3], "texture": "#1"},
				"east": {"uv": [0, 0, 14, 3], "texture": "#1"},
				"south": {"uv": [0, 0, 1, 3], "texture": "#1"},
				"west": {"uv": [0, 0, 14, 3], "texture": "#1"},
				"up": {"uv": [0, 0, 1, 14], "texture": "#1"},
				"down": {"uv": [0, 0, 1, 14], "texture": "#1"}
			}
		},
		{
			"from": [19, -7, 9],
			"to": [20, -4, 10],
			"faces": {
				"north": {"uv": [0, 0, 1, 3], "texture": "#1"},
				"east": {"uv": [0, 0, 1, 3], "texture": "#1"},
				"south": {"uv": [0, 0, 1, 3], "texture": "#1"},
				"west": {"uv": [0, 0, 1, 3], "texture": "#1"},
				"up": {"uv": [0, 0, 1, 1], "texture": "#1"},
				"down": {"uv": [0, 0, 1, 1], "texture": "#1"}
			}
		},
		{
			"from": [24, -7, 9],
			"to": [25, -4, 10],
			"faces": {
				"north": {"uv": [0, 0, 1, 3], "texture": "#1"},
				"east": {"uv": [0, 0, 1, 3], "texture": "#1"},
				"south": {"uv": [0, 0, 1, 3], "texture": "#1"},
				"west": {"uv": [0, 0, 1, 3], "texture": "#1"},
				"up": {"uv": [0, 0, 1, 1], "texture": "#1"},
				"down": {"uv": [0, 0, 1, 1], "texture": "#1"}
			}
		},
		{
			"from": [20, -8, 9],
			"to": [24, -3, 10],
			"faces": {
				"north": {"uv": [0, 0, 4, 5], "texture": "#1"},
				"east": {"uv": [0, 0, 1, 5], "texture": "#1"},
				"south": {"uv": [6, 6, 10, 11], "texture": "#1"},
				"west": {"uv": [0, 0, 1, 5], "texture": "#1"},
				"up": {"uv": [0, 0, 4, 1], "texture": "#1"},
				"down": {"uv": [0, 0, 4, 1], "texture": "#1"}
			}
		},
		{
			"from": [19, -8, -5],
			"to": [20, -7, 9],
			"faces": {
				"north": {"uv": [0, 0, 1, 1], "texture": "#1"},
				"east": {"uv": [0, 0, 14, 1], "texture": "#1"},
				"south": {"uv": [0, 0, 1, 1], "texture": "#1"},
				"west": {"uv": [0, 0, 14, 1], "texture": "#1"},
				"up": {"uv": [0, 0, 1, 14], "texture": "#1"},
				"down": {"uv": [0, 0, 1, 14], "texture": "#1"}
			}
		},
		{
			"from": [-2, -7, -3],
			"to": [-1, -5, 1],
			"faces": {
				"north": {"uv": [0, 0, 1, 2], "texture": "#3"},
				"east": {"uv": [0, 0, 4, 2], "texture": "#3"},
				"south": {"uv": [0, 0, 1, 2], "texture": "#3"},
				"west": {"uv": [0, 0, 4, 2], "texture": "#3"},
				"up": {"uv": [0, 0, 1, 4], "texture": "#3"},
				"down": {"uv": [0, 0, 1, 4], "texture": "#3"}
			}
		},
		{
			"from": [-2, -7, 4],
			"to": [-1, -5, 8],
			"faces": {
				"north": {"uv": [0, 0, 1, 2], "texture": "#3"},
				"east": {"uv": [0, 0, 4, 2], "texture": "#3"},
				"south": {"uv": [0, 0, 1, 2], "texture": "#3"},
				"west": {"uv": [0, 0, 4, 2], "texture": "#3"},
				"up": {"uv": [0, 0, 1, 4], "texture": "#3"},
				"down": {"uv": [0, 0, 1, 4], "texture": "#3"}
			}
		},
		{
			"from": [17, -7, -3],
			"to": [18, -5, 1],
			"faces": {
				"north": {"uv": [0, 0, 1, 2], "texture": "#3"},
				"east": {"uv": [0, 0, 4, 2], "texture": "#3"},
				"south": {"uv": [0, 0, 1, 2], "texture": "#3"},
				"west": {"uv": [0, 0, 4, 2], "texture": "#3"},
				"up": {"uv": [0, 0, 1, 4], "texture": "#3"},
				"down": {"uv": [0, 0, 1, 4], "texture": "#3"}
			}
		},
		{
			"from": [17, -7, 4],
			"to": [18, -5, 8],
			"faces": {
				"north": {"uv": [0, 0, 1, 2], "texture": "#3"},
				"east": {"uv": [0, 0, 4, 2], "texture": "#3"},
				"south": {"uv": [0, 0, 1, 2], "texture": "#3"},
				"west": {"uv": [0, 0, 4, 2], "texture": "#3"},
				"up": {"uv": [0, 0, 1, 4], "texture": "#3"},
				"down": {"uv": [0, 0, 1, 4], "texture": "#3"}
			}
		},
		{
			"from": [-8, -8, 0],
			"to": [-4, -3, 1],
			"faces": {
				"north": {"uv": [6, 7, 10, 12], "texture": "#2"},
				"east": {"uv": [0, 0, 1, 5], "texture": "#2"},
				"south": {"uv": [0, 0, 4, 5], "texture": "#2"},
				"west": {"uv": [0, 0, 1, 5], "texture": "#2"},
				"up": {"uv": [0, 0, 4, 1], "texture": "#2"},
				"down": {"uv": [0, 0, 4, 1], "texture": "#2"}
			}
		},
		{
			"from": [-4, -7, 0],
			"to": [-3, -4, 1],
			"faces": {
				"north": {"uv": [9, 6, 10, 9], "texture": "#2"},
				"east": {"uv": [0, 0, 1, 3], "texture": "#2"},
				"south": {"uv": [0, 0, 1, 3], "texture": "#2"},
				"west": {"uv": [0, 0, 1, 3], "texture": "#2"},
				"up": {"uv": [0, 0, 1, 1], "texture": "#2"},
				"down": {"uv": [0, 0, 1, 1], "texture": "#2"}
			}
		},
		{
			"from": [-9, -7, 0],
			"to": [-8, -4, 1],
			"faces": {
				"north": {"uv": [9, 6, 10, 9], "texture": "#2"},
				"east": {"uv": [0, 0, 1, 3], "texture": "#2"},
				"south": {"uv": [0, 0, 1, 3], "texture": "#2"},
				"west": {"uv": [0, 0, 1, 3], "texture": "#2"},
				"up": {"uv": [0, 0, 1, 1], "texture": "#2"},
				"down": {"uv": [0, 0, 1, 1], "texture": "#2"}
			}
		},
		{
			"from": [24, -7, 0],
			"to": [25, -4, 1],
			"faces": {
				"north": {"uv": [9, 6, 10, 9], "texture": "#2"},
				"east": {"uv": [0, 0, 1, 3], "texture": "#2"},
				"south": {"uv": [0, 0, 1, 3], "texture": "#2"},
				"west": {"uv": [0, 0, 1, 3], "texture": "#2"},
				"up": {"uv": [0, 0, 1, 1], "texture": "#2"},
				"down": {"uv": [0, 0, 1, 1], "texture": "#2"}
			}
		},
		{
			"from": [19, -7, 0],
			"to": [20, -4, 1],
			"faces": {
				"north": {"uv": [9, 6, 10, 9], "texture": "#2"},
				"east": {"uv": [0, 0, 1, 3], "texture": "#2"},
				"south": {"uv": [0, 0, 1, 3], "texture": "#2"},
				"west": {"uv": [0, 0, 1, 3], "texture": "#2"},
				"up": {"uv": [0, 0, 1, 1], "texture": "#2"},
				"down": {"uv": [0, 0, 1, 1], "texture": "#2"}
			}
		},
		{
			"from": [20, -8, 0],
			"to": [24, -3, 1],
			"faces": {
				"north": {"uv": [6, 7, 10, 12], "texture": "#2"},
				"east": {"uv": [0, 0, 1, 5], "texture": "#2"},
				"south": {"uv": [0, 0, 4, 5], "texture": "#2"},
				"west": {"uv": [0, 0, 1, 5], "texture": "#2"},
				"up": {"uv": [0, 0, 4, 1], "texture": "#2"},
				"down": {"uv": [0, 0, 4, 1], "texture": "#2"}
			}
		},
		{
			"from": [-1, -1, -3],
			"to": [1, 1, -1],
			"faces": {
				"north": {"uv": [0, 0, 2, 2], "texture": "#4"},
				"east": {"uv": [0, 0, 2, 2], "texture": "#4"},
				"south": {"uv": [0, 0, 2, 2], "texture": "#4"},
				"west": {"uv": [0, 0, 2, 2], "texture": "#4"},
				"up": {"uv": [0, 0, 2, 2], "texture": "#4"},
				"down": {"uv": [0, 0, 2, 2], "texture": "#4"}
			}
		},
		{
			"from": [-1, -1, 15],
			"to": [1, 1, 17],
			"faces": {
				"north": {"uv": [0, 0, 2, 2], "texture": "#4"},
				"east": {"uv": [0, 0, 2, 2], "texture": "#4"},
				"south": {"uv": [0, 0, 2, 2], "texture": "#4"},
				"west": {"uv": [0, 0, 2, 2], "texture": "#4"},
				"up": {"uv": [0, 0, 2, 2], "texture": "#4"},
				"down": {"uv": [0, 0, 2, 2], "texture": "#4"}
			}
		},
		{
			"from": [-1, -1, 6],
			"to": [1, 1, 8],
			"faces": {
				"north": {"uv": [0, 0, 2, 2], "texture": "#4"},
				"east": {"uv": [0, 0, 2, 2], "texture": "#4"},
				"south": {"uv": [0, 0, 2, 2], "texture": "#4"},
				"west": {"uv": [0, 0, 2, 2], "texture": "#4"},
				"up": {"uv": [0, 0, 2, 2], "texture": "#4"},
				"down": {"uv": [0, 0, 2, 2], "texture": "#4"}
			}
		},
		{
			"from": [15, -1, 6],
			"to": [17, 1, 8],
			"faces": {
				"north": {"uv": [0, 0, 2, 2], "texture": "#4"},
				"east": {"uv": [0, 0, 2, 2], "texture": "#4"},
				"south": {"uv": [0, 0, 2, 2], "texture": "#4"},
				"west": {"uv": [0, 0, 2, 2], "texture": "#4"},
				"up": {"uv": [0, 0, 2, 2], "texture": "#4"},
				"down": {"uv": [0, 0, 2, 2], "texture": "#4"}
			}
		},
		{
			"from": [15, 1, -3],
			"to": [17, 2, 17],
			"faces": {
				"north": {"uv": [0, 0, 2, 1], "texture": "#4"},
				"east": {"uv": [0, 0, 16, 1], "texture": "#4"},
				"south": {"uv": [0, 0, 2, 1], "texture": "#4"},
				"west": {"uv": [0, 0, 16, 1], "texture": "#4"},
				"up": {"uv": [0, 0, 2, 16], "texture": "#4"},
				"down": {"uv": [0, 0, 2, 16], "texture": "#4"}
			}
		},
		{
			"from": [-1, 1, -3],
			"to": [1, 2, 17],
			"faces": {
				"north": {"uv": [0, 0, 2, 1], "texture": "#4"},
				"east": {"uv": [0, 0, 16, 1], "texture": "#4"},
				"south": {"uv": [0, 0, 2, 1], "texture": "#4"},
				"west": {"uv": [0, 0, 16, 1], "texture": "#4"},
				"up": {"uv": [0, 0, 2, 16], "texture": "#4"},
				"down": {"uv": [0, 0, 2, 16], "texture": "#4"}
			}
		},
		{
			"from": [1, 1, 15],
			"to": [3, 2, 24],
			"faces": {
				"north": {"uv": [0, 0, 2, 1], "texture": "#4"},
				"east": {"uv": [0, 0, 9, 1], "texture": "#4"},
				"south": {"uv": [0, 0, 2, 1], "texture": "#4"},
				"west": {"uv": [0, 0, 9, 1], "texture": "#4"},
				"up": {"uv": [0, 0, 2, 9], "texture": "#4"},
				"down": {"uv": [0, 0, 2, 9], "texture": "#4"}
			}
		},
		{
			"from": [13, 1, 15],
			"to": [15, 2, 24],
			"faces": {
				"north": {"uv": [0, 0, 2, 1], "texture": "#4"},
				"east": {"uv": [0, 0, 9, 1], "texture": "#4"},
				"south": {"uv": [0, 0, 2, 1], "texture": "#4"},
				"west": {"uv": [0, 0, 9, 1], "texture": "#4"},
				"up": {"uv": [0, 0, 2, 9], "texture": "#4"},
				"down": {"uv": [0, 0, 2, 9], "texture": "#4"}
			}
		},
		{
			"from": [1, -1, 22],
			"to": [3, 1, 24],
			"faces": {
				"north": {"uv": [0, 0, 2, 2], "texture": "#4"},
				"east": {"uv": [0, 0, 2, 2], "texture": "#4"},
				"south": {"uv": [0, 0, 2, 2], "texture": "#4"},
				"west": {"uv": [0, 0, 2, 2], "texture": "#4"},
				"up": {"uv": [0, 0, 2, 2], "texture": "#4"},
				"down": {"uv": [0, 0, 2, 2], "texture": "#4"}
			}
		},
		{
			"from": [15, -1, -3],
			"to": [17, 1, -1],
			"faces": {
				"north": {"uv": [0, 0, 2, 2], "texture": "#4"},
				"east": {"uv": [0, 0, 2, 2], "texture": "#4"},
				"south": {"uv": [0, 0, 2, 2], "texture": "#4"},
				"west": {"uv": [0, 0, 2, 2], "texture": "#4"},
				"up": {"uv": [0, 0, 2, 2], "texture": "#4"},
				"down": {"uv": [0, 0, 2, 2], "texture": "#4"}
			}
		},
		{
			"from": [15, -1, 15],
			"to": [17, 1, 17],
			"faces": {
				"north": {"uv": [0, 0, 2, 2], "texture": "#4"},
				"east": {"uv": [0, 0, 2, 2], "texture": "#4"},
				"south": {"uv": [0, 0, 2, 2], "texture": "#4"},
				"west": {"uv": [0, 0, 2, 2], "texture": "#4"},
				"up": {"uv": [0, 0, 2, 2], "texture": "#4"},
				"down": {"uv": [0, 0, 2, 2], "texture": "#4"}
			}
		},
		{
			"from": [13, -1, 22],
			"to": [15, 1, 24],
			"faces": {
				"north": {"uv": [0, 0, 2, 2], "texture": "#4"},
				"east": {"uv": [0, 0, 2, 2], "texture": "#4"},
				"south": {"uv": [0, 0, 2, 2], "texture": "#4"},
				"west": {"uv": [0, 0, 2, 2], "texture": "#4"},
				"up": {"uv": [0, 0, 2, 2], "texture": "#4"},
				"down": {"uv": [0, 0, 2, 2], "texture": "#4"}
			}
		},
		{
			"from": [7, 6, 29],
			"to": [9, 8, 31],
			"faces": {
				"north": {"uv": [0, 0, 2, 2], "texture": "#5"},
				"east": {"uv": [0, 0, 2, 2], "texture": "#5"},
				"south": {"uv": [0, 0, 2, 2], "texture": "#5"},
				"west": {"uv": [0, 0, 2, 2], "texture": "#5"},
				"up": {"uv": [0, 0, 2, 2], "texture": "#5"},
				"down": {"uv": [0, 0, 2, 2], "texture": "#5"}
			}
		},
		{
			"from": [3.5, 6, -13],
			"to": [5.5, 8, -11],
			"faces": {
				"north": {"uv": [0, 0, 2, 2], "texture": "#5"},
				"east": {"uv": [0, 0, 2, 2], "texture": "#5"},
				"south": {"uv": [0, 0, 2, 2], "texture": "#5"},
				"west": {"uv": [0, 0, 2, 2], "texture": "#5"},
				"up": {"uv": [0, 0, 2, 2], "texture": "#5"},
				"down": {"uv": [0, 0, 2, 2], "texture": "#5"}
			}
		},
		{
			"from": [11.5, 6, -13],
			"to": [13.5, 8, -11],
			"faces": {
				"north": {"uv": [0, 0, 2, 2], "texture": "#5"},
				"east": {"uv": [0, 0, 2, 2], "texture": "#5"},
				"south": {"uv": [0, 0, 2, 2], "texture": "#5"},
				"west": {"uv": [0, 0, 2, 2], "texture": "#5"},
				"up": {"uv": [0, 0, 2, 2], "texture": "#5"},
				"down": {"uv": [0, 0, 2, 2], "texture": "#5"}
			}
		},
		{
			"from": [7.5, 18, 15],
			"to": [8.5, 19, 25],
			"rotation": {"angle": 22.5, "axis": "x", "origin": [0, 0, 0]},
			"faces": {
				"north": {"uv": [0, 0, 1, 1], "rotation": 180, "texture": "#6"},
				"east": {"uv": [0, 0, 1, 15], "rotation": 90, "texture": "#6"},
				"south": {"uv": [0, 0, 1, 1], "texture": "#6"},
				"west": {"uv": [0, 0, 1, 15], "rotation": 270, "texture": "#6"},
				"up": {"uv": [0, 0, 1, 15], "texture": "#6"},
				"down": {"uv": [0, 0, 1, 15], "rotation": 180, "texture": "#6"}
			}
		},
		{
			"from": [4, 11, -8],
			"to": [5, 12, 4],
			"rotation": {"angle": -22.5, "axis": "x", "origin": [0, 0, 0]},
			"faces": {
				"north": {"uv": [0, 0, 1, 1], "rotation": 180, "texture": "#6"},
				"east": {"uv": [0, 0, 1, 16], "rotation": 270, "texture": "#6"},
				"south": {"uv": [0, 0, 1, 1], "texture": "#6"},
				"west": {"uv": [0, 0, 1, 16], "rotation": 90, "texture": "#6"},
				"up": {"uv": [0, 0, 1, 16], "rotation": 180, "texture": "#6"},
				"down": {"uv": [0, 0, 1, 16], "texture": "#6"}
			}
		},
		{
			"from": [12, 11, -8],
			"to": [13, 12, 4],
			"rotation": {"angle": -22.5, "axis": "x", "origin": [0, 0, 0]},
			"faces": {
				"north": {"uv": [0, 0, 1, 1], "rotation": 180, "texture": "#6"},
				"east": {"uv": [0, 0, 1, 16], "rotation": 270, "texture": "#6"},
				"south": {"uv": [0, 0, 1, 1], "texture": "#6"},
				"west": {"uv": [0, 0, 1, 16], "rotation": 90, "texture": "#6"},
				"up": {"uv": [0, 0, 1, 16], "rotation": 180, "texture": "#6"},
				"down": {"uv": [0, 0, 1, 16], "texture": "#6"}
			}
		},
		{
			"from": [14, 8, 27],
			"to": [15, 13, 28],
			"faces": {
				"north": {"uv": [0, 0, 1, 7], "texture": "#8"},
				"east": {"uv": [0, 0, 1, 7], "texture": "#8"},
				"south": {"uv": [0, 0, 1, 7], "texture": "#8"},
				"west": {"uv": [0, 0, 1, 7], "texture": "#8"},
				"up": {"uv": [0, 0, 1, 1], "texture": "#8"},
				"down": {"uv": [0, 0, 1, 1], "texture": "#8"}
			}
		},
		{
			"from": [3, 7, 27],
			"to": [14, 13, 28],
			"faces": {
				"north": {"uv": [0, 0, 11, 9], "texture": "#8"},
				"east": {"uv": [0, 0, 1, 9], "texture": "#8"},
				"south": {"uv": [0, 0, 11, 9], "texture": "#8"},
				"west": {"uv": [0, 0, 1, 9], "texture": "#8"},
				"up": {"uv": [0, 0, 11, 1], "texture": "#8"},
				"down": {"uv": [0, 0, 11, 1], "texture": "#8"}
			}
		},
		{
			"from": [3, 6, 25],
			"to": [6, 7, 27],
			"faces": {
				"north": {"uv": [0, 0, 3, 1], "texture": "#8"},
				"east": {"uv": [0, 0, 2, 1], "texture": "#8"},
				"south": {"uv": [0, 0, 3, 1], "texture": "#8"},
				"west": {"uv": [0, 0, 2, 1], "texture": "#8"},
				"up": {"uv": [0, 0, 3, 2], "texture": "#8"},
				"down": {"uv": [0, 0, 3, 2], "texture": "#8"}
			}
		},
		{
			"from": [6, 6, 27],
			"to": [11, 7, 28],
			"faces": {
				"north": {"uv": [0, 0, 5, 1], "texture": "#8"},
				"east": {"uv": [0, 0, 1, 1], "texture": "#8"},
				"south": {"uv": [0, 0, 5, 1], "texture": "#8"},
				"west": {"uv": [0, 0, 1, 1], "texture": "#8"},
				"up": {"uv": [0, 0, 5, 1], "texture": "#8"},
				"down": {"uv": [0, 0, 5, 1], "texture": "#8"}
			}
		},
		{
			"from": [6, 7, 25],
			"to": [11, 8, 27],
			"faces": {
				"north": {"uv": [0, 0, 5, 1], "texture": "#8"},
				"east": {"uv": [0, 0, 2, 1], "texture": "#8"},
				"south": {"uv": [0, 0, 5, 1], "texture": "#8"},
				"west": {"uv": [0, 0, 2, 1], "texture": "#8"},
				"up": {"uv": [0, 0, 5, 2], "texture": "#8"},
				"down": {"uv": [0, 0, 5, 2], "texture": "#8"}
			}
		},
		{
			"from": [2, 7, 25],
			"to": [3, 8, 27],
			"faces": {
				"north": {"uv": [0, 0, 1, 1], "texture": "#8"},
				"east": {"uv": [0, 0, 2, 1], "texture": "#8"},
				"south": {"uv": [0, 0, 1, 1], "texture": "#8"},
				"west": {"uv": [0, 0, 2, 1], "texture": "#8"},
				"up": {"uv": [0, 0, 1, 2], "texture": "#8"},
				"down": {"uv": [0, 0, 1, 2], "texture": "#8"}
			}
		},
		{
			"from": [1, 8, 25],
			"to": [2, 10, 27],
			"faces": {
				"north": {"uv": [0, 0, 1, 2], "texture": "#8"},
				"east": {"uv": [0, 0, 2, 2], "texture": "#8"},
				"south": {"uv": [0, 0, 1, 2], "texture": "#8"},
				"west": {"uv": [0, 0, 2, 2], "texture": "#8"},
				"up": {"uv": [0, 0, 1, 2], "texture": "#8"},
				"down": {"uv": [0, 0, 1, 2], "texture": "#8"}
			}
		},
		{
			"from": [2, 8, 27],
			"to": [3, 13, 28],
			"faces": {
				"north": {"uv": [0, 0, 1, 7], "texture": "#8"},
				"east": {"uv": [0, 0, 1, 7], "texture": "#8"},
				"south": {"uv": [0, 0, 1, 7], "texture": "#8"},
				"west": {"uv": [0, 0, 1, 7], "texture": "#8"},
				"up": {"uv": [0, 0, 1, 1], "texture": "#8"},
				"down": {"uv": [0, 0, 1, 1], "texture": "#8"}
			}
		},
		{
			"from": [1, 10, 25],
			"to": [2, 11, 27],
			"faces": {
				"north": {"uv": [0, 0, 1, 3], "texture": "#8"},
				"east": {"uv": [0, 0, 2, 3], "texture": "#8"},
				"south": {"uv": [0, 0, 1, 3], "texture": "#8"},
				"west": {"uv": [0, 0, 2, 3], "texture": "#8"},
				"up": {"uv": [0, 0, 1, 2], "texture": "#8"},
				"down": {"uv": [0, 0, 1, 2], "texture": "#8"}
			}
		},
		{
			"from": [1, 11, 25],
			"to": [2, 13, 27],
			"faces": {
				"north": {"uv": [0, 0, 1, 2], "texture": "#8"},
				"east": {"uv": [0, 0, 2, 2], "texture": "#8"},
				"south": {"uv": [0, 0, 1, 2], "texture": "#8"},
				"west": {"uv": [0, 0, 2, 2], "texture": "#8"},
				"up": {"uv": [0, 0, 1, 2], "texture": "#8"},
				"down": {"uv": [0, 0, 1, 2], "texture": "#8"}
			}
		},
		{
			"from": [2, 13, 25],
			"to": [15, 15, 27],
			"faces": {
				"north": {"uv": [0, 0, 1, 1], "texture": "#8"},
				"east": {"uv": [0, 0, 2, 1], "texture": "#8"},
				"south": {"uv": [0, 0, 1, 1], "texture": "#8"},
				"west": {"uv": [0, 0, 2, 1], "texture": "#8"},
				"up": {"uv": [0, 0, 1, 2], "texture": "#8"},
				"down": {"uv": [0, 0, 1, 2], "texture": "#8"}
			}
		},
		{
			"from": [15, 11, 25],
			"to": [16, 13, 27],
			"faces": {
				"north": {"uv": [0, 0, 1, 2], "texture": "#8"},
				"east": {"uv": [0, 0, 2, 2], "texture": "#8"},
				"south": {"uv": [0, 0, 1, 2], "texture": "#8"},
				"west": {"uv": [0, 0, 2, 2], "texture": "#8"},
				"up": {"uv": [0, 0, 1, 2], "texture": "#8"},
				"down": {"uv": [0, 0, 1, 2], "texture": "#8"}
			}
		},
		{
			"from": [15, 10, 25],
			"to": [16, 11, 27],
			"faces": {
				"north": {"uv": [0, 0, 1, 3], "texture": "#8"},
				"east": {"uv": [0, 0, 2, 3], "texture": "#8"},
				"south": {"uv": [0, 0, 1, 3], "texture": "#8"},
				"west": {"uv": [0, 0, 2, 3], "texture": "#8"},
				"up": {"uv": [0, 0, 1, 2], "texture": "#8"},
				"down": {"uv": [0, 0, 1, 2], "texture": "#8"}
			}
		},
		{
			"from": [15, 8, 25],
			"to": [16, 10, 27],
			"faces": {
				"north": {"uv": [0, 0, 1, 2], "texture": "#8"},
				"east": {"uv": [0, 0, 2, 2], "texture": "#8"},
				"south": {"uv": [0, 0, 1, 2], "texture": "#8"},
				"west": {"uv": [0, 0, 2, 2], "texture": "#8"},
				"up": {"uv": [0, 0, 1, 2], "texture": "#8"},
				"down": {"uv": [0, 0, 1, 2], "texture": "#8"}
			}
		},
		{
			"from": [14, 7, 25],
			"to": [15, 8, 27],
			"faces": {
				"north": {"uv": [0, 0, 1, 1], "texture": "#8"},
				"east": {"uv": [0, 0, 2, 1], "texture": "#8"},
				"south": {"uv": [0, 0, 1, 1], "texture": "#8"},
				"west": {"uv": [0, 0, 2, 1], "texture": "#8"},
				"up": {"uv": [0, 0, 1, 2], "texture": "#8"},
				"down": {"uv": [0, 0, 1, 2], "texture": "#8"}
			}
		},
		{
			"from": [11, 6, 25],
			"to": [14, 7, 27],
			"faces": {
				"north": {"uv": [0, 0, 3, 1], "texture": "#8"},
				"east": {"uv": [0, 0, 2, 1], "texture": "#8"},
				"south": {"uv": [0, 0, 3, 1], "texture": "#8"},
				"west": {"uv": [0, 0, 2, 1], "texture": "#8"},
				"up": {"uv": [0, 0, 3, 2], "texture": "#8"},
				"down": {"uv": [0, 0, 3, 2], "texture": "#8"}
			}
		},
		{
			"from": [4, 15, -5],
			"to": [13, 16, 23],
			"faces": {
				"north": {"uv": [0, 0, 11, 2], "texture": "#8"},
				"east": {"uv": [0, 0, 16, 2], "texture": "#8"},
				"south": {"uv": [0, 0, 11, 2], "texture": "#8"},
				"west": {"uv": [0, 0, 16, 2], "texture": "#8"},
				"up": {"uv": [0, 0, 11, 16], "texture": "#8"},
				"down": {"uv": [0, 0, 11, 16], "texture": "#8"}
			}
		},
		{
			"from": [13, 15, -3],
			"to": [15, 16, 21],
			"faces": {
				"north": {"uv": [0, 0, 2, 1], "texture": "#8"},
				"east": {"uv": [0, 0, 16, 1], "texture": "#8"},
				"south": {"uv": [0, 0, 2, 1], "texture": "#8"},
				"west": {"uv": [0, 0, 16, 1], "texture": "#8"},
				"up": {"uv": [0, 0, 2, 16], "texture": "#8"},
				"down": {"uv": [0, 0, 2, 16], "texture": "#8"}
			}
		},
		{
			"from": [13, 14, -5],
			"to": [15, 15, 23],
			"faces": {
				"north": {"uv": [0, 0, 2, 1], "texture": "#8"},
				"east": {"uv": [0, 0, 16, 1], "texture": "#8"},
				"south": {"uv": [0, 0, 2, 1], "texture": "#8"},
				"west": {"uv": [0, 0, 16, 1], "texture": "#8"},
				"up": {"uv": [0, 0, 2, 16], "texture": "#8"},
				"down": {"uv": [0, 0, 2, 16], "texture": "#8"}
			}
		},
		{
			"from": [14, 13, -5],
			"to": [16, 14, 23],
			"faces": {
				"north": {"uv": [0, 0, 2, 1], "texture": "#8"},
				"east": {"uv": [0, 0, 16, 1], "texture": "#8"},
				"south": {"uv": [0, 0, 2, 1], "texture": "#8"},
				"west": {"uv": [0, 0, 16, 1], "texture": "#8"},
				"up": {"uv": [0, 0, 2, 16], "texture": "#8"},
				"down": {"uv": [0, 0, 2, 16], "texture": "#8"}
			}
		},
		{
			"from": [14, 14, -1],
			"to": [16, 15, 19],
			"faces": {
				"north": {"uv": [0, 0, 2, 1], "texture": "#8"},
				"east": {"uv": [0, 0, 16, 1], "texture": "#8"},
				"south": {"uv": [0, 0, 2, 1], "texture": "#8"},
				"west": {"uv": [0, 0, 16, 1], "texture": "#8"},
				"up": {"uv": [0, 0, 2, 16], "texture": "#8"},
				"down": {"uv": [0, 0, 2, 16], "texture": "#8"}
			}
		},
		{
			"from": [14, 11, -5],
			"to": [16, 13, 23],
			"faces": {
				"north": {"uv": [0, 0, 2, 5], "texture": "#8"},
				"east": {"uv": [0, 0, 16, 5], "texture": "#8"},
				"south": {"uv": [0, 0, 2, 5], "texture": "#8"},
				"west": {"uv": [0, 0, 16, 5], "texture": "#8"},
				"up": {"uv": [0, 0, 2, 16], "texture": "#8"},
				"down": {"uv": [0, 0, 2, 16], "texture": "#8"}
			}
		},
		{
			"from": [14, 10, -5],
			"to": [16, 11, 23],
			"faces": {
				"north": {"uv": [0, 0, 2, 1], "texture": "#8"},
				"east": {"uv": [0, 0, 16, 1], "texture": "#8"},
				"south": {"uv": [0, 0, 2, 1], "texture": "#8"},
				"west": {"uv": [0, 0, 16, 1], "texture": "#8"},
				"up": {"uv": [0, 0, 2, 16], "texture": "#8"},
				"down": {"uv": [0, 0, 2, 16], "texture": "#8"}
			}
		},
		{
			"from": [14, 9, -1],
			"to": [16, 10, 19],
			"faces": {
				"north": {"uv": [0, 0, 2, 1], "texture": "#8"},
				"east": {"uv": [0, 0, 16, 1], "texture": "#8"},
				"south": {"uv": [0, 0, 2, 1], "texture": "#8"},
				"west": {"uv": [0, 0, 16, 1], "texture": "#8"},
				"up": {"uv": [0, 0, 2, 16], "texture": "#8"},
				"down": {"uv": [0, 0, 2, 16], "texture": "#8"}
			}
		},
		{
			"from": [13, 7.9, -5],
			"to": [15, 8.9, 23],
			"faces": {
				"north": {"uv": [0, 0, 2, 1], "texture": "#8"},
				"east": {"uv": [0, 0, 16, 1], "texture": "#8"},
				"south": {"uv": [0, 0, 2, 1], "texture": "#8"},
				"west": {"uv": [0, 0, 16, 1], "texture": "#8"},
				"up": {"uv": [0, 0, 2, 16], "texture": "#8"},
				"down": {"uv": [0, 0, 2, 16], "texture": "#8"}
			}
		},
		{
			"from": [13, 8.9, -5],
			"to": [15, 9.9, 23],
			"faces": {
				"north": {"uv": [0, 0, 2, 1], "texture": "#8"},
				"east": {"uv": [0, 0, 16, 1], "texture": "#8"},
				"south": {"uv": [0, 0, 2, 1], "texture": "#8"},
				"west": {"uv": [0, 0, 16, 1], "texture": "#8"},
				"up": {"uv": [0, 0, 2, 16], "texture": "#8"},
				"down": {"uv": [0, 0, 2, 16], "texture": "#8"}
			}
		},
		{
			"from": [3, 8, -2],
			"to": [14, 10, 20],
			"faces": {
				"north": {"uv": [0, 0, 11, 2], "texture": "#8"},
				"east": {"uv": [0, 0, 16, 2], "texture": "#8"},
				"south": {"uv": [0, 0, 11, 2], "texture": "#8"},
				"west": {"uv": [0, 0, 16, 2], "texture": "#8"},
				"up": {"uv": [0, 0, 11, 16], "texture": "#8"},
				"down": {"uv": [0, 0, 11, 16], "texture": "#8"}
			}
		},
		{
			"from": [3, 7, 18],
			"to": [14, 9, 23],
			"faces": {
				"north": {"uv": [0, 0, 11, 2], "texture": "#8"},
				"east": {"uv": [0, 0, 16, 2], "texture": "#8"},
				"south": {"uv": [0, 0, 11, 2], "texture": "#8"},
				"west": {"uv": [0, 0, 16, 2], "texture": "#8"},
				"up": {"uv": [0, 0, 11, 16], "texture": "#8"},
				"down": {"uv": [0, 0, 11, 16], "texture": "#8"}
			}
		},
		{
			"from": [3, 7, -5],
			"to": [14, 9, 0],
			"faces": {
				"north": {"uv": [0, 0, 11, 2], "texture": "#8"},
				"east": {"uv": [0, 0, 16, 2], "texture": "#8"},
				"south": {"uv": [0, 0, 11, 2], "texture": "#8"},
				"west": {"uv": [0, 0, 16, 2], "texture": "#8"},
				"up": {"uv": [0, 0, 11, 16], "texture": "#8"},
				"down": {"uv": [0, 0, 11, 16], "texture": "#8"}
			}
		},
		{
			"from": [2, 7.9, -3],
			"to": [4, 8.9, 21],
			"faces": {
				"north": {"uv": [0, 0, 2, 1], "texture": "#8"},
				"east": {"uv": [0, 0, 16, 1], "texture": "#8"},
				"south": {"uv": [0, 0, 2, 1], "texture": "#8"},
				"west": {"uv": [0, 0, 16, 1], "texture": "#8"},
				"up": {"uv": [0, 0, 2, 16], "texture": "#8"},
				"down": {"uv": [0, 0, 2, 16], "texture": "#8"}
			}
		},
		{
			"from": [2, 8.9, -5],
			"to": [4, 9.9, 23],
			"faces": {
				"north": {"uv": [0, 0, 2, 1], "texture": "#8"},
				"east": {"uv": [0, 0, 16, 1], "texture": "#8"},
				"south": {"uv": [0, 0, 2, 1], "texture": "#8"},
				"west": {"uv": [0, 0, 16, 1], "texture": "#8"},
				"up": {"uv": [0, 0, 2, 16], "texture": "#8"},
				"down": {"uv": [0, 0, 2, 16], "texture": "#8"}
			}
		},
		{
			"from": [1, 9, -1],
			"to": [3, 10, 19],
			"faces": {
				"north": {"uv": [0, 0, 2, 1], "texture": "#8"},
				"east": {"uv": [0, 0, 16, 1], "texture": "#8"},
				"south": {"uv": [0, 0, 2, 1], "texture": "#8"},
				"west": {"uv": [0, 0, 16, 1], "texture": "#8"},
				"up": {"uv": [0, 0, 2, 16], "texture": "#8"},
				"down": {"uv": [0, 0, 2, 16], "texture": "#8"}
			}
		},
		{
			"from": [1, 10, -5],
			"to": [3, 11, 23],
			"faces": {
				"north": {"uv": [0, 0, 2, 1], "texture": "#8"},
				"east": {"uv": [0, 0, 16, 1], "texture": "#8"},
				"south": {"uv": [0, 0, 2, 1], "texture": "#8"},
				"west": {"uv": [0, 0, 16, 1], "texture": "#8"},
				"up": {"uv": [0, 0, 2, 16], "texture": "#8"},
				"down": {"uv": [0, 0, 2, 16], "texture": "#8"}
			}
		},
		{
			"from": [1, 11, -5],
			"to": [3, 13, 23],
			"faces": {
				"north": {"uv": [0, 0, 2, 5], "texture": "#8"},
				"east": {"uv": [0, 0, 16, 5], "texture": "#8"},
				"south": {"uv": [0, 0, 2, 5], "texture": "#8"},
				"west": {"uv": [0, 0, 16, 5], "texture": "#8"},
				"up": {"uv": [0, 0, 2, 16], "texture": "#8"},
				"down": {"uv": [0, 0, 2, 16], "texture": "#8"}
			}
		},
		{
			"from": [1, 13, -5],
			"to": [3, 14, 23],
			"faces": {
				"north": {"uv": [0, 0, 2, 1], "texture": "#8"},
				"east": {"uv": [0, 0, 16, 1], "texture": "#8"},
				"south": {"uv": [0, 0, 2, 1], "texture": "#8"},
				"west": {"uv": [0, 0, 16, 1], "texture": "#8"},
				"up": {"uv": [0, 0, 2, 16], "texture": "#8"},
				"down": {"uv": [0, 0, 2, 16], "texture": "#8"}
			}
		},
		{
			"from": [1, 14, -1],
			"to": [3, 15, 19],
			"faces": {
				"north": {"uv": [0, 0, 2, 1], "texture": "#8"},
				"east": {"uv": [0, 0, 16, 1], "texture": "#8"},
				"south": {"uv": [0, 0, 2, 1], "texture": "#8"},
				"west": {"uv": [0, 0, 16, 1], "texture": "#8"},
				"up": {"uv": [0, 0, 2, 16], "texture": "#8"},
				"down": {"uv": [0, 0, 2, 16], "texture": "#8"}
			}
		},
		{
			"from": [2, 15, -3],
			"to": [4, 16, 21],
			"faces": {
				"north": {"uv": [0, 0, 2, 1], "texture": "#8"},
				"east": {"uv": [0, 0, 16, 1], "texture": "#8"},
				"south": {"uv": [0, 0, 2, 1], "texture": "#8"},
				"west": {"uv": [0, 0, 16, 1], "texture": "#8"},
				"up": {"uv": [0, 0, 2, 16], "texture": "#8"},
				"down": {"uv": [0, 0, 2, 16], "texture": "#8"}
			}
		},
		{
			"from": [2, 14, -5],
			"to": [4, 15, 23],
			"faces": {
				"north": {"uv": [0, 0, 2, 1], "texture": "#8"},
				"east": {"uv": [0, 0, 16, 1], "texture": "#8"},
				"south": {"uv": [0, 0, 2, 1], "texture": "#8"},
				"west": {"uv": [0, 0, 16, 1], "texture": "#8"},
				"up": {"uv": [0, 0, 2, 16], "texture": "#8"},
				"down": {"uv": [0, 0, 2, 16], "texture": "#8"}
			}
		},
		{
			"from": [1, 12, -9],
			"to": [2, 13, -7],
			"faces": {
				"north": {"uv": [0, 0, 1, 3], "texture": "#8"},
				"east": {"uv": [0, 0, 2, 3], "texture": "#8"},
				"south": {"uv": [0, 0, 1, 3], "texture": "#8"},
				"west": {"uv": [0, 0, 2, 3], "texture": "#8"},
				"up": {"uv": [0, 0, 1, 2], "texture": "#8"},
				"down": {"uv": [0, 0, 1, 2], "texture": "#8"}
			}
		},
		{
			"from": [1, 13, -9],
			"to": [2, 15, -7],
			"faces": {
				"north": {"uv": [0, 0, 1, 2], "texture": "#8"},
				"east": {"uv": [0, 0, 2, 2], "texture": "#8"},
				"south": {"uv": [0, 0, 1, 2], "texture": "#8"},
				"west": {"uv": [0, 0, 2, 2], "texture": "#8"},
				"up": {"uv": [0, 0, 1, 2], "texture": "#8"},
				"down": {"uv": [0, 0, 1, 2], "texture": "#8"}
			}
		},
		{
			"from": [3, 9, -10],
			"to": [14, 15, -9],
			"faces": {
				"north": {"uv": [0, 0, 11, 9], "texture": "#8"},
				"east": {"uv": [0, 0, 1, 9], "texture": "#8"},
				"south": {"uv": [0, 0, 11, 9], "texture": "#8"},
				"west": {"uv": [0, 0, 1, 9], "texture": "#8"},
				"up": {"uv": [0, 0, 11, 1], "texture": "#8"},
				"down": {"uv": [0, 0, 11, 1], "texture": "#8"}
			}
		},
		{
			"from": [2, 10, -10],
			"to": [3, 15, -9],
			"faces": {
				"north": {"uv": [0, 0, 1, 7], "texture": "#8"},
				"east": {"uv": [0, 0, 1, 7], "texture": "#8"},
				"south": {"uv": [0, 0, 1, 7], "texture": "#8"},
				"west": {"uv": [0, 0, 1, 7], "texture": "#8"},
				"up": {"uv": [0, 0, 1, 1], "texture": "#8"},
				"down": {"uv": [0, 0, 1, 1], "texture": "#8"}
			}
		},
		{
			"from": [1, 10, -9],
			"to": [2, 12, -7],
			"faces": {
				"north": {"uv": [0, 0, 1, 2], "texture": "#8"},
				"east": {"uv": [0, 0, 2, 2], "texture": "#8"},
				"south": {"uv": [0, 0, 1, 2], "texture": "#8"},
				"west": {"uv": [0, 0, 2, 2], "texture": "#8"},
				"up": {"uv": [0, 0, 1, 2], "texture": "#8"},
				"down": {"uv": [0, 0, 1, 2], "texture": "#8"}
			}
		},
		{
			"from": [2, 9, -9],
			"to": [3, 10, -7],
			"faces": {
				"north": {"uv": [0, 0, 1, 1], "texture": "#8"},
				"east": {"uv": [0, 0, 2, 1], "texture": "#8"},
				"south": {"uv": [0, 0, 1, 1], "texture": "#8"},
				"west": {"uv": [0, 0, 2, 1], "texture": "#8"},
				"up": {"uv": [0, 0, 1, 2], "texture": "#8"},
				"down": {"uv": [0, 0, 1, 2], "texture": "#8"}
			}
		},
		{
			"from": [3, 8, -9],
			"to": [6, 9, -7],
			"faces": {
				"north": {"uv": [0, 0, 3, 1], "texture": "#8"},
				"east": {"uv": [0, 0, 2, 1], "texture": "#8"},
				"south": {"uv": [0, 0, 3, 1], "texture": "#8"},
				"west": {"uv": [0, 0, 2, 1], "texture": "#8"},
				"up": {"uv": [0, 0, 3, 2], "texture": "#8"},
				"down": {"uv": [0, 0, 3, 2], "texture": "#8"}
			}
		},
		{
			"from": [6, 8, -10],
			"to": [11, 9, -9],
			"faces": {
				"north": {"uv": [0, 0, 5, 1], "texture": "#8"},
				"east": {"uv": [0, 0, 1, 1], "texture": "#8"},
				"south": {"uv": [0, 0, 5, 1], "texture": "#8"},
				"west": {"uv": [0, 0, 1, 1], "texture": "#8"},
				"up": {"uv": [0, 0, 5, 1], "texture": "#8"},
				"down": {"uv": [0, 0, 5, 1], "texture": "#8"}
			}
		},
		{
			"from": [6, 7, -9],
			"to": [11, 8, -7],
			"faces": {
				"north": {"uv": [0, 0, 5, 1], "texture": "#8"},
				"east": {"uv": [0, 0, 2, 1], "texture": "#8"},
				"south": {"uv": [0, 0, 5, 1], "texture": "#8"},
				"west": {"uv": [0, 0, 2, 1], "texture": "#8"},
				"up": {"uv": [0, 0, 5, 2], "texture": "#8"},
				"down": {"uv": [0, 0, 5, 2], "texture": "#8"}
			}
		},
		{
			"from": [11, 8, -9],
			"to": [14, 9, -7],
			"faces": {
				"north": {"uv": [0, 0, 3, 1], "texture": "#8"},
				"east": {"uv": [0, 0, 2, 1], "texture": "#8"},
				"south": {"uv": [0, 0, 3, 1], "texture": "#8"},
				"west": {"uv": [0, 0, 2, 1], "texture": "#8"},
				"up": {"uv": [0, 0, 3, 2], "texture": "#8"},
				"down": {"uv": [0, 0, 3, 2], "texture": "#8"}
			}
		},
		{
			"from": [14, 9, -9],
			"to": [15, 10, -7],
			"faces": {
				"north": {"uv": [0, 0, 1, 1], "texture": "#8"},
				"east": {"uv": [0, 0, 2, 1], "texture": "#8"},
				"south": {"uv": [0, 0, 1, 1], "texture": "#8"},
				"west": {"uv": [0, 0, 2, 1], "texture": "#8"},
				"up": {"uv": [0, 0, 1, 2], "texture": "#8"},
				"down": {"uv": [0, 0, 1, 2], "texture": "#8"}
			}
		},
		{
			"from": [15, 10, -9],
			"to": [16, 12, -7],
			"faces": {
				"north": {"uv": [0, 0, 1, 2], "texture": "#8"},
				"east": {"uv": [0, 0, 2, 2], "texture": "#8"},
				"south": {"uv": [0, 0, 1, 2], "texture": "#8"},
				"west": {"uv": [0, 0, 2, 2], "texture": "#8"},
				"up": {"uv": [0, 0, 1, 2], "texture": "#8"},
				"down": {"uv": [0, 0, 1, 2], "texture": "#8"}
			}
		},
		{
			"from": [14, 10, -10],
			"to": [15, 15, -9],
			"faces": {
				"north": {"uv": [0, 0, 1, 7], "texture": "#8"},
				"east": {"uv": [0, 0, 1, 7], "texture": "#8"},
				"south": {"uv": [0, 0, 1, 7], "texture": "#8"},
				"west": {"uv": [0, 0, 1, 7], "texture": "#8"},
				"up": {"uv": [0, 0, 1, 1], "texture": "#8"},
				"down": {"uv": [0, 0, 1, 1], "texture": "#8"}
			}
		},
		{
			"from": [15, 12, -9],
			"to": [16, 13, -7],
			"faces": {
				"north": {"uv": [0, 0, 1, 3], "texture": "#8"},
				"east": {"uv": [0, 0, 2, 3], "texture": "#8"},
				"south": {"uv": [0, 0, 1, 3], "texture": "#8"},
				"west": {"uv": [0, 0, 2, 3], "texture": "#8"},
				"up": {"uv": [0, 0, 1, 2], "texture": "#8"},
				"down": {"uv": [0, 0, 1, 2], "texture": "#8"}
			}
		},
		{
			"from": [15, 13, -9],
			"to": [16, 15, -7],
			"faces": {
				"north": {"uv": [0, 0, 1, 2], "texture": "#8"},
				"east": {"uv": [0, 0, 2, 2], "texture": "#8"},
				"south": {"uv": [0, 0, 1, 2], "texture": "#8"},
				"west": {"uv": [0, 0, 2, 2], "texture": "#8"},
				"up": {"uv": [0, 0, 1, 2], "texture": "#8"},
				"down": {"uv": [0, 0, 1, 2], "texture": "#8"}
			}
		},
		{
			"from": [2, 15, -9],
			"to": [15, 16, -7],
			"faces": {
				"north": {"uv": [0, 0, 1, 1], "texture": "#8"},
				"east": {"uv": [0, 0, 2, 1], "texture": "#8"},
				"south": {"uv": [0, 0, 1, 1], "texture": "#8"},
				"west": {"uv": [0, 0, 2, 1], "texture": "#8"},
				"up": {"uv": [0, 0, 1, 2], "texture": "#8"},
				"down": {"uv": [0, 0, 1, 2], "texture": "#8"}
			}
		},
		{
			"from": [1, 10, -7],
			"to": [2, 13, -5],
			"faces": {
				"north": {"uv": [3, 3, 4, 6], "texture": "#7"},
				"east": {"uv": [3, 4, 5, 7], "texture": "#7"},
				"south": {"uv": [5, 4, 6, 7], "texture": "#7"},
				"west": {"uv": [4, 1, 6, 4], "texture": "#7"},
				"up": {"uv": [3, 2, 4, 4], "texture": "#7"},
				"down": {"uv": [4, 3, 5, 5], "texture": "#7"}
			}
		},
		{
			"from": [2, 13, -7],
			"to": [3, 15, -5],
			"faces": {
				"north": {"uv": [3, 3, 4, 5], "texture": "#7"},
				"east": {"uv": [3, 4, 5, 6], "texture": "#7"},
				"south": {"uv": [5, 4, 6, 6], "texture": "#7"},
				"west": {"uv": [4, 1, 6, 3], "texture": "#7"},
				"up": {"uv": [3, 2, 4, 4], "texture": "#7"},
				"down": {"uv": [4, 3, 5, 5], "texture": "#7"}
			}
		},
		{
			"from": [3, 15, -7],
			"to": [14, 16, -5],
			"faces": {
				"north": {"uv": [3, 3, 7, 4], "texture": "#7"},
				"east": {"uv": [3, 4, 5, 5], "texture": "#7"},
				"south": {"uv": [5, 4, 9, 5], "texture": "#7"},
				"west": {"uv": [4, 1, 6, 2], "texture": "#7"},
				"up": {"uv": [3, 2, 7, 4], "texture": "#7"},
				"down": {"uv": [4, 3, 8, 5], "texture": "#7"}
			}
		},
		{
			"from": [14, 13, -7],
			"to": [15, 15, -5],
			"faces": {
				"north": {"uv": [3, 3, 4, 5], "texture": "#7"},
				"east": {"uv": [3, 4, 5, 6], "texture": "#7"},
				"south": {"uv": [5, 4, 6, 6], "texture": "#7"},
				"west": {"uv": [4, 1, 6, 3], "texture": "#7"},
				"up": {"uv": [3, 2, 4, 4], "texture": "#7"},
				"down": {"uv": [4, 3, 5, 5], "texture": "#7"}
			}
		},
		{
			"from": [15, 10, -7],
			"to": [16, 13, -5],
			"faces": {
				"north": {"uv": [3, 3, 4, 6], "texture": "#7"},
				"east": {"uv": [3, 4, 5, 7], "texture": "#7"},
				"south": {"uv": [5, 4, 6, 7], "texture": "#7"},
				"west": {"uv": [4, 1, 6, 4], "texture": "#7"},
				"up": {"uv": [3, 2, 4, 4], "texture": "#7"},
				"down": {"uv": [4, 3, 5, 5], "texture": "#7"}
			}
		},
		{
			"from": [14, 8, -7],
			"to": [15, 10, -5],
			"faces": {
				"north": {"uv": [3, 3, 4, 5], "texture": "#7"},
				"east": {"uv": [3, 4, 5, 6], "texture": "#7"},
				"south": {"uv": [5, 4, 6, 6], "texture": "#7"},
				"west": {"uv": [4, 1, 6, 3], "texture": "#7"},
				"up": {"uv": [3, 2, 4, 4], "texture": "#7"},
				"down": {"uv": [4, 3, 5, 5], "texture": "#7"}
			}
		},
		{
			"from": [10, 7, -7],
			"to": [14, 8, -5],
			"faces": {
				"north": {"uv": [3, 3, 7, 4], "texture": "#7"},
				"east": {"uv": [3, 4, 5, 5], "texture": "#7"},
				"south": {"uv": [5, 4, 9, 5], "texture": "#7"},
				"west": {"uv": [4, 1, 6, 2], "texture": "#7"},
				"up": {"uv": [3, 2, 7, 4], "texture": "#7"},
				"down": {"uv": [4, 3, 8, 5], "texture": "#7"}
			}
		},
		{
			"from": [6, 6, -7],
			"to": [11, 7, -5],
			"faces": {
				"north": {"uv": [3, 3, 8, 4], "texture": "#7"},
				"east": {"uv": [3, 4, 5, 5], "texture": "#7"},
				"south": {"uv": [5, 4, 10, 5], "texture": "#7"},
				"west": {"uv": [4, 1, 6, 2], "texture": "#7"},
				"up": {"uv": [3, 2, 8, 4], "texture": "#7"},
				"down": {"uv": [4, 3, 9, 5], "texture": "#7"}
			}
		},
		{
			"from": [3, 7, -7],
			"to": [7, 8, -5],
			"faces": {
				"north": {"uv": [3, 3, 7, 4], "texture": "#7"},
				"east": {"uv": [3, 4, 5, 5], "texture": "#7"},
				"south": {"uv": [5, 4, 9, 5], "texture": "#7"},
				"west": {"uv": [4, 1, 6, 2], "texture": "#7"},
				"up": {"uv": [3, 2, 7, 4], "texture": "#7"},
				"down": {"uv": [4, 3, 8, 5], "texture": "#7"}
			}
		},
		{
			"from": [2, 8, -7],
			"to": [3, 10, -5],
			"faces": {
				"north": {"uv": [3, 3, 4, 5], "texture": "#7"},
				"east": {"uv": [3, 4, 5, 6], "texture": "#7"},
				"south": {"uv": [5, 4, 6, 6], "texture": "#7"},
				"west": {"uv": [4, 1, 6, 3], "texture": "#7"},
				"up": {"uv": [3, 2, 4, 4], "texture": "#7"},
				"down": {"uv": [4, 3, 5, 5], "texture": "#7"}
			}
		},
		{
			"from": [3, 15, 23],
			"to": [14, 16, 25],
			"faces": {
				"north": {"uv": [7, 3, 11, 4], "texture": "#7"},
				"east": {"uv": [6, 3, 8, 4], "texture": "#7"},
				"south": {"uv": [7, 3, 11, 4], "texture": "#7"},
				"west": {"uv": [4, 4, 6, 5], "texture": "#7"},
				"up": {"uv": [6, 3, 10, 5], "texture": "#7"},
				"down": {"uv": [6, 3, 10, 5], "texture": "#7"}
			}
		},
		{
			"from": [2, 13, 23],
			"to": [3, 15, 25],
			"faces": {
				"north": {"uv": [7, 3, 8, 5], "texture": "#7"},
				"east": {"uv": [6, 3, 8, 5], "texture": "#7"},
				"south": {"uv": [7, 3, 8, 5], "texture": "#7"},
				"west": {"uv": [4, 4, 6, 6], "texture": "#7"},
				"up": {"uv": [6, 3, 7, 5], "texture": "#7"},
				"down": {"uv": [6, 3, 7, 5], "texture": "#7"}
			}
		},
		{
			"from": [1, 10, 23],
			"to": [2, 13, 25],
			"faces": {
				"north": {"uv": [7, 3, 8, 6], "texture": "#7"},
				"east": {"uv": [6, 3, 8, 6], "texture": "#7"},
				"south": {"uv": [7, 3, 8, 6], "texture": "#7"},
				"west": {"uv": [4, 4, 6, 7], "texture": "#7"},
				"up": {"uv": [6, 3, 7, 5], "texture": "#7"},
				"down": {"uv": [6, 3, 7, 5], "texture": "#7"}
			}
		},
		{
			"from": [14, 13, 23],
			"to": [15, 15, 25],
			"faces": {
				"north": {"uv": [7, 3, 8, 5], "texture": "#7"},
				"east": {"uv": [6, 3, 8, 5], "texture": "#7"},
				"south": {"uv": [7, 3, 8, 5], "texture": "#7"},
				"west": {"uv": [4, 4, 6, 6], "texture": "#7"},
				"up": {"uv": [6, 3, 7, 5], "texture": "#7"},
				"down": {"uv": [6, 3, 7, 5], "texture": "#7"}
			}
		},
		{
			"from": [15, 10, 23],
			"to": [16, 13, 25],
			"faces": {
				"north": {"uv": [7, 3, 8, 6], "texture": "#7"},
				"east": {"uv": [6, 3, 8, 6], "texture": "#7"},
				"south": {"uv": [7, 3, 8, 6], "texture": "#7"},
				"west": {"uv": [4, 4, 6, 7], "texture": "#7"},
				"up": {"uv": [6, 3, 7, 5], "texture": "#7"},
				"down": {"uv": [6, 3, 7, 5], "texture": "#7"}
			}
		},
		{
			"from": [14, 8, 23],
			"to": [15, 10, 25],
			"faces": {
				"north": {"uv": [7, 3, 8, 5], "texture": "#7"},
				"east": {"uv": [6, 3, 8, 5], "texture": "#7"},
				"south": {"uv": [7, 3, 8, 5], "texture": "#7"},
				"west": {"uv": [4, 4, 6, 6], "texture": "#7"},
				"up": {"uv": [6, 3, 7, 5], "texture": "#7"},
				"down": {"uv": [6, 3, 7, 5], "texture": "#7"}
			}
		},
		{
			"from": [10, 7, 23],
			"to": [14, 8, 25],
			"faces": {
				"north": {"uv": [7, 3, 11, 4], "texture": "#7"},
				"east": {"uv": [6, 3, 8, 4], "texture": "#7"},
				"south": {"uv": [7, 3, 11, 4], "texture": "#7"},
				"west": {"uv": [4, 4, 6, 5], "texture": "#7"},
				"up": {"uv": [6, 3, 10, 5], "texture": "#7"},
				"down": {"uv": [6, 3, 10, 5], "texture": "#7"}
			}
		},
		{
			"from": [6, 6, 23],
			"to": [11, 7, 25],
			"faces": {
				"north": {"uv": [7, 3, 12, 4], "texture": "#7"},
				"east": {"uv": [6, 3, 8, 4], "texture": "#7"},
				"south": {"uv": [7, 3, 12, 4], "texture": "#7"},
				"west": {"uv": [4, 4, 6, 5], "texture": "#7"},
				"up": {"uv": [6, 3, 11, 5], "texture": "#7"},
				"down": {"uv": [6, 3, 11, 5], "texture": "#7"}
			}
		},
		{
			"from": [3, 7, 23],
			"to": [7, 8, 25],
			"faces": {
				"north": {"uv": [7, 3, 11, 4], "texture": "#7"},
				"east": {"uv": [6, 3, 8, 4], "texture": "#7"},
				"south": {"uv": [7, 3, 11, 4], "texture": "#7"},
				"west": {"uv": [4, 4, 6, 5], "texture": "#7"},
				"up": {"uv": [6, 3, 10, 5], "texture": "#7"},
				"down": {"uv": [6, 3, 10, 5], "texture": "#7"}
			}
		},
		{
			"from": [2, 8, 23],
			"to": [3, 10, 25],
			"faces": {
				"north": {"uv": [7, 3, 8, 5], "texture": "#7"},
				"east": {"uv": [6, 3, 8, 5], "texture": "#7"},
				"south": {"uv": [7, 3, 8, 5], "texture": "#7"},
				"west": {"uv": [4, 4, 6, 6], "texture": "#7"},
				"up": {"uv": [6, 3, 7, 5], "texture": "#7"},
				"down": {"uv": [6, 3, 7, 5], "texture": "#7"}
			}
		}
	],
	"display": {
		"thirdperson_righthand": {
			"rotation": [-1, 0, 0]
		},
		"head": {
			"rotation": [0, -180, 0],
			"translation": [0, 60, -2.75],
			"scale": [2.4, 2.4, 2.4]
		}
	},
	"groups": [
		0,
		1,
		2,
		3,
		4,
		5,
		6,
		7,
		8,
		9,
		10,
		11,
		12,
		13,
		14,
		15,
		16,
		17,
		18,
		19,
		20,
		21,
		22,
		23,
		24,
		25,
		26,
		27,
		28,
		29,
		30,
		31,
		32,
		33,
		34,
		35,
		36,
		37,
		38,
		39,
		40,
		41,
		42,
		43,
		44,
		45,
		46,
		47,
		48,
		49,
		50,
		51,
		52,
		53,
		54,
		55,
		56,
		57,
		58,
		59,
		60,
		61,
		62,
		63,
		64,
		65,
		66,
		67,
		68,
		69,
		70,
		71,
		72,
		{
			"name": "balloon",
			"origin": [0, 0, 0],
			"color": 0,
			"children": [73, 74, 75, 76, 77, 78, 79, 80, 81, 82, 83, 84, 85, 86, 87, 88, 89, 90, 91, 92, 93, 94, 95, 96, 97, 98, 99, 100, 101, 102, 103, 104, 105, 106, 107, 108, 109, 110, 111, 112, 113, 114, 115, 116, 117, 118, 119, 120, 121, 122, 123, 124, 125, 126]
		},
		{
			"name": "balloonrings",
			"origin": [0, 0, 0],
			"color": 0,
			"children": [127, 128, 129, 130, 131, 132, 133, 134, 135, 136, 137, 138, 139, 140, 141, 142, 143, 144, 145, 146]
		}
	]
}