{
	"credit": "Made with Blockbench",
	"textures": {
		"1": "block/red_stained_glass",
		"2": "block/barrel_bottom",
		"3": "block/barrel_side",
		"4": "block/barrel_top",
		"5": "block/dead_tube_coral_block",
		"6": "block/netherite_block",
		"7": "block/spruce_planks",
		"8": "block/red_wool",
		"9": "block/orange_wool",
		"10": "entity/skeleton/wither_skeleton",
		"particle": "block/barrel_bottom"
	},
	"elements": [
		{
			"from": [3, 3, 4],
			"to": [4, 11, 13],
			"rotation": {"angle": 0, "axis": "y", "origin": [8, 11, 10]},
			"faces": {
				"north": {"uv": [0, 0, 1, 8], "texture": "#6"},
				"east": {"uv": [0, 0, 9, 8], "texture": "#6"},
				"south": {"uv": [0, 0, 1, 8], "texture": "#6"},
				"west": {"uv": [0, 1, 15, 15], "texture": "#6"},
				"up": {"uv": [0, 0, 1, 9], "texture": "#6"},
				"down": {"uv": [0, 0, 1, 9], "texture": "#6"}
			}
		},
		{
			"from": [12, 3, 4],
			"to": [13, 11, 13],
			"rotation": {"angle": 0, "axis": "y", "origin": [17, 11, 10]},
			"faces": {
				"north": {"uv": [0, 0, 1, 8], "texture": "#6"},
				"east": {"uv": [1, 1, 16, 15], "texture": "#6"},
				"south": {"uv": [0, 0, 1, 8], "texture": "#6"},
				"west": {"uv": [0, 0, 9, 8], "texture": "#6"},
				"up": {"uv": [0, 0, 1, 9], "texture": "#6"},
				"down": {"uv": [0, 0, 1, 9], "texture": "#6"}
			}
		},
		{
			"from": [3, 2, 3],
			"to": [13, 3, 13],
			"rotation": {"angle": 0, "axis": "y", "origin": [9, 3, 10]},
			"faces": {
				"north": {"uv": [0, 0, 16, 1], "texture": "#6"},
				"east": {"uv": [0, 15, 16, 16], "texture": "#6"},
				"south": {"uv": [0, 0, 10, 1], "texture": "#6"},
				"west": {"uv": [0, 0, 16, 1], "texture": "#6"},
				"up": {"uv": [0, 0, 10, 10], "texture": "#6"},
				"down": {"uv": [0, 0, 16, 16], "texture": "#6"}
			}
		},
		{
			"from": [5, 2, 0],
			"to": [11, 3, 3],
			"rotation": {"angle": 0, "axis": "y", "origin": [9, 3, 1]},
			"faces": {
				"north": {"uv": [0, 15, 16, 16], "texture": "#6"},
				"east": {"uv": [0, 15, 16, 16], "texture": "#6"},
				"south": {"uv": [0, 0, 10, 1], "texture": "#6"},
				"west": {"uv": [0, 0, 16, 1], "texture": "#6"},
				"up": {"uv": [0, 0, 10, 10], "texture": "#6"},
				"down": {"uv": [0, 11, 16, 16], "texture": "#6"}
			}
		},
		{
			"from": [3, 11, 3],
			"to": [13, 12, 13],
			"rotation": {"angle": 0, "axis": "y", "origin": [9, 12, 10]},
			"faces": {
				"north": {"uv": [0, 0, 10, 1], "texture": "#6"},
				"east": {"uv": [0, 0, 16, 1], "texture": "#6"},
				"south": {"uv": [0, 0, 10, 1], "texture": "#6"},
				"west": {"uv": [0, 0, 16, 1], "texture": "#6"},
				"up": {"uv": [0, 0, 16, 16], "texture": "#6"},
				"down": {"uv": [0, 0, 10, 10], "texture": "#6"}
			}
		},
		{
			"from": [3, 2, 13],
			"to": [13, 12, 14],
			"rotation": {"angle": 0, "axis": "y", "origin": [9, 3, 14]},
			"faces": {
				"north": {"uv": [0, 0, 10, 10], "texture": "#6"},
				"east": {"uv": [0, 0, 1, 16], "texture": "#6"},
				"south": {"uv": [0, 0, 16, 16], "texture": "#6"},
				"west": {"uv": [0, 0, 1, 10], "texture": "#6"},
				"up": {"uv": [0, 0, 10, 1], "texture": "#6"},
				"down": {"uv": [0, 0, 10, 1], "texture": "#6"}
			}
		},
		{
			"from": [6, 3, 14],
			"to": [10, 7, 18],
			"rotation": {"angle": 0, "axis": "y", "origin": [14, 11, 22]},
			"faces": {
				"north": {"uv": [0, 0, 16, 16], "texture": "#3"},
				"east": {"uv": [0, 0, 16, 16], "texture": "#3"},
				"south": {"uv": [0, 0, 16, 16], "texture": "#3"},
				"west": {"uv": [0, 0, 16, 16], "texture": "#3"},
				"up": {"uv": [0, 0, 16, 16], "texture": "#4"},
				"down": {"uv": [0, 0, 16, 16], "texture": "#2"}
			}
		},
		{
			"from": [2, 7, 15],
			"to": [7, 9, 17],
			"rotation": {"angle": 0, "axis": "y", "origin": [14, 15, 23]},
			"faces": {
				"north": {"uv": [0, 0, 5, 2], "texture": "#5"},
				"east": {"uv": [0, 0, 2, 2], "texture": "#5"},
				"south": {"uv": [0, 0, 5, 2], "texture": "#5"},
				"west": {"uv": [0, 0, 2, 2], "texture": "#5"},
				"up": {"uv": [0, 0, 5, 2], "texture": "#5"},
				"down": {"uv": [0, 0, 5, 2], "texture": "#5"}
			}
		},
		{
			"from": [7, 7, 15],
			"to": [8, 8, 17],
			"rotation": {"angle": 0, "axis": "y", "origin": [15, 15, 23]},
			"faces": {
				"north": {"uv": [0, 0, 1, 1], "texture": "#5"},
				"east": {"uv": [0, 0, 2, 1], "texture": "#5"},
				"south": {"uv": [0, 0, 1, 1], "texture": "#5"},
				"west": {"uv": [0, 0, 2, 1], "texture": "#5"},
				"up": {"uv": [0, 0, 1, 2], "texture": "#5"},
				"down": {"uv": [0, 0, 1, 2], "texture": "#5"}
			}
		},
		{
			"from": [1, 7, 10],
			"to": [3, 9, 15],
			"rotation": {"angle": 0, "axis": "y", "origin": [10, 15, 21]},
			"faces": {
				"north": {"uv": [0, 0, 2, 2], "texture": "#5"},
				"east": {"uv": [0, 0, 5, 2], "texture": "#5"},
				"south": {"uv": [0, 0, 2, 2], "texture": "#5"},
				"west": {"uv": [0, 0, 5, 2], "texture": "#5"},
				"up": {"uv": [0, 0, 2, 5], "texture": "#5"},
				"down": {"uv": [0, 0, 2, 5], "texture": "#5"}
			}
		},
		{
			"from": [2, 7, 9],
			"to": [3, 9, 10],
			"rotation": {"angle": 0, "axis": "y", "origin": [10, 15, 20]},
			"faces": {
				"north": {"uv": [0, 0, 1, 2], "texture": "#5"},
				"east": {"uv": [0, 0, 1, 2], "texture": "#5"},
				"south": {"uv": [0, 0, 1, 2], "texture": "#5"},
				"west": {"uv": [0, 0, 1, 2], "texture": "#5"},
				"up": {"uv": [0, 0, 1, 1], "texture": "#5"},
				"down": {"uv": [0, 0, 1, 1], "texture": "#5"}
			}
		},
		{
			"from": [7.5, -5, 16],
			"to": [8.5, -3, 17],
			"rotation": {"angle": 45, "axis": "x", "origin": [16, 2, 24]},
			"faces": {
				"north": {"uv": [0, 0, 1, 2], "texture": "#7"},
				"east": {"uv": [0, 0, 9, 8], "texture": "#7"},
				"south": {"uv": [0, 0, 9, 8], "texture": "#7"},
				"west": {"uv": [0, 0, 9, 8], "texture": "#7"},
				"up": {"uv": [0, 0, 1, 1], "texture": "#7"},
				"down": {"uv": [0, 0, 1, 1], "texture": "#7"}
			}
		},
		{
			"from": [4, 12, 3],
			"to": [12, 15, 13],
			"rotation": {"angle": 0, "axis": "y", "origin": [14, 20, 11]},
			"faces": {
				"north": {"uv": [0, 0, 8, 3], "texture": "#8"},
				"east": {"uv": [0, 0, 10, 3], "texture": "#8"},
				"south": {"uv": [0, 0, 8, 3], "texture": "#8"},
				"west": {"uv": [0, 0, 10, 3], "texture": "#8"},
				"up": {"uv": [0, 0, 8, 10], "texture": "#8"},
				"down": {"uv": [0, 0, 8, 10], "texture": "#8"}
			}
		},
		{
			"from": [-4, 15, 4],
			"to": [-2, 19, 12],
			"rotation": {"angle": 45, "axis": "z", "origin": [4, 22, 11]},
			"faces": {
				"north": {"uv": [0, 0, 2, 4], "texture": "#9"},
				"east": {"uv": [0, 0, 8, 4], "texture": "#8"},
				"south": {"uv": [0, 0, 2, 4], "texture": "#9"},
				"west": {"uv": [0, 0, 8, 4], "texture": "#8"},
				"up": {"uv": [0, 0, 2, 8], "texture": "#9"},
				"down": {"uv": [0, 0, 2, 8], "texture": "#8"}
			}
		},
		{
			"from": [14, 4, 4],
			"to": [16, 8, 12],
			"rotation": {"angle": -45, "axis": "z", "origin": [23, 12, 11]},
			"faces": {
				"north": {"uv": [0, 0, 2, 4], "texture": "#9"},
				"east": {"uv": [0, 0, 8, 4], "texture": "#8"},
				"south": {"uv": [0, 0, 2, 4], "texture": "#9"},
				"west": {"uv": [0, 0, 8, 4], "texture": "#8"},
				"up": {"uv": [0, 0, 2, 8], "texture": "#9"},
				"down": {"uv": [0, 0, 2, 8], "texture": "#8"}
			}
		},
		{
			"from": [4.1, 14, -1],
			"to": [11.9, 19, 0],
			"rotation": {"angle": -22.5, "axis": "x", "origin": [12, 22, 7]},
			"faces": {
				"north": {"uv": [0, 0, 7.8, 5], "texture": "#8"},
				"east": {"uv": [0, 0, 1, 5], "texture": "#9"},
				"south": {"uv": [0, 0, 7.8, 5], "texture": "#8"},
				"west": {"uv": [0, 0, 1, 5], "texture": "#9"},
				"up": {"uv": [0, 0, 7.8, 1], "texture": "#9"},
				"down": {"uv": [0, 0, 7.8, 1], "texture": "#8"}
			}
		},
		{
			"from": [6, 14.5, -1.5],
			"to": [10, 18.5, -1.4],
			"rotation": {"angle": -22.5, "axis": "x", "origin": [12, 23, 6.1]},
			"faces": {
				"north": {"uv": [2, 4, 4, 8], "texture": "#10"}
			}
		},
		{
			"from": [4, 3, 2],
			"to": [13, 5, 4],
			"rotation": {"angle": 0, "axis": "y", "origin": [20, 11, 12]},
			"faces": {
				"north": {"uv": [0, 0, 1, 3], "texture": "#6"},
				"east": {"uv": [2, 13, 6, 16], "texture": "#6"},
				"south": {"uv": [0, 0, 1, 3], "texture": "#6"},
				"west": {"uv": [1, 13, 5, 16], "texture": "#6"},
				"up": {"uv": [12, 12, 13, 16], "texture": "#6"},
				"down": {"uv": [0, 0, 1, 4], "texture": "#6"}
			}
		},
		{
			"from": [4, 3, 0],
			"to": [12, 5.01, 3],
			"rotation": {"angle": 0, "axis": "y", "origin": [16, 11, -6]},
			"faces": {
				"north": {"uv": [2, 13, 6, 16], "texture": "#6"},
				"east": {"uv": [0, 0, 1, 3], "texture": "#6"},
				"south": {"uv": [1, 13, 5, 16], "texture": "#6"},
				"west": {"uv": [0, 0, 1, 3], "texture": "#6"},
				"up": {"uv": [4, 2, 5, 6], "rotation": 270, "texture": "#6"},
				"down": {"uv": [0, 0, 1, 4], "rotation": 90, "texture": "#6"}
			}
		},
		{
			"from": [7, 3, -1],
			"to": [9, 5.01, 0],
			"rotation": {"angle": 0, "axis": "y", "origin": [16, 11, -9]},
			"faces": {
				"north": {"uv": [4, 14, 6, 16], "texture": "#6"},
				"east": {"uv": [0, 0, 1, 3], "texture": "#6"},
				"south": {"uv": [1, 13, 5, 16], "texture": "#6"},
				"west": {"uv": [0, 0, 1, 3], "texture": "#6"},
				"up": {"uv": [4, 2, 5, 6], "rotation": 270, "texture": "#6"},
				"down": {"uv": [0, 0, 1, 4], "rotation": 90, "texture": "#6"}
			}
		},
		{
			"from": [9, 3, -1],
			"to": [10, 4.01, 0],
			"rotation": {"angle": 0, "axis": "y", "origin": [18, 11, -9]},
			"faces": {
				"north": {"uv": [6, 15, 7, 16], "texture": "#6"},
				"east": {"uv": [15, 15, 16, 16], "texture": "#6"},
				"south": {"uv": [1, 13, 5, 16], "texture": "#6"},
				"west": {"uv": [0, 0, 1, 3], "texture": "#6"},
				"up": {"uv": [4, 2, 5, 6], "rotation": 270, "texture": "#6"},
				"down": {"uv": [0, 0, 1, 4], "rotation": 90, "texture": "#6"}
			}
		},
		{
			"from": [6, 3, -1],
			"to": [7, 4.01, 0],
			"rotation": {"angle": 0, "axis": "y", "origin": [15, 11, -9]},
			"faces": {
				"north": {"uv": [5, 15, 6, 16], "texture": "#6"},
				"east": {"uv": [0, 0, 1, 3], "texture": "#6"},
				"south": {"uv": [1, 13, 5, 16], "texture": "#6"},
				"west": {"uv": [15, 15, 16, 16], "texture": "#6"},
				"up": {"uv": [4, 2, 5, 6], "rotation": 270, "texture": "#6"},
				"down": {"uv": [0, 0, 1, 4], "rotation": 90, "texture": "#6"}
			}
		},
		{
			"from": [12.9, 3, -3.6],
			"to": [14.9, 5.02, -1.6],
			"rotation": {"angle": 22.5, "axis": "y", "origin": [23, 11, 5]},
			"faces": {
				"north": {"uv": [0, 0, 1, 3], "texture": "#6"},
				"east": {"uv": [2, 13, 6, 16], "texture": "#6"},
				"south": {"uv": [0, 0, 1, 3], "texture": "#6"},
				"west": {"uv": [1, 13, 5, 16], "texture": "#6"},
				"up": {"uv": [0, 0, 1, 4], "texture": "#6"},
				"down": {"uv": [0, 0, 1, 4], "texture": "#6"}
			}
		},
		{
			"from": [-0.4, 3, 3.06],
			"to": [1.6, 5.02, 6.06],
			"rotation": {"angle": -22.5, "axis": "y", "origin": [9, 11, 12]},
			"faces": {
				"north": {"uv": [0, 0, 1, 3], "texture": "#6"},
				"east": {"uv": [2, 13, 6, 16], "texture": "#6"},
				"south": {"uv": [0, 0, 1, 3], "texture": "#6"},
				"west": {"uv": [1, 13, 5, 16], "texture": "#6"},
				"up": {"uv": [0, 0, 1, 4], "texture": "#6"},
				"down": {"uv": [0, 0, 1, 4], "texture": "#6"}
			}
		},
		{
			"from": [3, 3, 3],
			"to": [4, 5, 4],
			"rotation": {"angle": 0, "axis": "y", "origin": [11, 11, 12]},
			"faces": {
				"north": {"uv": [0, 0, 1, 3], "texture": "#6"},
				"east": {"uv": [2, 13, 6, 16], "texture": "#6"},
				"south": {"uv": [0, 0, 1, 3], "texture": "#6"},
				"west": {"uv": [1, 13, 5, 16], "texture": "#6"},
				"up": {"uv": [0, 0, 1, 4], "texture": "#6"},
				"down": {"uv": [0, 0, 1, 4], "texture": "#6"}
			}
		},
		{
			"from": [4, 13.1, 3.59],
			"to": [12, 14.1, 9.49],
			"rotation": {"angle": -22.5, "axis": "x", "origin": [15, 6, 10]},
			"faces": {
				"north": {"uv": [0, 0, 8, 1], "rotation": 180, "texture": "#6"},
				"east": {"uv": [0, 0, 1, 5.9], "rotation": 270, "texture": "#6"},
				"south": {"uv": [0, 0, 8, 1], "texture": "#6"},
				"west": {"uv": [0, 0, 1, 5.9], "rotation": 90, "texture": "#6"},
				"up": {"uv": [0, 0, 8, 5.9], "rotation": 180, "texture": "#6"},
				"down": {"uv": [0, 0, 8, 5.9], "texture": "#6"}
			}
		},
		{
			"from": [6, 5, 1],
			"to": [7, 11, 2],
			"rotation": {"angle": 0, "axis": "y", "origin": [15, 17, 9]},
			"faces": {
				"north": {"uv": [2, 2, 3, 8], "texture": "#6"},
				"east": {"uv": [0, 0, 1, 6], "texture": "#6"},
				"south": {"uv": [0, 0, 1, 6], "texture": "#6"},
				"west": {"uv": [0, 0, 1, 6], "texture": "#6"},
				"up": {"uv": [0, 0, 1, 1], "texture": "#6"},
				"down": {"uv": [0, 0, 1, 1], "texture": "#6"}
			}
		},
		{
			"from": [4, 7, 1],
			"to": [6, 11, 2],
			"rotation": {"angle": 0, "axis": "y", "origin": [12, 17, 9]},
			"faces": {
				"north": {"uv": [0, 0, 2, 4], "texture": "#6"},
				"east": {"uv": [0, 0, 1, 4], "texture": "#6"},
				"south": {"uv": [0, 0, 2, 4], "texture": "#6"},
				"west": {"uv": [0, 0, 1, 4], "texture": "#6"},
				"up": {"uv": [0, 0, 2, 1], "texture": "#6"},
				"down": {"uv": [0, 0, 2, 1], "texture": "#6"}
			}
		},
		{
			"from": [10, 7, 1],
			"to": [12, 11, 2],
			"rotation": {"angle": 0, "axis": "y", "origin": [19, 17, 9]},
			"faces": {
				"north": {"uv": [0, 0, 2, 4], "texture": "#6"},
				"east": {"uv": [0, 0, 1, 4], "texture": "#6"},
				"south": {"uv": [0, 0, 2, 4], "texture": "#6"},
				"west": {"uv": [0, 0, 1, 4], "texture": "#6"},
				"up": {"uv": [0, 0, 2, 1], "texture": "#6"},
				"down": {"uv": [0, 0, 2, 1], "texture": "#6"}
			}
		},
		{
			"from": [9, 5, 1],
			"to": [10, 11, 2],
			"rotation": {"angle": 0, "axis": "y", "origin": [18, 17, 9]},
			"faces": {
				"north": {"uv": [2, 2, 3, 8], "texture": "#6"},
				"east": {"uv": [0, 0, 1, 6], "texture": "#6"},
				"south": {"uv": [0, 0, 1, 6], "texture": "#6"},
				"west": {"uv": [0, 0, 1, 6], "texture": "#6"},
				"up": {"uv": [0, 0, 1, 1], "texture": "#6"},
				"down": {"uv": [0, 0, 1, 1], "texture": "#6"}
			}
		},
		{
			"from": [10, 5, 1],
			"to": [13, 6, 2],
			"rotation": {"angle": 0, "axis": "y", "origin": [19, 17, 9]},
			"faces": {
				"north": {"uv": [2, 2, 4, 3], "texture": "#6"},
				"east": {"uv": [0, 0, 1, 1], "texture": "#6"},
				"south": {"uv": [0, 0, 1, 6], "texture": "#6"},
				"west": {"uv": [0, 0, 1, 6], "texture": "#6"},
				"up": {"uv": [0, 0, 2, 1], "texture": "#6"},
				"down": {"uv": [0, 0, 1, 1], "texture": "#6"}
			}
		},
		{
			"from": [3, 5, 1],
			"to": [6, 6, 2],
			"rotation": {"angle": 0, "axis": "y", "origin": [13, 17, 9]},
			"faces": {
				"north": {"uv": [2, 2, 4, 3], "texture": "#6"},
				"east": {"uv": [0, 0, 1, 6], "texture": "#6"},
				"south": {"uv": [0, 0, 1, 6], "texture": "#6"},
				"west": {"uv": [0, 0, 1, 1], "texture": "#6"},
				"up": {"uv": [0, 0, 2, 1], "texture": "#6"},
				"down": {"uv": [0, 0, 1, 1], "texture": "#6"}
			}
		},
		{
			"from": [11, 5, 2],
			"to": [13, 6, 4],
			"rotation": {"angle": 0, "axis": "y", "origin": [19, 17, 10]},
			"faces": {
				"north": {"uv": [2, 2, 3, 8], "texture": "#6"},
				"east": {"uv": [0, 0, 2, 1], "texture": "#6"},
				"south": {"uv": [0, 0, 1, 6], "texture": "#6"},
				"west": {"uv": [0, 0, 1, 6], "texture": "#6"},
				"up": {"uv": [0, 0, 1, 2], "texture": "#6"},
				"down": {"uv": [0, 0, 1, 1], "texture": "#6"}
			}
		},
		{
			"from": [3, 5, 2],
			"to": [5, 6, 4],
			"rotation": {"angle": 0, "axis": "y", "origin": [12, 17, 10]},
			"faces": {
				"north": {"uv": [2, 2, 3, 8], "texture": "#6"},
				"east": {"uv": [0, 0, 1, 6], "texture": "#6"},
				"south": {"uv": [0, 0, 1, 6], "texture": "#6"},
				"west": {"uv": [0, 0, 2, 1], "texture": "#6"},
				"up": {"uv": [0, 0, 1, 2], "texture": "#6"},
				"down": {"uv": [0, 0, 1, 1], "texture": "#6"}
			}
		},
		{
			"from": [3, 7, 2],
			"to": [4, 11, 3],
			"rotation": {"angle": 0, "axis": "y", "origin": [11, 17, 10]},
			"faces": {
				"north": {"uv": [0, 0, 1, 4], "texture": "#6"},
				"east": {"uv": [0, 0, 1, 4], "texture": "#6"},
				"south": {"uv": [0, 0, 1, 4], "texture": "#6"},
				"west": {"uv": [0, 0, 1, 4], "texture": "#6"},
				"up": {"uv": [0, 0, 1, 1], "texture": "#6"},
				"down": {"uv": [0, 0, 1, 1], "texture": "#6"}
			}
		},
		{
			"from": [12, 7, 2],
			"to": [13, 11, 3],
			"rotation": {"angle": 0, "axis": "y", "origin": [20, 17, 10]},
			"faces": {
				"north": {"uv": [0, 0, 1, 4], "texture": "#6"},
				"east": {"uv": [0, 0, 1, 4], "texture": "#6"},
				"south": {"uv": [0, 0, 1, 4], "texture": "#6"},
				"west": {"uv": [0, 0, 1, 4], "texture": "#6"},
				"up": {"uv": [0, 0, 1, 1], "texture": "#6"},
				"down": {"uv": [0, 0, 1, 1], "texture": "#6"}
			}
		},
		{
			"from": [13, 5, 3],
			"to": [14, 11, 5],
			"rotation": {"angle": 0, "axis": "y", "origin": [21, 17, 11]},
			"faces": {
				"north": {"uv": [0, 0, 1, 6], "texture": "#6"},
				"east": {"uv": [0, 0, 2, 6], "texture": "#6"},
				"south": {"uv": [0, 0, 1, 6], "texture": "#6"},
				"west": {"uv": [0, 0, 2, 6], "texture": "#6"},
				"up": {"uv": [0, 0, 1, 2], "texture": "#6"},
				"down": {"uv": [0, 0, 1, 2], "texture": "#6"}
			}
		},
		{
			"from": [2, 5, 3],
			"to": [3, 11, 5],
			"rotation": {"angle": 0, "axis": "y", "origin": [10, 17, 11]},
			"faces": {
				"north": {"uv": [0, 0, 1, 6], "texture": "#6"},
				"east": {"uv": [0, 0, 2, 6], "texture": "#6"},
				"south": {"uv": [0, 0, 1, 6], "texture": "#6"},
				"west": {"uv": [0, 0, 2, 6], "texture": "#6"},
				"up": {"uv": [0, 0, 1, 2], "texture": "#6"},
				"down": {"uv": [0, 0, 1, 2], "texture": "#6"}
			}
		},
		{
			"from": [6, 5, 2],
			"to": [10, 11, 4],
			"rotation": {"angle": 0, "axis": "y", "origin": [15, 13, 10]},
			"faces": {
				"north": {"uv": [0, 0, 16, 16], "texture": "#1"}
			}
		},
		{
			"from": [4, 5, 2],
			"to": [6, 10, 4],
			"rotation": {"angle": 0, "axis": "y", "origin": [15, 13, 11]},
			"faces": {
				"north": {"uv": [11, 10, 13, 15], "texture": "#1"},
				"west": {"uv": [0, 0, 2, 5], "texture": "#1"}
			}
		},
		{
			"from": [10, 5, 2],
			"to": [12, 10, 4],
			"rotation": {"angle": 0, "axis": "y", "origin": [20, 13, 11]},
			"faces": {
				"north": {"uv": [4, 2, 6, 7], "texture": "#1"},
				"east": {"uv": [0, 0, 2, 5], "texture": "#1"}
			}
		}
	],
	"display": {
		"gui": {
			"rotation": [36, 149, 0],
			"translation": [-0.25, -0.25, 0],
			"scale": [0.73, 0.73, 0.73]
		},
		"head": {
			"translation": [0, 1.25, -0.25],
			"scale": [1.49, 1.49, 1.49]
		}
	}
}