{
	"credit": "Made with Blockbench",
	"textures": {
		"0": "block/polished_basalt_side",
		"1": "block/chorus_plant",
		"2": "block/structure_block",
		"3": "block/end_stone",
		"4": "block/lime_stained_glass",
		"5": "custom/particle_canister",
		"particle": "block/chorus_plant"
	},
	"elements": [
		{
			"from": [7, 2, -11],
			"to": [9, 3.1, 1],
			"rotation": {"angle": -45, "axis": "x", "origin": [10, 10, -10]},
			"faces": {
				"north": {"uv": [0, 0, 2, 1.1], "texture": "#0"},
				"east": {"uv": [0, 0, 14, 1.1], "texture": "#0"},
				"south": {"uv": [0, 0, 2, 1.1], "texture": "#0"},
				"west": {"uv": [0, 0, 14, 1.1], "texture": "#0"},
				"up": {"uv": [0, 0, 2, 14], "texture": "#0"},
				"down": {"uv": [0, 0, 2, 14], "texture": "#0"}
			}
		},
		{
			"from": [7, 0, -16],
			"to": [9, 2, 1],
			"rotation": {"angle": -45, "axis": "x", "origin": [10, 10, -10]},
			"faces": {
				"north": {"uv": [0, 0, 2, 2], "texture": "#0"},
				"east": {"uv": [0, 0, 16, 2], "texture": "#0"},
				"south": {"uv": [0, 0, 2, 2], "texture": "#0"},
				"west": {"uv": [0, 0, 16, 2], "texture": "#0"},
				"up": {"uv": [0, 0, 2, 16], "texture": "#0"},
				"down": {"uv": [0, 0, 2, 16], "texture": "#0"}
			}
		},
		{
			"from": [6, 0, -11],
			"to": [7, 2, 1],
			"rotation": {"angle": -45, "axis": "x", "origin": [10, 10, -10]},
			"faces": {
				"north": {"uv": [0, 0, 1, 2], "texture": "#0"},
				"east": {"uv": [0, 0, 12, 2], "texture": "#0"},
				"south": {"uv": [0, 0, 1, 2], "texture": "#0"},
				"west": {"uv": [0, 0, 12, 2], "texture": "#0"},
				"up": {"uv": [0, 0, 1, 12], "texture": "#0"},
				"down": {"uv": [0, 0, 1, 12], "texture": "#0"}
			}
		},
		{
			"from": [9, 0, -11],
			"to": [10, 2, 1],
			"rotation": {"angle": -45, "axis": "x", "origin": [10, 10, -10]},
			"faces": {
				"north": {"uv": [0, 0, 1, 2], "texture": "#0"},
				"east": {"uv": [0, 0, 12, 2], "texture": "#0"},
				"south": {"uv": [0, 0, 1, 2], "texture": "#0"},
				"west": {"uv": [0, 0, 12, 2], "texture": "#0"},
				"up": {"uv": [0, 0, 1, 12], "texture": "#0"},
				"down": {"uv": [0, 0, 1, 12], "texture": "#0"}
			}
		},
		{
			"from": [7, -1, -11],
			"to": [9, 0, 3],
			"rotation": {"angle": -45, "axis": "x", "origin": [10, 10, -10]},
			"faces": {
				"north": {"uv": [0, 0, 2, 1], "texture": "#0"},
				"east": {"uv": [0, 0, 14, 1], "texture": "#0"},
				"south": {"uv": [0, 0, 2, 1], "texture": "#0"},
				"west": {"uv": [0, 0, 14, 1], "texture": "#0"},
				"up": {"uv": [0, 0, 2, 14], "texture": "#0"},
				"down": {"uv": [0, 0, 2, 14], "texture": "#0"}
			}
		},
		{
			"from": [11, 2, -5],
			"to": [13, 3, 7],
			"rotation": {"angle": -45, "axis": "x", "origin": [10, 10, -10]},
			"faces": {
				"north": {"uv": [0, 0, 2, 1], "texture": "#0"},
				"east": {"uv": [0, 0, 12, 1], "texture": "#0"},
				"south": {"uv": [0, 0, 2, 1], "texture": "#0"},
				"west": {"uv": [0, 0, 12, 1], "texture": "#0"},
				"up": {"uv": [0, 0, 2, 12], "texture": "#0"},
				"down": {"uv": [0, 0, 2, 12], "texture": "#0"}
			}
		},
		{
			"from": [3, 2, -5],
			"to": [5, 3, 7],
			"rotation": {"angle": -45, "axis": "x", "origin": [2, 10, -10]},
			"faces": {
				"north": {"uv": [0, 0, 2, 1], "texture": "#0"},
				"east": {"uv": [0, 0, 12, 1], "texture": "#0"},
				"south": {"uv": [0, 0, 2, 1], "texture": "#0"},
				"west": {"uv": [0, 0, 12, 1], "texture": "#0"},
				"up": {"uv": [0, 0, 2, 12], "texture": "#0"},
				"down": {"uv": [0, 0, 2, 12], "texture": "#0"}
			}
		},
		{
			"from": [11, 0, -9],
			"to": [13, 2, 7],
			"rotation": {"angle": -45, "axis": "x", "origin": [10, 10, -10]},
			"faces": {
				"north": {"uv": [0, 0, 2, 2], "texture": "#0"},
				"east": {"uv": [0, 0, 16, 2], "texture": "#0"},
				"south": {"uv": [0, 0, 2, 2], "texture": "#0"},
				"west": {"uv": [0, 0, 16, 2], "texture": "#0"},
				"up": {"uv": [0, 0, 2, 16], "texture": "#0"},
				"down": {"uv": [0, 0, 2, 16], "texture": "#0"}
			}
		},
		{
			"from": [3, 2, 4],
			"to": [5, 4, 7],
			"rotation": {"angle": -45, "axis": "x", "origin": [2, 12, -8]},
			"faces": {
				"north": {"uv": [0, 0, 2, 2], "texture": "#5"},
				"east": {"uv": [0, 0, 16, 16], "rotation": 90, "texture": "#5"},
				"south": {"uv": [0, 0, 2, 2], "texture": "#5"},
				"west": {"uv": [0, 0, 16, 16], "rotation": 90, "texture": "#5"},
				"up": {"uv": [0, 0, 16, 16], "rotation": 180, "texture": "#5"},
				"down": {"uv": [0, 0, 16, 16], "rotation": 180, "texture": "#5"}
			}
		},
		{
			"from": [7, 3, 9],
			"to": [9, 5, 12],
			"rotation": {"angle": -45, "axis": "x", "origin": [6, 13, -3]},
			"faces": {
				"north": {"uv": [0, 0, 2, 2], "texture": "#5"},
				"east": {"uv": [0, 0, 16, 16], "rotation": 90, "texture": "#5"},
				"south": {"uv": [0, 0, 2, 2], "texture": "#5"},
				"west": {"uv": [0, 0, 16, 16], "rotation": 90, "texture": "#5"},
				"up": {"uv": [0, 0, 16, 16], "rotation": 180, "texture": "#5"},
				"down": {"uv": [0, 0, 16, 16], "rotation": 180, "texture": "#5"}
			}
		},
		{
			"from": [3, 0, -9],
			"to": [5, 2, 7],
			"rotation": {"angle": -45, "axis": "x", "origin": [2, 10, -10]},
			"faces": {
				"north": {"uv": [0, 0, 2, 2], "texture": "#0"},
				"east": {"uv": [0, 0, 16, 2], "texture": "#0"},
				"south": {"uv": [0, 0, 2, 2], "texture": "#0"},
				"west": {"uv": [0, 0, 16, 2], "texture": "#0"},
				"up": {"uv": [0, 0, 2, 16], "texture": "#0"},
				"down": {"uv": [0, 0, 2, 16], "texture": "#0"}
			}
		},
		{
			"from": [10, 0, -5],
			"to": [11, 2, 7],
			"rotation": {"angle": -45, "axis": "x", "origin": [10, 10, -10]},
			"faces": {
				"north": {"uv": [0, 0, 1, 2], "texture": "#0"},
				"east": {"uv": [0, 0, 12, 2], "texture": "#0"},
				"south": {"uv": [0, 0, 1, 2], "texture": "#0"},
				"west": {"uv": [0, 0, 12, 2], "texture": "#0"},
				"up": {"uv": [0, 0, 1, 12], "texture": "#0"},
				"down": {"uv": [0, 0, 1, 12], "texture": "#0"}
			}
		},
		{
			"from": [5, 0, -5],
			"to": [6, 2, 7],
			"rotation": {"angle": -45, "axis": "x", "origin": [5, 10, -10]},
			"faces": {
				"north": {"uv": [0, 0, 1, 2], "texture": "#0"},
				"east": {"uv": [0, 0, 12, 2], "texture": "#0"},
				"south": {"uv": [0, 0, 1, 2], "texture": "#0"},
				"west": {"uv": [0, 0, 12, 2], "texture": "#0"},
				"up": {"uv": [0, 0, 1, 12], "texture": "#0"},
				"down": {"uv": [0, 0, 1, 12], "texture": "#0"}
			}
		},
		{
			"from": [13, 0, -5],
			"to": [14, 2, 7],
			"rotation": {"angle": -45, "axis": "x", "origin": [10, 10, -10]},
			"faces": {
				"north": {"uv": [0, 0, 1, 2], "texture": "#0"},
				"east": {"uv": [0, 0, 12, 2], "texture": "#0"},
				"south": {"uv": [0, 0, 1, 2], "texture": "#0"},
				"west": {"uv": [0, 0, 12, 2], "texture": "#0"},
				"up": {"uv": [0, 0, 1, 12], "texture": "#0"},
				"down": {"uv": [0, 0, 1, 12], "texture": "#0"}
			}
		},
		{
			"from": [2, 0, -5],
			"to": [3, 2, 7],
			"rotation": {"angle": -45, "axis": "x", "origin": [-1, 10, -10]},
			"faces": {
				"north": {"uv": [0, 0, 1, 2], "texture": "#0"},
				"east": {"uv": [0, 0, 12, 2], "texture": "#0"},
				"south": {"uv": [0, 0, 1, 2], "texture": "#0"},
				"west": {"uv": [0, 0, 12, 2], "texture": "#0"},
				"up": {"uv": [0, 0, 1, 12], "texture": "#0"},
				"down": {"uv": [0, 0, 1, 12], "texture": "#0"}
			}
		},
		{
			"from": [11, -1, -5],
			"to": [13, 0, 7],
			"rotation": {"angle": -45, "axis": "x", "origin": [10, 10, -10]},
			"faces": {
				"north": {"uv": [0, 0, 2, 1], "texture": "#0"},
				"east": {"uv": [0, 0, 12, 1], "texture": "#0"},
				"south": {"uv": [0, 0, 2, 1], "texture": "#0"},
				"west": {"uv": [0, 0, 12, 1], "texture": "#0"},
				"up": {"uv": [0, 0, 2, 12], "texture": "#0"},
				"down": {"uv": [0, 0, 2, 12], "texture": "#0"}
			}
		},
		{
			"from": [3, -1, -5],
			"to": [5, 0, 7],
			"rotation": {"angle": -45, "axis": "x", "origin": [2, 10, -10]},
			"faces": {
				"north": {"uv": [0, 0, 2, 1], "texture": "#0"},
				"east": {"uv": [0, 0, 12, 1], "texture": "#0"},
				"south": {"uv": [0, 0, 2, 1], "texture": "#0"},
				"west": {"uv": [0, 0, 12, 1], "texture": "#0"},
				"up": {"uv": [0, 0, 2, 12], "texture": "#0"},
				"down": {"uv": [0, 0, 2, 12], "texture": "#0"}
			}
		},
		{
			"from": [4.5, 9, 5],
			"to": [11.5, 13.1, 10],
			"rotation": {"angle": 0, "axis": "y", "origin": [13, 18, 15]},
			"faces": {
				"north": {"uv": [0, 0, 7, 4.1], "texture": "#1"},
				"east": {"uv": [0, 0, 5, 4.1], "texture": "#1"},
				"south": {"uv": [0, 0, 7, 4.1], "texture": "#1"},
				"west": {"uv": [0, 0, 5, 4.1], "texture": "#1"},
				"up": {"uv": [0, 0, 7, 5], "texture": "#1"},
				"down": {"uv": [0, 0, 7, 5], "texture": "#1"}
			}
		},
		{
			"from": [4.5, 8, -1],
			"to": [11.5, 10, 5],
			"rotation": {"angle": 0, "axis": "y", "origin": [13, 15, 5]},
			"faces": {
				"north": {"uv": [0, 0, 6, 2], "texture": "#2"},
				"east": {"uv": [0, 0, 6, 2], "texture": "#2"},
				"south": {"uv": [0, 0, 7, 2], "texture": "#2"},
				"west": {"uv": [0, 0, 6, 2], "texture": "#2"},
				"up": {"uv": [0, 0, 4, 3], "texture": "#2"},
				"down": {"uv": [0, 0, 3, 3], "texture": "#2"}
			}
		},
		{
			"from": [4.5, 7, 2],
			"to": [11.5, 8, 5],
			"rotation": {"angle": 0, "axis": "y", "origin": [13, 14, 5]},
			"faces": {
				"north": {"uv": [0, 0, 7, 1], "texture": "#2"},
				"east": {"uv": [0, 0, 3, 1], "texture": "#2"},
				"south": {"uv": [0, 0, 7, 1], "texture": "#2"},
				"west": {"uv": [0, 0, 3, 1], "texture": "#2"},
				"up": {"uv": [0, 0, 7, 3], "texture": "#2"},
				"down": {"uv": [0, 0, 4, 3], "texture": "#2"}
			}
		},
		{
			"from": [6.5, 7, 0],
			"to": [9.5, 8, 2],
			"rotation": {"angle": 0, "axis": "y", "origin": [13, 14, 2]},
			"faces": {
				"north": {"uv": [0, 0, 3, 1], "texture": "#2"},
				"east": {"uv": [0, 0, 2, 1], "texture": "#2"},
				"south": {"uv": [0, 0, 3, 1], "texture": "#2"},
				"west": {"uv": [0, 0, 2, 1], "texture": "#2"},
				"up": {"uv": [0, 0, 3, 2], "texture": "#2"},
				"down": {"uv": [0, 0, 3, 2], "texture": "#2"}
			}
		},
		{
			"from": [6.5, 6, 2],
			"to": [9.5, 7, 5],
			"rotation": {"angle": 0, "axis": "y", "origin": [13, 13, 5]},
			"faces": {
				"north": {"uv": [0, 0, 3, 1], "texture": "#2"},
				"east": {"uv": [0, 0, 3, 1], "texture": "#2"},
				"south": {"uv": [0, 0, 3, 1], "texture": "#2"},
				"west": {"uv": [0, 0, 3, 1], "texture": "#2"},
				"up": {"uv": [0, 0, 3, 3], "texture": "#2"},
				"down": {"uv": [0, 0, 3, 3], "texture": "#2"}
			}
		},
		{
			"from": [4.5, 6, 5],
			"to": [11.5, 9, 11],
			"rotation": {"angle": 0, "axis": "y", "origin": [13, 14, 11]},
			"faces": {
				"north": {"uv": [0, 0, 3, 2], "texture": "#2"},
				"east": {"uv": [0, 0, 4, 3], "texture": "#2"},
				"south": {"uv": [0, 0, 7, 3], "texture": "#2"},
				"west": {"uv": [0, 0, 4, 3], "texture": "#2"},
				"up": {"uv": [0, 0, 3, 3], "texture": "#2"},
				"down": {"uv": [0, 0, 4, 3], "texture": "#2"}
			}
		},
		{
			"from": [5.5, 8, -2],
			"to": [10.5, 9, -1],
			"rotation": {"angle": 0, "axis": "y", "origin": [13, 14, -1]},
			"faces": {
				"north": {"uv": [0, 0, 5, 1], "texture": "#2"},
				"east": {"uv": [0, 0, 1, 1], "texture": "#2"},
				"south": {"uv": [0, 0, 5, 1], "texture": "#2"},
				"west": {"uv": [0, 0, 1, 1], "texture": "#2"},
				"up": {"uv": [0, 0, 5, 1], "texture": "#2"},
				"down": {"uv": [0, 0, 5, 1], "texture": "#2"}
			}
		},
		{
			"from": [5.5, 9, 10],
			"to": [10.5, 12, 14],
			"rotation": {"angle": 0, "axis": "y", "origin": [13, 19, 18]},
			"faces": {
				"north": {"uv": [0, 0, 5, 3], "texture": "#1"},
				"east": {"uv": [0, 0, 4, 3], "texture": "#1"},
				"south": {"uv": [0, 0, 5, 3], "texture": "#1"},
				"west": {"uv": [0, 0, 4, 3], "texture": "#1"},
				"up": {"uv": [0, 0, 5, 4], "texture": "#1"},
				"down": {"uv": [0, 0, 5, 4], "texture": "#1"}
			}
		},
		{
			"from": [5.5, 9, 14],
			"to": [10.5, 11, 16],
			"rotation": {"angle": 0, "axis": "y", "origin": [13, 19, 22]},
			"faces": {
				"north": {"uv": [0, 0, 5, 2], "texture": "#1"},
				"east": {"uv": [0, 0, 2, 2], "texture": "#1"},
				"south": {"uv": [0, 0, 5, 2], "texture": "#1"},
				"west": {"uv": [0, 0, 2, 2], "texture": "#1"},
				"up": {"uv": [0, 0, 5, 2], "texture": "#1"},
				"down": {"uv": [0, 0, 5, 2], "texture": "#1"}
			}
		},
		{
			"from": [5.5, 6, 14],
			"to": [10.5, 9, 17],
			"rotation": {"angle": 0, "axis": "y", "origin": [13, 17, 22]},
			"faces": {
				"north": {"uv": [0, 0, 5, 3], "texture": "#1"},
				"east": {"uv": [0, 0, 3, 3], "texture": "#1"},
				"south": {"uv": [0, 0, 5, 3], "texture": "#1"},
				"west": {"uv": [0, 0, 3, 3], "texture": "#1"},
				"up": {"uv": [0, 0, 5, 3], "texture": "#1"},
				"down": {"uv": [0, 0, 5, 3], "texture": "#1"}
			}
		},
		{
			"from": [5.5, 6, 11],
			"to": [10.5, 9, 14],
			"rotation": {"angle": 0, "axis": "y", "origin": [13, 16, 19]},
			"faces": {
				"north": {"uv": [0, 0, 5, 3], "texture": "#1"},
				"east": {"uv": [0, 0, 3, 3], "texture": "#1"},
				"south": {"uv": [0, 0, 5, 3], "texture": "#1"},
				"west": {"uv": [0, 0, 3, 3], "texture": "#1"},
				"up": {"uv": [0, 0, 5, 3], "texture": "#1"},
				"down": {"uv": [0, 0, 5, 3], "texture": "#1"}
			}
		},
		{
			"from": [6.5, 4, 11],
			"to": [9.5, 9, 14],
			"rotation": {"angle": -22.5, "axis": "x", "origin": [15, 13, 19]},
			"faces": {
				"north": {"uv": [0, 0, 3, 5], "texture": "#0"},
				"east": {"uv": [0, 0, 3, 5], "texture": "#0"},
				"south": {"uv": [0, 0, 3, 5], "texture": "#0"},
				"west": {"uv": [0, 0, 3, 5], "texture": "#0"},
				"up": {"uv": [0, 0, 3, 3], "texture": "#0"},
				"down": {"uv": [0, 0, 3, 3], "texture": "#0"}
			}
		},
		{
			"from": [7.5, 7, 16],
			"to": [8.5, 10, 17],
			"rotation": {"angle": 22.5, "axis": "x", "origin": [15, 16, 24]},
			"faces": {
				"north": {"uv": [0, 0, 1, 3], "texture": "#0"},
				"east": {"uv": [0, 0, 1, 3], "texture": "#0"},
				"south": {"uv": [0, 0, 1, 3], "texture": "#0"},
				"west": {"uv": [0, 0, 1, 3], "texture": "#0"},
				"up": {"uv": [0, 0, 1, 1], "texture": "#0"},
				"down": {"uv": [0, 0, 1, 1], "texture": "#0"}
			}
		},
		{
			"from": [6.5, 4, 12.1],
			"to": [9.5, 4.2, 14.1],
			"rotation": {"angle": 0, "axis": "y", "origin": [15, 12, 19]},
			"faces": {
				"north": {"uv": [0, 0, 3, 0.2], "texture": "#1"},
				"east": {"uv": [0, 0, 2, 0.2], "texture": "#1"},
				"south": {"uv": [0, 0, 3, 0.2], "texture": "#1"},
				"west": {"uv": [0, 0, 2, 0.2], "texture": "#1"},
				"up": {"uv": [0, 0, 3, 2], "texture": "#1"},
				"down": {"uv": [0, 0, 3, 2], "texture": "#1"}
			}
		},
		{
			"from": [6.5, 4.2, 11.9],
			"to": [9.5, 6.2, 12.1],
			"rotation": {"angle": 0, "axis": "y", "origin": [15, 12, 19]},
			"faces": {
				"north": {"uv": [0, 0, 3, 2], "texture": "#1"},
				"east": {"uv": [0, 0, 0.2, 2], "texture": "#1"},
				"south": {"uv": [0, 0, 3, 2], "texture": "#1"},
				"west": {"uv": [0, 0, 0.2, 2], "texture": "#1"},
				"up": {"uv": [0, 0, 3, 0.2], "texture": "#1"},
				"down": {"uv": [0, 0, 3, 0.2], "texture": "#1"}
			}
		},
		{
			"from": [7.5, 1, 16],
			"to": [8.5, 2, 16.3],
			"rotation": {"angle": 22.5, "axis": "x", "origin": [16, 10, 24]},
			"color": 6,
			"faces": {
				"north": {"uv": [0, 0, 1, 1], "texture": "#missing"},
				"east": {"uv": [0, 0, 0.3, 1], "texture": "#missing"},
				"south": {"uv": [0, 0, 1, 1], "texture": "#missing"},
				"west": {"uv": [0, 0, 0.3, 1], "texture": "#missing"},
				"up": {"uv": [0, 0, 1, 0.3], "texture": "#missing"},
				"down": {"uv": [0, 0, 1, 0.3], "texture": "#missing"}
			}
		},
		{
			"from": [10.8, 9.2, 7],
			"to": [11.8, 11.2, 8],
			"rotation": {"angle": -22.5, "axis": "z", "origin": [19, 17, 16]},
			"faces": {
				"north": {"uv": [0, 0, 1, 2], "texture": "#3"},
				"east": {"uv": [0, 0, 1, 2], "texture": "#3"},
				"south": {"uv": [0, 0, 1, 2], "texture": "#3"},
				"west": {"uv": [0, 0, 1, 2], "texture": "#3"},
				"up": {"uv": [0, 0, 1, 1], "texture": "#3"},
				"down": {"uv": [0, 0, 1, 1], "texture": "#3"}
			}
		},
		{
			"from": [7.5, 13, 5],
			"to": [8.5, 14, 6],
			"rotation": {"angle": 0, "axis": "y", "origin": [15, 20, 14]},
			"faces": {
				"north": {"uv": [0, 0, 1, 1], "texture": "#4"},
				"east": {"uv": [0, 0, 1, 1], "texture": "#4"},
				"south": {"uv": [0, 0, 1, 1], "texture": "#4"},
				"west": {"uv": [0, 0, 1, 1], "texture": "#4"},
				"up": {"uv": [0, 0, 1, 1], "texture": "#4"},
				"down": {"uv": [0, 0, 1, 1], "texture": "#4"}
			}
		},
		{
			"from": [3, 15, 7],
			"to": [4, 17, 8],
			"rotation": {"angle": 22.5, "axis": "z", "origin": [11, 23, 16]},
			"faces": {
				"north": {"uv": [0, 0, 1, 2], "texture": "#3"},
				"east": {"uv": [0, 0, 1, 2], "texture": "#3"},
				"south": {"uv": [0, 0, 1, 2], "texture": "#3"},
				"west": {"uv": [0, 0, 1, 2], "texture": "#3"},
				"up": {"uv": [0, 0, 1, 1], "texture": "#3"},
				"down": {"uv": [0, 0, 1, 1], "texture": "#3"}
			}
		}
	],
	"display": {
		"thirdperson_righthand": {
			"translation": [0, 1.75, -3.25],
			"scale": [0.56, 0.56, 0.56]
		},
		"thirdperson_lefthand": {
			"translation": [0, 1, -3.25],
			"scale": [0.56, 0.56, 0.56]
		},
		"firstperson_righthand": {
			"translation": [0.75, 10.5, -1],
			"scale": [0.76, 0.76, 0.76]
		},
		"firstperson_lefthand": {
			"translation": [0.75, 10.5, -1],
			"scale": [0.76, 0.76, 0.76]
		},
		"ground": {
			"translation": [0, 0, 1.75],
			"scale": [0.7, 0.7, 0.7]
		},
		"gui": {
			"rotation": [55, 145, -23],
			"translation": [2.5, 1.5, 0],
			"scale": [0.61, 0.61, 0.61]
		}
	},
	"groups": [
		{
			"name": "barrel",
			"origin": [17, 18, -8],
			"children": [0, 1, 2, 3, 4]
		},
		{
			"name": "barrel",
			"origin": [17, 18, -8],
			"children": []
		},
		{
			"name": "barrel",
			"origin": [17, 18, -8],
			"children": [5, 6, 7, 8, 9, 10, 11, 12, 13, 14, 15, 16]
		},
		{
			"name": "Gun",
			"origin": [17, 18, -8],
			"children": [17, 18, 19, 20, 21, 22, 23, 24, 25, 26, 27, 28, 29, 30, 31, 32, 33, 34, 35]
		}
	]
}