{
	"credit": "Made with Blockbench",
	"textures": {
		"1": "block/iron_block",
		"2": "entity/lead_knot",
		"particle": "block/polished_basalt_side"
	},
	"elements": [
		{
			"from": [12, 5, 7],
			"to": [14, 10, 9],
			"rotation": {"angle": 0, "axis": "y", "origin": [20, 15, 15]},
			"faces": {
				"north": {"uv": [0, 0, 2, 2], "texture": "#1"},
				"east": {"uv": [0, 0, 2, 2], "texture": "#1"},
				"south": {"uv": [0, 0, 2, 2], "texture": "#1"},
				"west": {"uv": [0, 0, 2, 2], "texture": "#1"},
				"up": {"uv": [0, 0, 2, 2], "texture": "#1"},
				"down": {"uv": [0, 0, 2, 2], "texture": "#1"}
			}
		},
		{
			"from": [12, 12.08, 9.91],
			"to": [14, 16.08, 11.91],
			"rotation": {"angle": 0, "axis": "y", "origin": [20, 19, 18]},
			"faces": {
				"north": {"uv": [0, 0, 2, 4], "texture": "#1"},
				"east": {"uv": [0, 0, 2, 4], "texture": "#1"},
				"south": {"uv": [0, 0, 2, 4], "texture": "#1"},
				"west": {"uv": [0, 0, 2, 4], "texture": "#1"},
				"up": {"uv": [0, 0, 2, 2], "texture": "#1"},
				"down": {"uv": [0, 0, 2, 2], "texture": "#1"}
			}
		},
		{
			"from": [12, 12.1, 0.88],
			"to": [14, 16, 2.88],
			"rotation": {"angle": 0, "axis": "y", "origin": [20, 19, 9]},
			"faces": {
				"north": {"uv": [0, 0, 2, 3.9], "texture": "#1"},
				"east": {"uv": [0, 0, 2, 3.9], "texture": "#1"},
				"south": {"uv": [0, 0, 2, 3.9], "texture": "#1"},
				"west": {"uv": [0, 0, 2, 3.9], "texture": "#1"},
				"up": {"uv": [0, 0, 2, 2], "texture": "#1"},
				"down": {"uv": [0, 0, 2, 2], "texture": "#1"}
			}
		},
		{
			"from": [12.01, 14.91, -4],
			"to": [13.99, 16.91, -2],
			"rotation": {"angle": -45, "axis": "x", "origin": [20, 20.4, 4.25]},
			"faces": {
				"north": {"uv": [0, 0, 1.98, 2], "texture": "#1"},
				"east": {"uv": [0, 0, 2, 2], "texture": "#1"},
				"south": {"uv": [0, 0, 1.98, 2], "texture": "#1"},
				"west": {"uv": [0, 0, 2, 2], "texture": "#1"},
				"up": {"uv": [0, 0, 1.98, 2], "texture": "#1"},
				"down": {"uv": [0, 0, 1.98, 2], "texture": "#1"}
			}
		},
		{
			"from": [12.01, 1.5, 10.5],
			"to": [13.99, 6.5, 12.5],
			"rotation": {"angle": 45, "axis": "x", "origin": [20, 10, 19]},
			"faces": {
				"north": {"uv": [0, 0, 1.98, 5], "texture": "#1"},
				"east": {"uv": [0, 0, 2, 5], "texture": "#1"},
				"south": {"uv": [0, 0, 1.98, 5], "texture": "#1"},
				"west": {"uv": [0, 0, 2, 5], "texture": "#1"},
				"up": {"uv": [0, 0, 1.98, 2], "texture": "#1"},
				"down": {"uv": [0, 0, 1.98, 2], "texture": "#1"}
			}
		},
		{
			"from": [12.01, 19.34, 13.8],
			"to": [13.99, 21.34, 18.8],
			"rotation": {"angle": 45, "axis": "x", "origin": [20, 27, 9]},
			"faces": {
				"north": {"uv": [0, 0, 1.98, 2], "rotation": 180, "texture": "#1"},
				"east": {"uv": [0, 0, 2, 5], "rotation": 90, "texture": "#1"},
				"south": {"uv": [0, 0, 1.98, 2], "texture": "#1"},
				"west": {"uv": [0, 0, 2, 5], "rotation": 270, "texture": "#1"},
				"up": {"uv": [0, 0, 1.98, 5], "texture": "#1"},
				"down": {"uv": [0, 0, 1.98, 5], "rotation": 180, "texture": "#1"}
			}
		},
		{
			"from": [12.01, 8.765, -2.12],
			"to": [13.99, 10.765, 2.88],
			"rotation": {"angle": -45, "axis": "x", "origin": [20, 17, -7]},
			"faces": {
				"north": {"uv": [0, 0, 1.98, 2], "rotation": 180, "texture": "#1"},
				"east": {"uv": [0, 0, 2, 5], "rotation": 90, "texture": "#1"},
				"south": {"uv": [0, 0, 1.98, 2], "texture": "#1"},
				"west": {"uv": [0, 0, 2, 5], "rotation": 270, "texture": "#1"},
				"up": {"uv": [0, 0, 1.98, 5], "texture": "#1"},
				"down": {"uv": [0, 0, 1.98, 5], "rotation": 180, "texture": "#1"}
			}
		},
		{
			"from": [12, 17.6, 4.4],
			"to": [14, 19.6, 8.4],
			"rotation": {"angle": 0, "axis": "x", "origin": [20, 26, -2]},
			"faces": {
				"north": {"uv": [0, 0, 2, 2], "rotation": 180, "texture": "#1"},
				"east": {"uv": [0, 0, 2, 4], "rotation": 90, "texture": "#1"},
				"south": {"uv": [0, 0, 2, 2], "texture": "#1"},
				"west": {"uv": [0, 0, 2, 4], "rotation": 270, "texture": "#1"},
				"up": {"uv": [0, 0, 2, 4], "texture": "#1"},
				"down": {"uv": [0, 0, 2, 4], "rotation": 180, "texture": "#1"}
			}
		},
		{
			"from": [11, 6, 6],
			"to": [15, 10, 10],
			"faces": {
				"north": {"uv": [3, 3, 6, 7], "texture": "#2"},
				"east": {"uv": [3, 3, 6, 7], "texture": "#2"},
				"south": {"uv": [3, 3, 6, 7], "texture": "#2"},
				"west": {"uv": [3, 3, 6, 7], "texture": "#2"},
				"up": {"uv": [3, 0, 6, 3], "texture": "#2"},
				"down": {"uv": [3, 0, 6, 3], "texture": "#2"}
			}
		}
	],
	"display": {
		"thirdperson_righthand": {
			"rotation": [-90, 0, 0],
			"translation": [-3.25, -1.75, -3],
			"scale": [0.67, 0.67, 0.67]
		},
		"thirdperson_lefthand": {
			"rotation": [-90, 0, 0],
			"translation": [3.5, -2, -3],
			"scale": [0.67, 0.67, 0.67]
		},
		"firstperson_righthand": {
			"rotation": [-52, 0, -2],
			"translation": [6.75, 0.5, -4.75],
			"scale": [0.84, 0.84, 0.84]
		},
		"firstperson_lefthand": {
			"rotation": [-52, 0, -1.5],
			"translation": [13, 1.5, -3.25],
			"scale": [0.84, 0.84, 0.84]
		},
		"ground": {
			"translation": [0, 4.75, 0],
			"scale": [0.65, 0.65, 0.65]
		},
		"gui": {
			"rotation": [-61, 44, 48],
			"translation": [-1.25, 0.5, 0],
			"scale": [0.77, 0.77, 0.77]
		},
		"head": {
			"rotation": [-84, 0, 0],
			"translation": [-8, -37.75, -3.5],
			"scale": [2.07, 2.07, 2.07]
		}
	},
	"groups": [
		0,
		1,
		2,
		3,
		4,
		5,
		6,
		7,
		{
			"name": "hook",
			"origin": [8, 8, 8],
			"color": 0,
			"nbt": "{}",
			"armAnimationEnabled": false,
			"children": []
		},
		8
	]
}