{
	"credit": "Made with Blockbench",
	"textures": {
		"0": "block/polished_basalt_side",
		"1": "block/iron_block",
		"2": "entity/lead_knot",
		"particle": "block/polished_basalt_side"
	},
	"elements": [
		{
			"from": [9, 0, 4],
			"to": [17, 4, 12],
			"rotation": {"angle": 0, "axis": "y", "origin": [22, 8, 14]},
			"faces": {
				"north": {"uv": [0, 0, 8, 4], "texture": "#0"},
				"east": {"uv": [0, 0, 8, 4], "texture": "#0"},
				"south": {"uv": [0, 0, 8, 4], "texture": "#0"},
				"west": {"uv": [0, 0, 8, 4], "texture": "#0"},
				"up": {"uv": [0, 0, 8, 8], "texture": "#0"},
				"down": {"uv": [0, 0, 8, 8], "texture": "#0"}
			}
		},
		{
			"from": [16, 4, 5],
			"to": [16, 5, 11],
			"rotation": {"angle": 0, "axis": "y", "origin": [22, 12, 14]},
			"faces": {
				"north": {"uv": [0, 0, 0, 1], "texture": "#0"},
				"east": {"uv": [0, 0, 6, 1], "texture": "#0"},
				"south": {"uv": [0, 0, 0, 1], "texture": "#0"},
				"west": {"uv": [0, 0, 6, 1], "texture": "#0"},
				"up": {"uv": [0, 0, 0, 6], "texture": "#0"},
				"down": {"uv": [0, 0, 0, 6], "texture": "#0"}
			}
		},
		{
			"from": [10, 4, 5],
			"to": [16, 5, 11],
			"rotation": {"angle": 0, "axis": "y", "origin": [22, 12, 14]},
			"color": 1,
			"faces": {
				"north": {"uv": [0, 0, 6, 1], "texture": "#missing"},
				"east": {"uv": [0, 0, 6, 1], "texture": "#missing"},
				"south": {"uv": [0, 0, 6, 1], "texture": "#missing"},
				"west": {"uv": [0, 0, 6, 1], "texture": "#missing"},
				"up": {"uv": [0, 0, 6, 6], "texture": "#missing"},
				"down": {"uv": [0, 0, 6, 6], "texture": "#missing"}
			}
		},
		{
			"from": [9, 4, 5],
			"to": [10, 5, 11],
			"rotation": {"angle": 0, "axis": "y", "origin": [16, 12, 14]},
			"faces": {
				"north": {"uv": [0, 0, 1, 1], "texture": "#0"},
				"east": {"uv": [0, 0, 6, 1], "texture": "#0"},
				"south": {"uv": [0, 0, 1, 1], "texture": "#0"},
				"west": {"uv": [0, 0, 6, 1], "texture": "#0"},
				"up": {"uv": [0, 0, 1, 6], "texture": "#0"},
				"down": {"uv": [0, 0, 1, 6], "texture": "#0"}
			}
		},
		{
			"from": [16, 4, 5],
			"to": [17, 5, 11],
			"rotation": {"angle": 0, "axis": "y", "origin": [23, 12, 14]},
			"faces": {
				"north": {"uv": [0, 0, 1, 1], "texture": "#0"},
				"east": {"uv": [0, 0, 6, 1], "texture": "#0"},
				"south": {"uv": [0, 0, 1, 1], "texture": "#0"},
				"west": {"uv": [0, 0, 6, 1], "texture": "#0"},
				"up": {"uv": [0, 0, 1, 6], "texture": "#0"},
				"down": {"uv": [0, 0, 1, 6], "texture": "#0"}
			}
		},
		{
			"from": [10, 4, 11],
			"to": [16, 5, 12],
			"rotation": {"angle": 0, "axis": "y", "origin": [22, 12, 15]},
			"faces": {
				"north": {"uv": [0, 0, 6, 1], "texture": "#0"},
				"east": {"uv": [0, 0, 1, 1], "texture": "#0"},
				"south": {"uv": [0, 0, 6, 1], "texture": "#0"},
				"west": {"uv": [0, 0, 1, 1], "texture": "#0"},
				"up": {"uv": [0, 0, 6, 1], "texture": "#0"},
				"down": {"uv": [0, 0, 6, 1], "texture": "#0"}
			}
		},
		{
			"from": [10, 5, 5],
			"to": [16, 6, 11],
			"rotation": {"angle": 0, "axis": "y", "origin": [22, 13, 14]},
			"faces": {
				"north": {"uv": [0, 0, 6, 1], "texture": "#0"},
				"east": {"uv": [0, 0, 6, 1], "texture": "#0"},
				"south": {"uv": [0, 0, 6, 1], "texture": "#0"},
				"west": {"uv": [0, 0, 6, 1], "texture": "#0"},
				"up": {"uv": [0, 0, 6, 6], "texture": "#0"},
				"down": {"uv": [0, 0, 6, 6], "texture": "#0"}
			}
		},
		{
			"from": [10, 4, 4],
			"to": [16, 5, 5],
			"rotation": {"angle": 0, "axis": "y", "origin": [22, 12, 8]},
			"faces": {
				"north": {"uv": [0, 0, 6, 1], "texture": "#0"},
				"east": {"uv": [0, 0, 1, 1], "texture": "#0"},
				"south": {"uv": [0, 0, 6, 1], "texture": "#0"},
				"west": {"uv": [0, 0, 1, 1], "texture": "#0"},
				"up": {"uv": [0, 0, 6, 1], "texture": "#0"},
				"down": {"uv": [0, 0, 6, 1], "texture": "#0"}
			}
		},
		{
			"from": [12, -2, 7],
			"to": [14, 3, 9],
			"rotation": {"angle": 0, "axis": "y", "origin": [20, 8, 15]},
			"faces": {
				"north": {"uv": [0, 0, 2, 2], "texture": "#1"},
				"east": {"uv": [0, 0, 2, 2], "texture": "#1"},
				"south": {"uv": [0, 0, 2, 2], "texture": "#1"},
				"west": {"uv": [0, 0, 2, 2], "texture": "#1"},
				"up": {"uv": [0, 0, 2, 2], "texture": "#1"},
				"down": {"uv": [0, 0, 2, 2], "texture": "#1"}
			}
		},
		{
			"from": [12, 5.08, 9.91],
			"to": [14, 9.08, 11.91],
			"rotation": {"angle": 0, "axis": "y", "origin": [20, 12, 18]},
			"faces": {
				"north": {"uv": [0, 0, 2, 4], "texture": "#1"},
				"east": {"uv": [0, 0, 2, 4], "texture": "#1"},
				"south": {"uv": [0, 0, 2, 4], "texture": "#1"},
				"west": {"uv": [0, 0, 2, 4], "texture": "#1"},
				"up": {"uv": [0, 0, 2, 2], "texture": "#1"},
				"down": {"uv": [0, 0, 2, 2], "texture": "#1"}
			}
		},
		{
			"from": [12, 5.1, 0.88],
			"to": [14, 9, 2.88],
			"rotation": {"angle": 0, "axis": "y", "origin": [20, 12, 9]},
			"faces": {
				"north": {"uv": [0, 0, 2, 3.9], "texture": "#1"},
				"east": {"uv": [0, 0, 2, 3.9], "texture": "#1"},
				"south": {"uv": [0, 0, 2, 3.9], "texture": "#1"},
				"west": {"uv": [0, 0, 2, 3.9], "texture": "#1"},
				"up": {"uv": [0, 0, 2, 2], "texture": "#1"},
				"down": {"uv": [0, 0, 2, 2], "texture": "#1"}
			}
		},
		{
			"from": [12.01, 7.91, -4],
			"to": [13.99, 9.91, -2],
			"rotation": {"angle": -45, "axis": "x", "origin": [20, 13.4, 4.25]},
			"faces": {
				"north": {"uv": [0, 0, 1.98, 2], "texture": "#1"},
				"east": {"uv": [0, 0, 2, 2], "texture": "#1"},
				"south": {"uv": [0, 0, 1.98, 2], "texture": "#1"},
				"west": {"uv": [0, 0, 2, 2], "texture": "#1"},
				"up": {"uv": [0, 0, 1.98, 2], "texture": "#1"},
				"down": {"uv": [0, 0, 1.98, 2], "texture": "#1"}
			}
		},
		{
			"from": [12.01, -5.5, 10.5],
			"to": [13.99, -0.5, 12.5],
			"rotation": {"angle": 45, "axis": "x", "origin": [20, 3, 19]},
			"faces": {
				"north": {"uv": [0, 0, 1.98, 5], "texture": "#1"},
				"east": {"uv": [0, 0, 2, 5], "texture": "#1"},
				"south": {"uv": [0, 0, 1.98, 5], "texture": "#1"},
				"west": {"uv": [0, 0, 2, 5], "texture": "#1"},
				"up": {"uv": [0, 0, 1.98, 2], "texture": "#1"},
				"down": {"uv": [0, 0, 1.98, 2], "texture": "#1"}
			}
		},
		{
			"from": [12.01, 12.34, 13.8],
			"to": [13.99, 14.34, 18.8],
			"rotation": {"angle": 45, "axis": "x", "origin": [20, 20, 9]},
			"faces": {
				"north": {"uv": [0, 0, 1.98, 2], "rotation": 180, "texture": "#1"},
				"east": {"uv": [0, 0, 2, 5], "rotation": 90, "texture": "#1"},
				"south": {"uv": [0, 0, 1.98, 2], "texture": "#1"},
				"west": {"uv": [0, 0, 2, 5], "rotation": 270, "texture": "#1"},
				"up": {"uv": [0, 0, 1.98, 5], "texture": "#1"},
				"down": {"uv": [0, 0, 1.98, 5], "rotation": 180, "texture": "#1"}
			}
		},
		{
			"from": [12.01, 1.765, -2.12],
			"to": [13.99, 3.765, 2.88],
			"rotation": {"angle": -45, "axis": "x", "origin": [20, 10, -7]},
			"faces": {
				"north": {"uv": [0, 0, 1.98, 2], "rotation": 180, "texture": "#1"},
				"east": {"uv": [0, 0, 2, 5], "rotation": 90, "texture": "#1"},
				"south": {"uv": [0, 0, 1.98, 2], "texture": "#1"},
				"west": {"uv": [0, 0, 2, 5], "rotation": 270, "texture": "#1"},
				"up": {"uv": [0, 0, 1.98, 5], "texture": "#1"},
				"down": {"uv": [0, 0, 1.98, 5], "rotation": 180, "texture": "#1"}
			}
		},
		{
			"from": [12, 10.6, 4.4],
			"to": [14, 12.6, 8.4],
			"rotation": {"angle": 0, "axis": "x", "origin": [20, 19, -2]},
			"faces": {
				"north": {"uv": [0, 0, 2, 2], "rotation": 180, "texture": "#1"},
				"east": {"uv": [0, 0, 2, 4], "rotation": 90, "texture": "#1"},
				"south": {"uv": [0, 0, 2, 2], "texture": "#1"},
				"west": {"uv": [0, 0, 2, 4], "rotation": 270, "texture": "#1"},
				"up": {"uv": [0, 0, 2, 4], "texture": "#1"},
				"down": {"uv": [0, 0, 2, 4], "rotation": 180, "texture": "#1"}
			}
		},
		{
			"from": [11, -1, 6],
			"to": [15, 3, 10],
			"rotation": {"angle": 0, "axis": "y", "origin": [0, -7, 0]},
			"faces": {
				"north": {"uv": [3, 3, 6, 7], "texture": "#2"},
				"east": {"uv": [3, 3, 6, 7], "texture": "#2"},
				"south": {"uv": [3, 3, 6, 7], "texture": "#2"},
				"west": {"uv": [3, 3, 6, 7], "texture": "#2"},
				"up": {"uv": [3, 0, 6, 3], "texture": "#2"},
				"down": {"uv": [3, 0, 6, 3], "texture": "#2"}
			}
		}
	],
	"display": {
		"thirdperson_righthand": {
			"rotation": [-90, 0, 0],
			"translation": [-3.25, -1.75, -3],
			"scale": [0.67, 0.67, 0.67]
		},
		"thirdperson_lefthand": {
			"rotation": [-90, 0, 0],
			"translation": [3.5, -2, -3],
			"scale": [0.67, 0.67, 0.67]
		},
		"firstperson_righthand": {
			"rotation": [-52, 0, -2],
			"translation": [6.75, 0.5, -4.75],
			"scale": [0.84, 0.84, 0.84]
		},
		"firstperson_lefthand": {
			"rotation": [-52, 0, -1.5],
			"translation": [13, 1.5, -3.25],
			"scale": [0.84, 0.84, 0.84]
		},
		"ground": {
			"translation": [0, 4.75, 0],
			"scale": [0.65, 0.65, 0.65]
		},
		"gui": {
			"rotation": [-61, 44, 48],
			"translation": [-1.25, 0.5, 0],
			"scale": [0.77, 0.77, 0.77]
		}
	},
	"groups": [
		0,
		1,
		2,
		3,
		4,
		5,
		6,
		7,
		8,
		9,
		10,
		11,
		12,
		13,
		14,
		15,
		{
			"name": "hook",
			"origin": [8, 8, 8],
			"color": 0,
			"nbt": "{}",
			"armAnimationEnabled": false,
			"children": []
		},
		16
	]
}