{
	"credit": "Made with Blockbench",
	"textures": {
		"0": "custom/pr_sight",
		"1": "block/chorus_plant",
		"2": "block/polished_basalt_side",
		"3": "block/structure_block",
		"4": "block/end_stone",
		"5": "custom/particle_canister",
		"particle": "block/chorus_plant"
	},
	"elements": [
		{
			"from": [7.2, 7.8, 15.2],
			"to": [9, 10.6, 17],
			"rotation": {"angle": 0, "axis": "z", "origin": [0, 18, 22]},
			"faces": {
				"north": {"uv": [0, 0, 16, 16], "rotation": 180, "texture": "#5"},
				"east": {"uv": [0, 0, 16, 16], "texture": "#5"},
				"south": {"uv": [0, 0, 16, 16], "texture": "#5"},
				"west": {"uv": [0, 0, 16, 16], "texture": "#5"},
				"up": {"uv": [0, 0, 2, 2], "rotation": 270, "texture": "#5"},
				"down": {"uv": [0, 0, 2, 2], "rotation": 270, "texture": "#5"}
			}
		},
		{
			"from": [7, 7, -14],
			"to": [9, 9, 8],
			"faces": {
				"north": {"uv": [0, 0, 2, 2], "texture": "#2"},
				"east": {"uv": [0, 0, 16, 2], "texture": "#2"},
				"south": {"uv": [0, 0, 2, 2], "texture": "#2"},
				"west": {"uv": [0, 0, 16, 2], "texture": "#2"},
				"up": {"uv": [0, 0, 2, 16], "texture": "#2"},
				"down": {"uv": [0, 0, 2, 16], "texture": "#2"}
			}
		},
		{
			"from": [7.5, 7.5, -16],
			"to": [8.5, 8.5, -14],
			"faces": {
				"north": {"uv": [0, 0, 1, 1], "texture": "#2"},
				"east": {"uv": [0, 0, 2, 1], "texture": "#2"},
				"south": {"uv": [0, 0, 1, 1], "texture": "#2"},
				"west": {"uv": [0, 0, 2, 1], "texture": "#2"},
				"up": {"uv": [0, 0, 1, 2], "texture": "#2"},
				"down": {"uv": [0, 0, 1, 2], "texture": "#2"}
			}
		},
		{
			"from": [8.8, 9.5, -16],
			"to": [9.8, 10.5, -14],
			"faces": {
				"north": {"uv": [0, 0, 1, 1], "texture": "#2"},
				"east": {"uv": [0, 0, 2, 1], "texture": "#2"},
				"south": {"uv": [0, 0, 1, 1], "texture": "#2"},
				"west": {"uv": [0, 0, 2, 1], "texture": "#2"},
				"up": {"uv": [0, 0, 1, 2], "texture": "#2"},
				"down": {"uv": [0, 0, 1, 2], "texture": "#2"}
			}
		},
		{
			"from": [8.2, 9, -14],
			"to": [10.2, 11, 8],
			"faces": {
				"north": {"uv": [0, 0, 2, 2], "texture": "#2"},
				"east": {"uv": [0, 0, 16, 2], "texture": "#2"},
				"south": {"uv": [0, 0, 2, 2], "texture": "#2"},
				"west": {"uv": [0, 0, 16, 2], "texture": "#2"},
				"up": {"uv": [0, 0, 2, 16], "texture": "#2"},
				"down": {"uv": [0, 0, 2, 16], "texture": "#2"}
			}
		},
		{
			"from": [6.3, 9.5, -16],
			"to": [7.3, 10.5, -14],
			"faces": {
				"north": {"uv": [0, 0, 1, 1], "texture": "#2"},
				"east": {"uv": [0, 0, 2, 1], "texture": "#2"},
				"south": {"uv": [0, 0, 1, 1], "texture": "#2"},
				"west": {"uv": [0, 0, 2, 1], "texture": "#2"},
				"up": {"uv": [0, 0, 1, 2], "texture": "#2"},
				"down": {"uv": [0, 0, 1, 2], "texture": "#2"}
			}
		},
		{
			"from": [5.8, 9, -14],
			"to": [7.8, 11, 8],
			"faces": {
				"north": {"uv": [0, 0, 2, 2], "texture": "#2"},
				"east": {"uv": [0, 0, 16, 2], "texture": "#2"},
				"south": {"uv": [0, 0, 2, 2], "texture": "#2"},
				"west": {"uv": [0, 0, 16, 2], "texture": "#2"},
				"up": {"uv": [0, 0, 2, 16], "texture": "#2"},
				"down": {"uv": [0, 0, 2, 16], "texture": "#2"}
			}
		},
		{
			"from": [6.3, 5.5, -16],
			"to": [7.3, 6.5, -14],
			"faces": {
				"north": {"uv": [0, 0, 1, 1], "texture": "#2"},
				"east": {"uv": [0, 0, 2, 1], "texture": "#2"},
				"south": {"uv": [0, 0, 1, 1], "texture": "#2"},
				"west": {"uv": [0, 0, 2, 1], "texture": "#2"},
				"up": {"uv": [0, 0, 1, 2], "texture": "#2"},
				"down": {"uv": [0, 0, 1, 2], "texture": "#2"}
			}
		},
		{
			"from": [8.8, 5.5, -16],
			"to": [9.8, 6.5, -14],
			"faces": {
				"north": {"uv": [0, 0, 1, 1], "texture": "#2"},
				"east": {"uv": [0, 0, 2, 1], "texture": "#2"},
				"south": {"uv": [0, 0, 1, 1], "texture": "#2"},
				"west": {"uv": [0, 0, 2, 1], "texture": "#2"},
				"up": {"uv": [0, 0, 1, 2], "texture": "#2"},
				"down": {"uv": [0, 0, 1, 2], "texture": "#2"}
			}
		},
		{
			"from": [8.2, 5, -14],
			"to": [10.2, 7, 8],
			"faces": {
				"north": {"uv": [0, 0, 2, 2], "texture": "#2"},
				"east": {"uv": [0, 0, 16, 2], "texture": "#2"},
				"south": {"uv": [0, 0, 2, 2], "texture": "#2"},
				"west": {"uv": [0, 0, 16, 2], "texture": "#2"},
				"up": {"uv": [0, 0, 2, 16], "texture": "#2"},
				"down": {"uv": [0, 0, 2, 16], "texture": "#2"}
			}
		},
		{
			"from": [5.8, 5, -14],
			"to": [7.8, 7, 8],
			"faces": {
				"north": {"uv": [0, 0, 2, 2], "texture": "#2"},
				"east": {"uv": [0, 0, 16, 2], "texture": "#2"},
				"south": {"uv": [0, 0, 2, 2], "texture": "#2"},
				"west": {"uv": [0, 0, 16, 2], "texture": "#2"},
				"up": {"uv": [0, 0, 2, 16], "texture": "#2"},
				"down": {"uv": [0, 0, 2, 16], "texture": "#2"}
			}
		},
		{
			"from": [5, 7.5, -16],
			"to": [6, 8.5, -14],
			"faces": {
				"north": {"uv": [0, 0, 1, 1], "texture": "#2"},
				"east": {"uv": [0, 0, 2, 1], "texture": "#2"},
				"south": {"uv": [0, 0, 1, 1], "texture": "#2"},
				"west": {"uv": [0, 0, 2, 1], "texture": "#2"},
				"up": {"uv": [0, 0, 1, 2], "texture": "#2"},
				"down": {"uv": [0, 0, 1, 2], "texture": "#2"}
			}
		},
		{
			"from": [4.5, 7, -14],
			"to": [6.5, 9, 8],
			"faces": {
				"north": {"uv": [0, 0, 2, 2], "texture": "#2"},
				"east": {"uv": [0, 0, 16, 2], "texture": "#2"},
				"south": {"uv": [0, 0, 2, 2], "texture": "#2"},
				"west": {"uv": [0, 0, 16, 2], "texture": "#2"},
				"up": {"uv": [0, 0, 2, 16], "texture": "#2"},
				"down": {"uv": [0, 0, 2, 16], "texture": "#2"}
			}
		},
		{
			"from": [9.5, 7, -14],
			"to": [11.5, 9, 8],
			"faces": {
				"north": {"uv": [0, 0, 2, 2], "texture": "#2"},
				"east": {"uv": [0, 0, 16, 2], "texture": "#2"},
				"south": {"uv": [0, 0, 2, 2], "texture": "#2"},
				"west": {"uv": [0, 0, 16, 2], "texture": "#2"},
				"up": {"uv": [0, 0, 2, 16], "texture": "#2"},
				"down": {"uv": [0, 0, 2, 16], "texture": "#2"}
			}
		},
		{
			"from": [10, 7.5, -16],
			"to": [11, 8.5, -14],
			"faces": {
				"north": {"uv": [0, 0, 1, 1], "texture": "#2"},
				"east": {"uv": [0, 0, 2, 1], "texture": "#2"},
				"south": {"uv": [0, 0, 1, 1], "texture": "#2"},
				"west": {"uv": [0, 0, 2, 1], "texture": "#2"},
				"up": {"uv": [0, 0, 1, 2], "texture": "#2"},
				"down": {"uv": [0, 0, 1, 2], "texture": "#2"}
			}
		},
		{
			"from": [5, 5, 8],
			"to": [11, 11, 9],
			"faces": {
				"north": {"uv": [0, 0, 3, 4], "texture": "#4"},
				"east": {"uv": [0, 0, 1, 6], "texture": "#4"},
				"south": {"uv": [0, 0, 3, 4], "texture": "#4"},
				"west": {"uv": [0, 0, 1, 6], "texture": "#4"},
				"up": {"uv": [0, 0, 6, 1], "texture": "#4"},
				"down": {"uv": [0, 0, 6, 1], "texture": "#4"}
			}
		},
		{
			"from": [5, 4, 0],
			"to": [11, 5, 10],
			"faces": {
				"north": {"uv": [0, 0, 6, 1], "texture": "#4"},
				"east": {"uv": [0, 0, 10, 1], "texture": "#4"},
				"south": {"uv": [0, 0, 6, 1], "texture": "#4"},
				"west": {"uv": [0, 0, 10, 1], "texture": "#4"},
				"up": {"uv": [0, 0, 3, 4], "texture": "#4"},
				"down": {"uv": [0, 0, 3, 4], "texture": "#4"}
			}
		},
		{
			"from": [5, 5, -2],
			"to": [6, 6, 8],
			"faces": {
				"north": {"uv": [0, 0, 1, 1], "texture": "#4"},
				"east": {"uv": [0, 0, 10, 1], "texture": "#4"},
				"south": {"uv": [0, 0, 1, 1], "texture": "#4"},
				"west": {"uv": [0, 0, 10, 1], "texture": "#4"},
				"up": {"uv": [0, 0, 1, 10], "texture": "#4"},
				"down": {"uv": [0, 0, 1, 10], "texture": "#4"}
			}
		},
		{
			"from": [10, 5, -2],
			"to": [11, 6, 8],
			"faces": {
				"north": {"uv": [0, 0, 1, 1], "texture": "#4"},
				"east": {"uv": [0, 0, 10, 1], "texture": "#4"},
				"south": {"uv": [0, 0, 1, 1], "texture": "#4"},
				"west": {"uv": [0, 0, 10, 1], "texture": "#4"},
				"up": {"uv": [0, 0, 1, 10], "texture": "#4"},
				"down": {"uv": [0, 0, 1, 10], "texture": "#4"}
			}
		},
		{
			"from": [5, 3, 1],
			"to": [11, 4, 9],
			"faces": {
				"north": {"uv": [0, 0, 6, 1], "texture": "#4"},
				"east": {"uv": [0, 0, 8, 1], "texture": "#4"},
				"south": {"uv": [0, 0, 6, 1], "texture": "#4"},
				"west": {"uv": [0, 0, 8, 1], "texture": "#4"},
				"up": {"uv": [0, 0, 6, 8], "texture": "#4"},
				"down": {"uv": [0, 0, 3, 4], "texture": "#4"}
			}
		},
		{
			"from": [7, 2, 1],
			"to": [9, 3, 4],
			"faces": {
				"north": {"uv": [0, 0, 2, 1], "texture": "#4"},
				"east": {"uv": [0, 0, 3, 1], "texture": "#4"},
				"south": {"uv": [0, 0, 2, 1], "texture": "#4"},
				"west": {"uv": [0, 0, 3, 1], "texture": "#4"},
				"up": {"uv": [0, 0, 2, 3], "texture": "#4"},
				"down": {"uv": [0, 0, 2, 3], "texture": "#4"}
			}
		},
		{
			"from": [6, 2, 4],
			"to": [10, 3, 8],
			"faces": {
				"north": {"uv": [0, 0, 4, 1], "texture": "#4"},
				"east": {"uv": [0, 0, 4, 1], "texture": "#4"},
				"south": {"uv": [0, 0, 4, 1], "texture": "#4"},
				"west": {"uv": [0, 0, 4, 1], "texture": "#4"},
				"up": {"uv": [0, 0, 4, 4], "texture": "#4"},
				"down": {"uv": [0, 0, 3, 4], "texture": "#4"}
			}
		},
		{
			"from": [6, 4, -5],
			"to": [10, 5, 0],
			"faces": {
				"north": {"uv": [0, 0, 4, 1], "texture": "#4"},
				"east": {"uv": [0, 0, 5, 1], "texture": "#4"},
				"south": {"uv": [0, 0, 4, 1], "texture": "#4"},
				"west": {"uv": [0, 0, 5, 1], "texture": "#4"},
				"up": {"uv": [0, 0, 4, 5], "texture": "#4"},
				"down": {"uv": [0, 0, 3, 4], "texture": "#4"}
			}
		},
		{
			"from": [7, 3, -4],
			"to": [9, 4, 1],
			"faces": {
				"north": {"uv": [0, 0, 2, 1], "texture": "#4"},
				"east": {"uv": [0, 0, 5, 1], "texture": "#4"},
				"south": {"uv": [0, 0, 2, 1], "texture": "#4"},
				"west": {"uv": [0, 0, 5, 1], "texture": "#4"},
				"up": {"uv": [0, 0, 2, 5], "texture": "#4"},
				"down": {"uv": [0, 0, 2, 5], "texture": "#4"}
			}
		},
		{
			"from": [9, 3, -2],
			"to": [10, 4, 1],
			"faces": {
				"north": {"uv": [0, 0, 1, 1], "texture": "#4"},
				"east": {"uv": [0, 0, 3, 1], "texture": "#4"},
				"south": {"uv": [0, 0, 1, 1], "texture": "#4"},
				"west": {"uv": [0, 0, 3, 1], "texture": "#4"},
				"up": {"uv": [0, 0, 1, 3], "texture": "#4"},
				"down": {"uv": [0, 0, 1, 3], "texture": "#4"}
			}
		},
		{
			"from": [6, 3, -2],
			"to": [7, 4, 1],
			"faces": {
				"north": {"uv": [0, 0, 1, 1], "texture": "#4"},
				"east": {"uv": [0, 0, 3, 1], "texture": "#4"},
				"south": {"uv": [0, 0, 1, 1], "texture": "#4"},
				"west": {"uv": [0, 0, 3, 1], "texture": "#4"},
				"up": {"uv": [0, 0, 1, 3], "texture": "#4"},
				"down": {"uv": [0, 0, 1, 3], "texture": "#4"}
			}
		},
		{
			"from": [7.5, 4, -15],
			"to": [8.5, 5, -5],
			"faces": {
				"north": {"uv": [0, 0, 1, 1], "texture": "#4"},
				"east": {"uv": [0, 0, 10, 1], "texture": "#4"},
				"south": {"uv": [0, 0, 1, 1], "texture": "#4"},
				"west": {"uv": [0, 0, 10, 1], "texture": "#4"},
				"up": {"uv": [0, 0, 1, 10], "texture": "#4"},
				"down": {"uv": [0, 0, 1, 10], "texture": "#4"}
			}
		},
		{
			"from": [6, 6, 9],
			"to": [10, 11, 11],
			"faces": {
				"north": {"uv": [0, 0, 4, 5], "texture": "#1"},
				"east": {"uv": [0, 0, 2, 5], "texture": "#1"},
				"south": {"uv": [0, 0, 4, 5], "texture": "#1"},
				"west": {"uv": [0, 0, 2, 5], "texture": "#1"},
				"up": {"uv": [0, 0, 4, 2], "texture": "#1"},
				"down": {"uv": [0, 0, 4, 2], "texture": "#1"}
			}
		},
		{
			"from": [5, 8, 9],
			"to": [6, 11, 11],
			"faces": {
				"north": {"uv": [0, 0, 1, 3], "texture": "#4"},
				"east": {"uv": [0, 0, 2, 3], "texture": "#4"},
				"south": {"uv": [0, 0, 1, 3], "texture": "#4"},
				"west": {"uv": [0, 0, 2, 3], "texture": "#4"},
				"up": {"uv": [0, 0, 1, 2], "texture": "#4"},
				"down": {"uv": [0, 0, 1, 2], "texture": "#4"}
			}
		},
		{
			"from": [10, 8, 9],
			"to": [11, 11, 11],
			"faces": {
				"north": {"uv": [0, 0, 1, 3], "texture": "#4"},
				"east": {"uv": [0, 0, 2, 3], "texture": "#4"},
				"south": {"uv": [0, 0, 1, 3], "texture": "#4"},
				"west": {"uv": [0, 0, 2, 3], "texture": "#4"},
				"up": {"uv": [0, 0, 1, 2], "texture": "#4"},
				"down": {"uv": [0, 0, 1, 2], "texture": "#4"}
			}
		},
		{
			"from": [6, 6, 11],
			"to": [10, 10, 12],
			"faces": {
				"north": {"uv": [0, 0, 4, 4], "texture": "#1"},
				"east": {"uv": [0, 0, 1, 4], "texture": "#1"},
				"south": {"uv": [0, 0, 4, 4], "texture": "#1"},
				"west": {"uv": [0, 0, 1, 4], "texture": "#1"},
				"up": {"uv": [0, 0, 4, 1], "texture": "#1"},
				"down": {"uv": [0, 0, 4, 1], "texture": "#1"}
			}
		},
		{
			"from": [6, 5, 12],
			"to": [10, 10, 18],
			"faces": {
				"north": {"uv": [0, 0, 4, 5], "texture": "#1"},
				"east": {"uv": [0, 0, 6, 5], "texture": "#1"},
				"south": {"uv": [0, 0, 4, 5], "texture": "#1"},
				"west": {"uv": [0, 0, 6, 5], "texture": "#1"},
				"up": {"uv": [0, 0, 4, 6], "texture": "#1"},
				"down": {"uv": [0, 0, 4, 6], "texture": "#1"}
			}
		},
		{
			"from": [7.1, 10, 11],
			"to": [8.9, 15, 15],
			"rotation": {"angle": 22.5, "axis": "x", "origin": [0, 0, 0]},
			"faces": {
				"north": {"uv": [0, 0, 1.8, 5], "texture": "#1"},
				"east": {"uv": [0, 0, 4, 5], "texture": "#1"},
				"south": {"uv": [0, 0, 1.8, 5], "texture": "#1"},
				"west": {"uv": [0, 0, 4, 5], "texture": "#1"},
				"up": {"uv": [0, 0, 1.8, 4], "texture": "#1"},
				"down": {"uv": [0, 0, 1.8, 4], "texture": "#1"}
			}
		},
		{
			"from": [7, 15, 14],
			"to": [9, 17, 15],
			"rotation": {"angle": 22.5, "axis": "x", "origin": [0, 0, 0]},
			"faces": {
				"north": {"uv": [0, 0, 2, 2], "texture": "#1"},
				"east": {"uv": [0, 0, 1, 2], "texture": "#1"},
				"south": {"uv": [0, 0, 2, 2], "texture": "#1"},
				"west": {"uv": [0, 0, 1, 2], "texture": "#1"},
				"up": {"uv": [0, 0, 2, 1], "texture": "#1"},
				"down": {"uv": [0, 0, 2, 1], "texture": "#1"}
			}
		},
		{
			"from": [6, 9, 14],
			"to": [10, 10, 18],
			"rotation": {"angle": 22.5, "axis": "x", "origin": [0, 0, 0]},
			"faces": {
				"north": {"uv": [0, 0, 4, 1], "texture": "#1"},
				"east": {"uv": [0, 0, 4, 1], "texture": "#1"},
				"south": {"uv": [0, 0, 4, 1], "texture": "#1"},
				"west": {"uv": [0, 0, 4, 1], "texture": "#1"},
				"up": {"uv": [0, 0, 4, 4], "texture": "#1"},
				"down": {"uv": [0, 0, 4, 4], "texture": "#1"}
			}
		},
		{
			"from": [6.1, 10, 15],
			"to": [9.9, 17, 21],
			"rotation": {"angle": 22.5, "axis": "x", "origin": [0, 0, 0]},
			"faces": {
				"north": {"uv": [0, 0, 3.8, 7], "texture": "#1"},
				"east": {"uv": [0, 0, 6, 7], "texture": "#1"},
				"south": {"uv": [0, 0, 3.8, 7], "texture": "#1"},
				"west": {"uv": [0, 0, 6, 7], "texture": "#1"},
				"up": {"uv": [0, 0, 3.8, 6], "texture": "#1"},
				"down": {"uv": [0, 0, 3.8, 6], "texture": "#1"}
			}
		},
		{
			"from": [6.1, 12, 24],
			"to": [9.9, 17, 28],
			"rotation": {"angle": 22.5, "axis": "x", "origin": [0, 0, 0]},
			"faces": {
				"north": {"uv": [0, 0, 3.8, 5], "texture": "#1"},
				"east": {"uv": [0, 0, 4, 5], "texture": "#1"},
				"south": {"uv": [0, 0, 3.8, 5], "texture": "#1"},
				"west": {"uv": [0, 0, 4, 5], "texture": "#1"},
				"up": {"uv": [0, 0, 3.8, 4], "texture": "#1"},
				"down": {"uv": [0, 0, 3.8, 4], "texture": "#1"}
			}
		},
		{
			"from": [6, 11, 21],
			"to": [10, 15, 24],
			"rotation": {"angle": 22.5, "axis": "x", "origin": [0, 0, 0]},
			"faces": {
				"north": {"uv": [0, 0, 4, 4], "texture": "#1"},
				"east": {"uv": [0, 0, 3, 4], "texture": "#1"},
				"south": {"uv": [0, 0, 4, 4], "texture": "#1"},
				"west": {"uv": [0, 0, 3, 4], "texture": "#1"},
				"up": {"uv": [0, 0, 4, 3], "texture": "#1"},
				"down": {"uv": [0, 0, 4, 3], "texture": "#1"}
			}
		},
		{
			"from": [5.9, 17, 20],
			"to": [10.1, 19, 27],
			"rotation": {"angle": 22.5, "axis": "x", "origin": [0, 0, 0]},
			"faces": {
				"north": {"uv": [0, 0, 4.2, 2], "texture": "#1"},
				"east": {"uv": [0, 0, 7, 2], "texture": "#1"},
				"south": {"uv": [0, 0, 4.2, 2], "texture": "#1"},
				"west": {"uv": [0, 0, 7, 2], "texture": "#1"},
				"up": {"uv": [0, 0, 4.2, 7], "texture": "#1"},
				"down": {"uv": [0, 0, 4.2, 7], "texture": "#1"}
			}
		},
		{
			"from": [6, 4, 21],
			"to": [10, 10, 32],
			"faces": {
				"north": {"uv": [0, 0, 4, 6], "texture": "#1"},
				"east": {"uv": [0, 0, 11, 6], "texture": "#1"},
				"south": {"uv": [0, 0, 4, 6], "texture": "#1"},
				"west": {"uv": [0, 0, 11, 6], "texture": "#1"},
				"up": {"uv": [0, 0, 4, 11], "texture": "#1"},
				"down": {"uv": [0, 0, 4, 11], "texture": "#1"}
			}
		},
		{
			"from": [5, 3, 21],
			"to": [6, 9, 28],
			"faces": {
				"north": {"uv": [0, 0, 1, 6], "texture": "#1"},
				"east": {"uv": [0, 0, 7, 6], "texture": "#1"},
				"south": {"uv": [0, 0, 1, 6], "texture": "#1"},
				"west": {"uv": [0, 0, 7, 6], "texture": "#1"},
				"up": {"uv": [0, 0, 1, 7], "texture": "#1"},
				"down": {"uv": [0, 0, 1, 7], "texture": "#1"}
			}
		},
		{
			"from": [10, 3, 21],
			"to": [11, 9, 28],
			"faces": {
				"north": {"uv": [0, 0, 1, 6], "texture": "#1"},
				"east": {"uv": [0, 0, 7, 6], "texture": "#1"},
				"south": {"uv": [0, 0, 1, 6], "texture": "#1"},
				"west": {"uv": [0, 0, 7, 6], "texture": "#1"},
				"up": {"uv": [0, 0, 1, 7], "texture": "#1"},
				"down": {"uv": [0, 0, 1, 7], "texture": "#1"}
			}
		},
		{
			"from": [10, 4, 28],
			"to": [11, 8, 30],
			"faces": {
				"north": {"uv": [0, 0, 1, 4], "texture": "#1"},
				"east": {"uv": [0, 0, 2, 4], "texture": "#1"},
				"south": {"uv": [0, 0, 1, 4], "texture": "#1"},
				"west": {"uv": [0, 0, 2, 4], "texture": "#1"},
				"up": {"uv": [0, 0, 1, 2], "texture": "#1"},
				"down": {"uv": [0, 0, 1, 2], "texture": "#1"}
			}
		},
		{
			"from": [5, 4, 28],
			"to": [6, 8, 30],
			"faces": {
				"north": {"uv": [0, 0, 1, 4], "texture": "#1"},
				"east": {"uv": [0, 0, 2, 4], "texture": "#1"},
				"south": {"uv": [0, 0, 1, 4], "texture": "#1"},
				"west": {"uv": [0, 0, 2, 4], "texture": "#1"},
				"up": {"uv": [0, 0, 1, 2], "texture": "#1"},
				"down": {"uv": [0, 0, 1, 2], "texture": "#1"}
			}
		},
		{
			"from": [6, 5, 9],
			"to": [10, 6, 11],
			"faces": {
				"north": {"uv": [0, 0, 4, 1], "texture": "#4"},
				"east": {"uv": [0, 0, 2, 1], "texture": "#4"},
				"south": {"uv": [0, 0, 4, 1], "texture": "#4"},
				"west": {"uv": [0, 0, 2, 1], "texture": "#4"},
				"up": {"uv": [0, 0, 4, 2], "texture": "#4"},
				"down": {"uv": [0, 0, 4, 2], "texture": "#4"}
			}
		},
		{
			"from": [7, 3, 12],
			"to": [9, 3.2, 14],
			"faces": {
				"north": {"uv": [0, 0, 2, 0.2], "texture": "#3"},
				"east": {"uv": [0, 0, 2, 0.2], "texture": "#3"},
				"south": {"uv": [0, 0, 2, 0.2], "texture": "#3"},
				"west": {"uv": [0, 0, 2, 0.2], "texture": "#3"},
				"up": {"uv": [0, 0, 2, 2], "texture": "#3"},
				"down": {"uv": [0, 0, 2, 2], "texture": "#3"}
			}
		},
		{
			"from": [7, 3, 11.8],
			"to": [9, 6, 12],
			"faces": {
				"north": {"uv": [0, 0, 2, 3], "texture": "#3"},
				"east": {"uv": [0, 0, 0.2, 3], "texture": "#3"},
				"south": {"uv": [0, 0, 2, 3], "texture": "#3"},
				"west": {"uv": [0, 0, 0.2, 3], "texture": "#3"},
				"up": {"uv": [0, 0, 2, 0.2], "texture": "#3"},
				"down": {"uv": [0, 0, 2, 0.2], "texture": "#3"}
			}
		},
		{
			"from": [7.5, 8, 10.2],
			"to": [8.5, 10, 10.6],
			"rotation": {"angle": 22.5, "axis": "x", "origin": [0, 0, 0]},
			"faces": {
				"north": {"uv": [0, 0, 1, 2], "texture": "#4"},
				"east": {"uv": [0, 0, 0.4, 2], "texture": "#4"},
				"south": {"uv": [0, 0, 1, 2], "texture": "#4"},
				"west": {"uv": [0, 0, 0.4, 2], "texture": "#4"},
				"up": {"uv": [0, 0, 1, 0.4], "texture": "#4"},
				"down": {"uv": [0, 0, 1, 0.4], "texture": "#4"}
			}
		},
		{
			"from": [7, -5, 14],
			"to": [9, 0, 16],
			"rotation": {"angle": -22.5, "axis": "x", "origin": [0, 0, 0]},
			"faces": {
				"north": {"uv": [0, 0, 2, 5], "texture": "#3"},
				"east": {"uv": [0, 0, 2, 5], "texture": "#3"},
				"south": {"uv": [0, 0, 2, 5], "texture": "#3"},
				"west": {"uv": [0, 0, 2, 5], "texture": "#3"},
				"up": {"uv": [0, 0, 2, 2], "texture": "#3"},
				"down": {"uv": [0, 0, 2, 2], "texture": "#3"}
			}
		},
		{
			"from": [9.2, 11, 9],
			"to": [9.4, 13, 10],
			"faces": {
				"north": {"uv": [0, 0, 0.2, 2], "texture": "#4"},
				"east": {"uv": [0, 0, 1, 2], "texture": "#4"},
				"south": {"uv": [0, 0, 0.2, 2], "texture": "#4"},
				"west": {"uv": [0, 0, 1, 2], "texture": "#4"},
				"up": {"uv": [0, 0, 0.2, 1], "texture": "#4"},
				"down": {"uv": [0, 0, 0.2, 1], "texture": "#4"}
			}
		},
		{
			"from": [6.8, 11, 9],
			"to": [7, 13, 10],
			"faces": {
				"north": {"uv": [0, 0, 0.2, 2], "texture": "#4"},
				"east": {"uv": [0, 0, 1, 2], "texture": "#4"},
				"south": {"uv": [0, 0, 0.2, 2], "texture": "#4"},
				"west": {"uv": [0, 0, 1, 2], "texture": "#4"},
				"up": {"uv": [0, 0, 0.2, 1], "texture": "#4"},
				"down": {"uv": [0, 0, 0.2, 1], "texture": "#4"}
			}
		},
		{
			"from": [7, 11, 9.2],
			"to": [9.2, 13, 9.8],
			"faces": {
				"north": {"uv": [0, 0, 2.2, 2], "texture": "#0"},
				"east": {"uv": [0, 0, 0.6, 2], "texture": "#0"},
				"south": {"uv": [5.58485, 5.81818, 10.48485, 9.27273], "texture": "#0"},
				"west": {"uv": [0, 0, 0.6, 2], "texture": "#0"},
				"up": {"uv": [0, 0, 2.2, 0.6], "texture": "#0"},
				"down": {"uv": [0, 0, 2.2, 0.6], "texture": "#0"}
			}
		}
	],
	"display": {
		"thirdperson_righthand": {
			"translation": [0, 1.75, -2.5],
			"scale": [0.48, 0.48, 0.48]
		},
		"thirdperson_lefthand": {
			"translation": [0, 1, -2.75],
			"scale": [0.48, 0.48, 0.48]
		},
		"firstperson_righthand": {
			"rotation": [0, 0, 20],
			"translation": [4, 11.25, -7.25],
			"scale": [0.73, 0.73, 0.73]
		},
		"firstperson_lefthand": {
			"rotation": [0, 0, 20],
			"translation": [6.5, 11.25, -7.25],
			"scale": [0.73, 0.73, 0.73]
		},
		"ground": {
			"translation": [0, 5.5, 0],
			"scale": [0.74, 0.74, 0.74]
		},
		"gui": {
			"rotation": [32, 150, -4],
			"scale": [0.53, 0.53, 0.53]
		}
	},
	"groups": [
		{
			"name": "stock",
			"origin": [8, 8, 8],
			"color": 0,
			"children": []
		},
		{
			"name": "barrel",
			"origin": [8, 8, 8],
			"color": 0,
			"children": []
		},
		0,
		1,
		2,
		3,
		4,
		5,
		6,
		7,
		8,
		9,
		10,
		11,
		12,
		13,
		14,
		15,
		16,
		17,
		18,
		19,
		20,
		21,
		22,
		23,
		24,
		25,
		26,
		27,
		28,
		29,
		30,
		31,
		32,
		33,
		34,
		35,
		36,
		37,
		38,
		39,
		40,
		41,
		42,
		43,
		44,
		45,
		46,
		47,
		48,
		49,
		50,
		51
	]
}