{
	"credit": "Made with Blockbench",
	"textures": {
		"1": "block/fire_coral_block",
		"2": "block/anvil",
		"3": "block/structure_block",
		"7": "block/daylight_detector_inverted_top",
		"8": "block/command_block_back",
		"particle": "block/netherite_block"
	},
	"elements": [
		{
			"from": [3, -16, 9],
			"to": [13, -8, 25],
			"rotation": {"angle": 0, "axis": "y", "origin": [0, -16, 9]},
			"faces": {
				"north": {"uv": [0, 0, 10, 8], "texture": "#1"},
				"east": {"uv": [0, 0, 16, 8], "texture": "#1"},
				"south": {"uv": [0, 0, 10, 8], "texture": "#1"},
				"west": {"uv": [0, 0, 16, 8], "texture": "#1"},
				"up": {"uv": [0, 0, 10, 16], "texture": "#1"},
				"down": {"uv": [0, 0, 10, 16], "texture": "#1"}
			}
		},
		{
			"from": [0, -16, 12],
			"to": [3, -8, 22],
			"rotation": {"angle": 0, "axis": "y", "origin": [0, -16, 9]},
			"faces": {
				"north": {"uv": [0, 0, 3, 8], "texture": "#1"},
				"east": {"uv": [0, 0, 10, 8], "texture": "#1"},
				"south": {"uv": [0, 0, 3, 8], "texture": "#1"},
				"west": {"uv": [0, 0, 10, 8], "texture": "#1"},
				"up": {"uv": [0, 0, 3, 10], "texture": "#1"},
				"down": {"uv": [0, 0, 3, 10], "texture": "#1"}
			}
		},
		{
			"from": [0, -16, 9],
			"to": [3, -12, 12],
			"rotation": {"angle": 0, "axis": "y", "origin": [0, -16, 9]},
			"faces": {
				"north": {"uv": [0, 0, 3, 4], "texture": "#1"},
				"east": {"uv": [0, 0, 3, 4], "texture": "#1"},
				"south": {"uv": [0, 0, 3, 4], "texture": "#1"},
				"west": {"uv": [0, 0, 3, 4], "texture": "#1"},
				"up": {"uv": [0, 0, 3, 3], "texture": "#1"},
				"down": {"uv": [0, 0, 3, 3], "texture": "#1"}
			}
		},
		{
			"from": [13, -16, 9],
			"to": [16, -12, 12],
			"rotation": {"angle": 0, "axis": "y", "origin": [0, -16, 9]},
			"faces": {
				"north": {"uv": [0, 0, 3, 4], "texture": "#1"},
				"east": {"uv": [0, 0, 3, 4], "texture": "#1"},
				"south": {"uv": [0, 0, 3, 4], "texture": "#1"},
				"west": {"uv": [0, 0, 3, 4], "texture": "#1"},
				"up": {"uv": [0, 0, 3, 3], "texture": "#1"},
				"down": {"uv": [0, 0, 3, 3], "texture": "#1"}
			}
		},
		{
			"from": [13, -16, 22],
			"to": [16, -12, 25],
			"rotation": {"angle": 0, "axis": "y", "origin": [0, -16, 9]},
			"faces": {
				"north": {"uv": [0, 0, 3, 4], "texture": "#1"},
				"east": {"uv": [0, 0, 3, 4], "texture": "#1"},
				"south": {"uv": [0, 0, 3, 4], "texture": "#1"},
				"west": {"uv": [0, 0, 3, 4], "texture": "#1"},
				"up": {"uv": [0, 0, 3, 3], "texture": "#1"},
				"down": {"uv": [0, 0, 3, 3], "texture": "#1"}
			}
		},
		{
			"from": [0, -16, 22],
			"to": [3, -12, 25],
			"rotation": {"angle": 0, "axis": "y", "origin": [0, -16, 9]},
			"faces": {
				"north": {"uv": [0, 0, 3, 4], "texture": "#1"},
				"east": {"uv": [0, 0, 3, 4], "texture": "#1"},
				"south": {"uv": [0, 0, 3, 4], "texture": "#1"},
				"west": {"uv": [0, 0, 3, 4], "texture": "#1"},
				"up": {"uv": [0, 0, 3, 3], "texture": "#1"},
				"down": {"uv": [0, 0, 3, 3], "texture": "#1"}
			}
		},
		{
			"from": [13, -16, 12],
			"to": [16, -8, 22],
			"rotation": {"angle": 0, "axis": "y", "origin": [0, -16, 9]},
			"faces": {
				"north": {"uv": [0, 0, 3, 8], "texture": "#1"},
				"east": {"uv": [0, 0, 10, 8], "texture": "#1"},
				"south": {"uv": [0, 0, 3, 8], "texture": "#1"},
				"west": {"uv": [0, 0, 10, 8], "texture": "#1"},
				"up": {"uv": [0, 0, 3, 10], "texture": "#1"},
				"down": {"uv": [0, 0, 3, 10], "texture": "#1"}
			}
		},
		{
			"from": [3, -3, 9],
			"to": [13, 1, 25],
			"rotation": {"angle": 0, "axis": "y", "origin": [0, -20, 9]},
			"faces": {
				"north": {"uv": [0, 0, 10, 4], "texture": "#2"},
				"east": {"uv": [0, 0, 16, 4], "texture": "#2"},
				"south": {"uv": [0, 0, 10, 4], "texture": "#2"},
				"west": {"uv": [0, 0, 16, 4], "texture": "#2"},
				"up": {"uv": [0, 0, 10, 16], "texture": "#2"},
				"down": {"uv": [0, 0, 10, 16], "texture": "#2"}
			}
		},
		{
			"from": [13, -3, 12],
			"to": [16, 1, 22],
			"rotation": {"angle": 0, "axis": "y", "origin": [0, -20, 9]},
			"faces": {
				"north": {"uv": [0, 0, 3, 4], "texture": "#2"},
				"east": {"uv": [0, 0, 10, 4], "texture": "#2"},
				"south": {"uv": [0, 0, 3, 4], "texture": "#2"},
				"west": {"uv": [0, 0, 10, 4], "texture": "#2"},
				"up": {"uv": [0, 0, 3, 10], "texture": "#2"},
				"down": {"uv": [0, 0, 3, 10], "texture": "#2"}
			}
		},
		{
			"from": [0, -3, 12],
			"to": [3, 1, 22],
			"rotation": {"angle": 0, "axis": "y", "origin": [0, -20, 9]},
			"faces": {
				"north": {"uv": [0, 0, 3, 4], "texture": "#2"},
				"east": {"uv": [0, 0, 10, 4], "texture": "#2"},
				"south": {"uv": [0, 0, 3, 4], "texture": "#2"},
				"west": {"uv": [0, 0, 10, 4], "texture": "#2"},
				"up": {"uv": [0, 0, 3, 10], "texture": "#2"},
				"down": {"uv": [0, 0, 3, 10], "texture": "#2"}
			}
		},
		{
			"from": [5, -8, 11],
			"to": [7, -3, 13],
			"rotation": {"angle": 0, "axis": "y", "origin": [0, -16, 9]},
			"faces": {
				"north": {"uv": [0, 0, 2, 5], "texture": "#3"},
				"east": {"uv": [0, 0, 2, 5], "texture": "#3"},
				"south": {"uv": [0, 0, 2, 5], "texture": "#3"},
				"west": {"uv": [0, 0, 2, 5], "texture": "#3"},
				"up": {"uv": [0, 0, 2, 2], "texture": "#3"},
				"down": {"uv": [0, 0, 2, 2], "texture": "#3"}
			}
		},
		{
			"from": [9, -8, 11],
			"to": [11, -3, 13],
			"rotation": {"angle": 0, "axis": "y", "origin": [0, -16, 9]},
			"faces": {
				"north": {"uv": [0, 0, 2, 5], "texture": "#3"},
				"east": {"uv": [0, 0, 2, 5], "texture": "#3"},
				"south": {"uv": [0, 0, 2, 5], "texture": "#3"},
				"west": {"uv": [0, 0, 2, 5], "texture": "#3"},
				"up": {"uv": [0, 0, 2, 2], "texture": "#3"},
				"down": {"uv": [0, 0, 2, 2], "texture": "#3"}
			}
		},
		{
			"from": [12, -8, 14],
			"to": [14, -3, 16],
			"rotation": {"angle": 0, "axis": "y", "origin": [0, -16, 9]},
			"faces": {
				"north": {"uv": [0, 0, 2, 5], "texture": "#3"},
				"east": {"uv": [0, 0, 2, 5], "texture": "#3"},
				"south": {"uv": [0, 0, 2, 5], "texture": "#3"},
				"west": {"uv": [0, 0, 2, 5], "texture": "#3"},
				"up": {"uv": [0, 0, 2, 2], "texture": "#3"},
				"down": {"uv": [0, 0, 2, 2], "texture": "#3"}
			}
		},
		{
			"from": [12, -8, 18],
			"to": [14, -3, 20],
			"rotation": {"angle": 0, "axis": "y", "origin": [0, -16, 9]},
			"faces": {
				"north": {"uv": [0, 0, 2, 5], "texture": "#3"},
				"east": {"uv": [0, 0, 2, 5], "texture": "#3"},
				"south": {"uv": [0, 0, 2, 5], "texture": "#3"},
				"west": {"uv": [0, 0, 2, 5], "texture": "#3"},
				"up": {"uv": [0, 0, 2, 2], "texture": "#3"},
				"down": {"uv": [0, 0, 2, 2], "texture": "#3"}
			}
		},
		{
			"from": [2, -8, 18],
			"to": [4, -3, 20],
			"rotation": {"angle": 0, "axis": "y", "origin": [0, -16, 9]},
			"faces": {
				"north": {"uv": [0, 0, 2, 5], "texture": "#3"},
				"east": {"uv": [0, 0, 2, 5], "texture": "#3"},
				"south": {"uv": [0, 0, 2, 5], "texture": "#3"},
				"west": {"uv": [0, 0, 2, 5], "texture": "#3"},
				"up": {"uv": [0, 0, 2, 2], "texture": "#3"},
				"down": {"uv": [0, 0, 2, 2], "texture": "#3"}
			}
		},
		{
			"from": [2, -8, 14],
			"to": [4, -3, 16],
			"rotation": {"angle": 0, "axis": "y", "origin": [0, -16, 9]},
			"faces": {
				"north": {"uv": [0, 0, 2, 5], "texture": "#3"},
				"east": {"uv": [0, 0, 2, 5], "texture": "#3"},
				"south": {"uv": [0, 0, 2, 5], "texture": "#3"},
				"west": {"uv": [0, 0, 2, 5], "texture": "#3"},
				"up": {"uv": [0, 0, 2, 2], "texture": "#3"},
				"down": {"uv": [0, 0, 2, 2], "texture": "#3"}
			}
		},
		{
			"from": [5, -8, 21],
			"to": [7, -3, 23],
			"rotation": {"angle": 0, "axis": "y", "origin": [0, -16, 9]},
			"faces": {
				"north": {"uv": [0, 0, 2, 5], "texture": "#3"},
				"east": {"uv": [0, 0, 2, 5], "texture": "#3"},
				"south": {"uv": [0, 0, 2, 5], "texture": "#3"},
				"west": {"uv": [0, 0, 2, 5], "texture": "#3"},
				"up": {"uv": [0, 0, 2, 2], "texture": "#3"},
				"down": {"uv": [0, 0, 2, 2], "texture": "#3"}
			}
		},
		{
			"from": [9, -8, 21],
			"to": [11, -3, 23],
			"rotation": {"angle": 0, "axis": "y", "origin": [0, -16, 9]},
			"faces": {
				"north": {"uv": [0, 0, 2, 5], "texture": "#3"},
				"east": {"uv": [0, 0, 2, 5], "texture": "#3"},
				"south": {"uv": [0, 0, 2, 5], "texture": "#3"},
				"west": {"uv": [0, 0, 2, 5], "texture": "#3"},
				"up": {"uv": [0, 0, 2, 2], "texture": "#3"},
				"down": {"uv": [0, 0, 2, 2], "texture": "#3"}
			}
		},
		{
			"from": [6, 1, 15],
			"to": [10, 3, 19],
			"rotation": {"angle": 0, "axis": "y", "origin": [0, -20, 9]},
			"faces": {
				"north": {"uv": [0, 0, 4, 2], "texture": "#3"},
				"east": {"uv": [0, 0, 4, 2], "texture": "#3"},
				"south": {"uv": [0, 0, 4, 2], "texture": "#3"},
				"west": {"uv": [0, 0, 4, 2], "texture": "#3"},
				"up": {"uv": [0, 0, 3, 4], "texture": "#3"},
				"down": {"uv": [0, 0, 4, 4], "texture": "#3"}
			}
		},
		{
			"from": [9, 5, 9],
			"to": [10, 6, 13],
			"rotation": {"angle": 22.5, "axis": "x", "origin": [0, 11, -5]},
			"faces": {
				"north": {"uv": [0, 0, 1, 1], "texture": "#3"},
				"east": {"uv": [0, 0, 4, 1], "texture": "#3"},
				"south": {"uv": [0, 0, 1, 1], "texture": "#3"},
				"west": {"uv": [0, 0, 4, 1], "texture": "#3"},
				"up": {"uv": [0, 0, 1, 4], "texture": "#3"},
				"down": {"uv": [0, 0, 1, 4], "texture": "#3"}
			}
		},
		{
			"from": [6, 5, 9],
			"to": [7, 6, 13],
			"rotation": {"angle": 22.5, "axis": "x", "origin": [0, 11, -5]},
			"faces": {
				"north": {"uv": [0, 0, 1, 1], "texture": "#3"},
				"east": {"uv": [0, 0, 4, 1], "texture": "#3"},
				"south": {"uv": [0, 0, 1, 1], "texture": "#3"},
				"west": {"uv": [0, 0, 4, 1], "texture": "#3"},
				"up": {"uv": [0, 0, 1, 4], "texture": "#3"},
				"down": {"uv": [0, 0, 1, 4], "texture": "#3"}
			}
		},
		{
			"from": [9, -12, 22],
			"to": [10, -11, 26],
			"rotation": {"angle": -22.5, "axis": "x", "origin": [0, 1, -5]},
			"faces": {
				"north": {"uv": [0, 0, 1, 1], "texture": "#3"},
				"east": {"uv": [0, 0, 4, 1], "texture": "#3"},
				"south": {"uv": [0, 0, 1, 1], "texture": "#3"},
				"west": {"uv": [0, 0, 4, 1], "texture": "#3"},
				"up": {"uv": [0, 0, 1, 4], "texture": "#3"},
				"down": {"uv": [0, 0, 1, 4], "texture": "#3"}
			}
		},
		{
			"from": [6, -12, 22],
			"to": [7, -11, 26],
			"rotation": {"angle": -22.5, "axis": "x", "origin": [0, 1, -5]},
			"faces": {
				"north": {"uv": [0, 0, 1, 1], "texture": "#3"},
				"east": {"uv": [0, 0, 4, 1], "texture": "#3"},
				"south": {"uv": [0, 0, 1, 1], "texture": "#3"},
				"west": {"uv": [0, 0, 4, 1], "texture": "#3"},
				"up": {"uv": [0, 0, 1, 4], "texture": "#3"},
				"down": {"uv": [0, 0, 1, 4], "texture": "#3"}
			}
		},
		{
			"from": [2, 0, 18],
			"to": [6, 1, 19],
			"rotation": {"angle": -22.5, "axis": "z", "origin": [1, 13, -5]},
			"faces": {
				"north": {"uv": [0, 0, 4, 1], "texture": "#3"},
				"east": {"uv": [0, 0, 1, 1], "texture": "#3"},
				"south": {"uv": [0, 0, 4, 1], "texture": "#3"},
				"west": {"uv": [0, 0, 1, 1], "texture": "#3"},
				"up": {"uv": [0, 0, 1, 4], "rotation": 270, "texture": "#3"},
				"down": {"uv": [0, 0, 1, 4], "rotation": 90, "texture": "#3"}
			}
		},
		{
			"from": [2, 0, 15],
			"to": [6, 1, 16],
			"rotation": {"angle": -22.5, "axis": "z", "origin": [1, 13, -5]},
			"faces": {
				"north": {"uv": [0, 0, 4, 1], "texture": "#3"},
				"east": {"uv": [0, 0, 1, 1], "texture": "#3"},
				"south": {"uv": [0, 0, 4, 1], "texture": "#3"},
				"west": {"uv": [0, 0, 1, 1], "texture": "#3"},
				"up": {"uv": [0, 0, 1, 4], "rotation": 270, "texture": "#3"},
				"down": {"uv": [0, 0, 1, 4], "rotation": 90, "texture": "#3"}
			}
		},
		{
			"from": [10, -6, 18],
			"to": [14, -5, 19],
			"rotation": {"angle": 22.5, "axis": "z", "origin": [0, 10, -5]},
			"faces": {
				"north": {"uv": [0, 0, 4, 1], "texture": "#3"},
				"east": {"uv": [0, 0, 1, 1], "texture": "#3"},
				"south": {"uv": [0, 0, 4, 1], "texture": "#3"},
				"west": {"uv": [0, 0, 1, 1], "texture": "#3"},
				"up": {"uv": [0, 0, 1, 4], "rotation": 270, "texture": "#3"},
				"down": {"uv": [0, 0, 1, 4], "rotation": 90, "texture": "#3"}
			}
		},
		{
			"from": [10, -6, 15],
			"to": [14, -5, 16],
			"rotation": {"angle": 22.5, "axis": "z", "origin": [0, 10, -5]},
			"faces": {
				"north": {"uv": [0, 0, 4, 1], "texture": "#3"},
				"east": {"uv": [0, 0, 1, 1], "texture": "#3"},
				"south": {"uv": [0, 0, 4, 1], "texture": "#3"},
				"west": {"uv": [0, 0, 1, 1], "texture": "#3"},
				"up": {"uv": [0, 0, 1, 4], "rotation": 270, "texture": "#3"},
				"down": {"uv": [0, 0, 1, 4], "rotation": 90, "texture": "#3"}
			}
		},
		{
			"from": [5, 0, 1],
			"to": [11, 2, 7],
			"rotation": {"angle": 0, "axis": "y", "origin": [0, 11, -5]},
			"faces": {
				"north": {"uv": [0, 0, 6, 1], "texture": "#7"},
				"east": {"uv": [0, 0, 6, 1], "texture": "#7"},
				"south": {"uv": [0, 0, 6, 1], "texture": "#7"},
				"west": {"uv": [0, 0, 6, 1], "texture": "#7"},
				"up": {"uv": [0, 0, 16, 16], "texture": "#7"},
				"down": {"uv": [0, 0, 6, 1], "texture": "#7"}
			}
		},
		{
			"from": [5, 0, 26],
			"to": [11, 2, 32],
			"rotation": {"angle": 0, "axis": "y", "origin": [0, 1, -5]},
			"faces": {
				"north": {"uv": [0, 0, 6, 1], "texture": "#7"},
				"east": {"uv": [0, 0, 6, 1], "texture": "#7"},
				"south": {"uv": [0, 0, 6, 1], "texture": "#7"},
				"west": {"uv": [0, 0, 6, 1], "texture": "#7"},
				"up": {"uv": [0, 0, 16, 16], "texture": "#7"},
				"down": {"uv": [0, 0, 6, 1], "texture": "#7"}
			}
		},
		{
			"from": [-7, 0, 14],
			"to": [-1, 2, 20],
			"rotation": {"angle": 0, "axis": "y", "origin": [1, 13, -5]},
			"faces": {
				"north": {"uv": [0, 0, 6, 1], "texture": "#7"},
				"east": {"uv": [0, 0, 6, 1], "texture": "#7"},
				"south": {"uv": [0, 0, 6, 1], "texture": "#7"},
				"west": {"uv": [0, 0, 6, 1], "texture": "#7"},
				"up": {"uv": [0, 0, 16, 16], "texture": "#7"},
				"down": {"uv": [0, 0, 6, 1], "texture": "#7"}
			}
		},
		{
			"from": [17, 0, 14],
			"to": [23, 2, 20],
			"rotation": {"angle": 0, "axis": "y", "origin": [0, 13, -5]},
			"faces": {
				"north": {"uv": [0, 0, 6, 1], "texture": "#7"},
				"east": {"uv": [0, 0, 6, 1], "texture": "#7"},
				"south": {"uv": [0, 0, 6, 1], "texture": "#7"},
				"west": {"uv": [0, 0, 6, 1], "texture": "#7"},
				"up": {"uv": [0, 0, 16, 16], "texture": "#7"},
				"down": {"uv": [0, 0, 6, 1], "texture": "#7"}
			}
		},
		{
			"from": [16, -14, 15],
			"to": [17, -10, 19],
			"faces": {
				"north": {"uv": [4, 4, 5, 8], "texture": "#8"},
				"east": {"uv": [4, 4, 13, 13], "texture": "#8"},
				"south": {"uv": [4, 4, 5, 8], "texture": "#8"},
				"west": {"uv": [4, 4, 13, 13], "texture": "#8"},
				"up": {"uv": [4, 4, 5, 8], "texture": "#8"},
				"down": {"uv": [4, 4, 5, 8], "texture": "#8"}
			}
		},
		{
			"from": [-1, -14, 15],
			"to": [0, -10, 19],
			"faces": {
				"north": {"uv": [4, 4, 5, 8], "texture": "#8"},
				"east": {"uv": [4, 4, 13, 13], "texture": "#8"},
				"south": {"uv": [4, 4, 5, 8], "texture": "#8"},
				"west": {"uv": [4, 4, 13, 13], "texture": "#8"},
				"up": {"uv": [4, 4, 5, 8], "texture": "#8"},
				"down": {"uv": [4, 4, 5, 8], "texture": "#8"}
			}
		},
		{
			"from": [6, -14, 25],
			"to": [10, -10, 26],
			"faces": {
				"north": {"uv": [4, 4, 13, 13], "texture": "#8"},
				"east": {"uv": [4, 4, 5, 8], "texture": "#8"},
				"south": {"uv": [4, 4, 13, 13], "texture": "#8"},
				"west": {"uv": [4, 4, 5, 8], "texture": "#8"},
				"up": {"uv": [4, 4, 5, 8], "rotation": 270, "texture": "#8"},
				"down": {"uv": [4, 4, 5, 8], "rotation": 90, "texture": "#8"}
			}
		},
		{
			"from": [6, -14, 8],
			"to": [10, -10, 9],
			"faces": {
				"north": {"uv": [4, 4, 13, 13], "texture": "#8"},
				"east": {"uv": [4, 4, 5, 8], "texture": "#8"},
				"south": {"uv": [4, 4, 13, 13], "texture": "#8"},
				"west": {"uv": [4, 4, 5, 8], "texture": "#8"},
				"up": {"uv": [4, 4, 5, 8], "rotation": 270, "texture": "#8"},
				"down": {"uv": [4, 4, 5, 8], "rotation": 90, "texture": "#8"}
			}
		}
	],
	"display": {
		"head": {
			"translation": [0, -19.25, -9]
		}
	}
}