{
	"credit": "Made with Blockbench",
	"textures": {
		"0": "block/target_side",
		"1": "custom/particle_canister",
		"2": "block/chorus_plant",
		"3": "block/fire_coral_block",
		"5": "custom/basalt_side",
		"6": "block/dead_tube_coral_block",
		"7": "block/netherite_block",
		"8": "block/iron_block",
		"10": "block/bone_block_side",
		"11": "custom/blackstone",
		"12": "block/red_stained_glass",
		"13": "block/command_block_back",
		"14": "block/red_wool",
		"15": "block/orange_stained_glass",
		"16": "block/redstone_lamp_on",
		"18": "block/end_stone_bricks",
		"particle": "block/target_side"
	},
	"elements": [
		{
			"from": [3, 7, 2],
			"to": [14, 14, 14],
			"faces": {
				"north": {"uv": [0, 0, 11, 7], "texture": "#3"},
				"east": {"uv": [0, 0, 12, 7], "texture": "#3"},
				"south": {"uv": [0, 0, 11, 7], "texture": "#3"},
				"west": {"uv": [0, 0, 12, 7], "texture": "#3"},
				"up": {"uv": [0, 0, 11, 12], "texture": "#3"},
				"down": {"uv": [0, 0, 11, 12], "texture": "#3"}
			}
		},
		{
			"from": [6, 14, 3],
			"to": [11, 20, 12],
			"faces": {
				"north": {"uv": [0, 0, 5, 6], "texture": "#3"},
				"east": {"uv": [0, 0, 9, 6], "texture": "#3"},
				"south": {"uv": [0, 0, 5, 6], "texture": "#3"},
				"west": {"uv": [0, 0, 9, 6], "texture": "#3"},
				"up": {"uv": [0, 0, 5, 9], "texture": "#3"},
				"down": {"uv": [0, 0, 5, 9], "texture": "#3"}
			}
		},
		{
			"from": [6, 14, -1],
			"to": [11, 20, 3],
			"faces": {
				"north": {"uv": [0, 0, 5, 6], "texture": "#3"},
				"east": {"uv": [0, 0, 4, 6], "texture": "#3"},
				"south": {"uv": [0, 0, 5, 6], "texture": "#3"},
				"west": {"uv": [0, 0, 4, 6], "texture": "#3"},
				"up": {"uv": [0, 0, 5, 4], "texture": "#3"},
				"down": {"uv": [0, 0, 5, 4], "texture": "#3"}
			}
		},
		{
			"from": [11, 14, 3],
			"to": [13, 20, 12],
			"faces": {
				"north": {"uv": [0, 0, 2, 6], "texture": "#3"},
				"east": {"uv": [0, 0, 9, 6], "texture": "#3"},
				"south": {"uv": [0, 0, 2, 6], "texture": "#3"},
				"west": {"uv": [0, 0, 9, 6], "texture": "#3"},
				"up": {"uv": [0, 0, 2, 9], "texture": "#3"},
				"down": {"uv": [0, 0, 2, 9], "texture": "#3"}
			}
		},
		{
			"from": [13, 15, 3],
			"to": [19, 20, 7],
			"faces": {
				"north": {"uv": [0, 0, 6, 5], "texture": "#3"},
				"east": {"uv": [0, 0, 4, 5], "texture": "#3"},
				"south": {"uv": [0, 0, 6, 5], "texture": "#3"},
				"west": {"uv": [0, 0, 4, 5], "texture": "#3"},
				"up": {"uv": [0, 0, 6, 4], "texture": "#3"},
				"down": {"uv": [0, 0, 6, 4], "texture": "#3"}
			}
		},
		{
			"from": [-2, 15, 3],
			"to": [4, 20, 7],
			"faces": {
				"north": {"uv": [0, 0, 6, 5], "texture": "#3"},
				"east": {"uv": [0, 0, 4, 5], "texture": "#3"},
				"south": {"uv": [0, 0, 6, 5], "texture": "#3"},
				"west": {"uv": [0, 0, 4, 5], "texture": "#3"},
				"up": {"uv": [0, 0, 6, 4], "texture": "#3"},
				"down": {"uv": [0, 0, 6, 4], "texture": "#3"}
			}
		},
		{
			"from": [4, 14, 3],
			"to": [6, 20, 12],
			"faces": {
				"north": {"uv": [0, 0, 2, 6], "texture": "#3"},
				"east": {"uv": [0, 0, 9, 6], "texture": "#3"},
				"south": {"uv": [0, 0, 2, 6], "texture": "#3"},
				"west": {"uv": [0, 0, 9, 6], "texture": "#3"},
				"up": {"uv": [0, 0, 2, 9], "texture": "#3"},
				"down": {"uv": [0, 0, 2, 9], "texture": "#3"}
			}
		},
		{
			"from": [5.5, 7, 14],
			"to": [11.5, 13, 14.2],
			"faces": {
				"north": {"uv": [0, 0, 6, 6], "texture": "#0"},
				"east": {"uv": [0, 0, 1, 6], "texture": "#0"},
				"south": {"uv": [0, 0, 16, 16], "texture": "#0"},
				"west": {"uv": [0, 0, 1, 6], "texture": "#0"},
				"up": {"uv": [0, 0, 6, 1], "texture": "#0"},
				"down": {"uv": [0, 0, 6, 1], "texture": "#0"}
			}
		},
		{
			"from": [5.5, 16, 17],
			"to": [7.5, 18, 19],
			"faces": {
				"north": {"uv": [0, 0, 2, 2], "texture": "#11"},
				"east": {"uv": [0, 0, 2, 2], "rotation": 270, "texture": "#11"},
				"south": {"uv": [0, 0, 2, 2], "rotation": 180, "texture": "#11"},
				"west": {"uv": [0, 0, 2, 2], "rotation": 90, "texture": "#11"},
				"up": {"uv": [0, 0, 2, 2], "rotation": 180, "texture": "#11"},
				"down": {"uv": [0, 0, 2, 2], "texture": "#11"}
			}
		},
		{
			"from": [9.5, 16, 17],
			"to": [11.5, 18, 19],
			"faces": {
				"north": {"uv": [0, 0, 2, 2], "texture": "#11"},
				"east": {"uv": [0, 0, 2, 2], "rotation": 270, "texture": "#11"},
				"south": {"uv": [0, 0, 2, 2], "rotation": 180, "texture": "#11"},
				"west": {"uv": [0, 0, 2, 2], "rotation": 90, "texture": "#11"},
				"up": {"uv": [0, 0, 2, 2], "rotation": 180, "texture": "#11"},
				"down": {"uv": [0, 0, 2, 2], "texture": "#11"}
			}
		},
		{
			"from": [5.5, 18, 17],
			"to": [11.5, 20, 18],
			"faces": {
				"north": {"uv": [0, 0, 6, 2], "texture": "#10"},
				"east": {"uv": [0, 0, 2, 1], "rotation": 270, "texture": "#10"},
				"south": {"uv": [0, 0, 6, 2], "rotation": 180, "texture": "#10"},
				"west": {"uv": [0, 0, 2, 1], "rotation": 90, "texture": "#10"},
				"up": {"uv": [0, 0, 6, 1], "rotation": 180, "texture": "#10"},
				"down": {"uv": [0, 0, 6, 1], "texture": "#10"}
			}
		},
		{
			"from": [7.5, 16, 17],
			"to": [9.5, 18, 18],
			"faces": {
				"north": {"uv": [0, 0, 2, 2], "texture": "#10"},
				"east": {"uv": [0, 0, 2, 1], "rotation": 270, "texture": "#10"},
				"south": {"uv": [0, 0, 2, 2], "rotation": 180, "texture": "#10"},
				"west": {"uv": [0, 0, 2, 1], "rotation": 90, "texture": "#10"},
				"up": {"uv": [0, 0, 2, 1], "rotation": 180, "texture": "#10"},
				"down": {"uv": [0, 0, 2, 1], "texture": "#10"}
			}
		},
		{
			"from": [11.5, 16, 12],
			"to": [12.5, 20, 18],
			"faces": {
				"north": {"uv": [0, 0, 1, 4], "texture": "#10"},
				"east": {"uv": [0, 0, 4, 6], "rotation": 270, "texture": "#10"},
				"south": {"uv": [0, 0, 1, 4], "rotation": 180, "texture": "#10"},
				"west": {"uv": [0, 0, 4, 6], "rotation": 90, "texture": "#10"},
				"up": {"uv": [0, 0, 1, 6], "rotation": 180, "texture": "#10"},
				"down": {"uv": [0, 0, 1, 6], "texture": "#10"}
			}
		},
		{
			"from": [4.5, 20, 12],
			"to": [12.5, 21, 17],
			"faces": {
				"north": {"uv": [0, 0, 8, 1], "texture": "#10"},
				"east": {"uv": [0, 0, 1, 5], "rotation": 270, "texture": "#10"},
				"south": {"uv": [0, 0, 8, 1], "rotation": 180, "texture": "#10"},
				"west": {"uv": [0, 0, 1, 5], "rotation": 90, "texture": "#10"},
				"up": {"uv": [0, 0, 8, 5], "rotation": 180, "texture": "#10"},
				"down": {"uv": [0, 0, 8, 5], "texture": "#10"}
			}
		},
		{
			"from": [5.5, 20, 17],
			"to": [11.5, 21, 18],
			"faces": {
				"north": {"uv": [0, 0, 6, 1], "texture": "#10"},
				"east": {"uv": [0, 0, 1, 1], "rotation": 270, "texture": "#10"},
				"south": {"uv": [0, 0, 6, 1], "rotation": 180, "texture": "#10"},
				"west": {"uv": [0, 0, 1, 1], "rotation": 90, "texture": "#10"},
				"up": {"uv": [0, 0, 6, 1], "rotation": 180, "texture": "#10"},
				"down": {"uv": [0, 0, 6, 1], "texture": "#10"}
			}
		},
		{
			"from": [4.5, 15, 12],
			"to": [12.5, 16, 18],
			"faces": {
				"north": {"uv": [0, 0, 8, 1], "texture": "#10"},
				"east": {"uv": [0, 0, 1, 6], "rotation": 270, "texture": "#10"},
				"south": {"uv": [0, 0, 8, 1], "rotation": 180, "texture": "#10"},
				"west": {"uv": [0, 0, 1, 6], "rotation": 90, "texture": "#10"},
				"up": {"uv": [0, 0, 8, 6], "rotation": 180, "texture": "#10"},
				"down": {"uv": [0, 0, 8, 6], "texture": "#10"}
			}
		},
		{
			"from": [6.5, 14, 16],
			"to": [10.5, 15, 18],
			"faces": {
				"north": {"uv": [0, 0, 4, 1], "texture": "#10"},
				"east": {"uv": [0, 0, 1, 2], "rotation": 270, "texture": "#10"},
				"south": {"uv": [0, 0, 4, 1], "rotation": 180, "texture": "#10"},
				"west": {"uv": [0, 0, 1, 2], "rotation": 90, "texture": "#10"},
				"up": {"uv": [0, 0, 4, 2], "rotation": 180, "texture": "#10"},
				"down": {"uv": [0, 0, 4, 2], "texture": "#10"}
			}
		},
		{
			"from": [6.5, 13, 16],
			"to": [7.5, 14, 18],
			"faces": {
				"north": {"uv": [0, 0, 1, 1], "texture": "#10"},
				"east": {"uv": [0, 0, 1, 2], "rotation": 270, "texture": "#10"},
				"south": {"uv": [0, 0, 1, 1], "rotation": 180, "texture": "#10"},
				"west": {"uv": [0, 0, 1, 2], "rotation": 90, "texture": "#10"},
				"up": {"uv": [0, 0, 1, 2], "rotation": 180, "texture": "#10"},
				"down": {"uv": [0, 0, 1, 2], "texture": "#10"}
			}
		},
		{
			"from": [7, 13, 13],
			"to": [9, 14, 14],
			"faces": {
				"north": {"uv": [0, 0, 2, 1], "texture": "#missing"},
				"east": {"uv": [0, 0, 1, 1], "rotation": 270, "texture": "#missing"},
				"south": {"uv": [0, 0, 2, 1], "rotation": 180, "texture": "#missing"},
				"west": {"uv": [0, 0, 1, 1], "rotation": 90, "texture": "#missing"},
				"up": {"uv": [0, 0, 2, 1], "rotation": 180, "texture": "#missing"},
				"down": {"uv": [0, 0, 2, 1], "texture": "#missing"}
			}
		},
		{
			"from": [7.5, 14, 12],
			"to": [9.5, 15, 14],
			"faces": {
				"north": {"uv": [0, 0, 2, 1], "texture": "#10"},
				"east": {"uv": [0, 0, 1, 2], "rotation": 270, "texture": "#10"},
				"south": {"uv": [0, 0, 2, 1], "rotation": 180, "texture": "#10"},
				"west": {"uv": [0, 0, 1, 2], "rotation": 90, "texture": "#10"},
				"up": {"uv": [0, 0, 2, 2], "rotation": 180, "texture": "#10"},
				"down": {"uv": [0, 0, 2, 2], "texture": "#10"}
			}
		},
		{
			"from": [5.5, 13, 14],
			"to": [11.5, 15, 16],
			"faces": {
				"north": {"uv": [0, 0, 6, 2], "texture": "#10"},
				"east": {"uv": [0, 0, 2, 2], "rotation": 270, "texture": "#10"},
				"south": {"uv": [0, 0, 6, 2], "rotation": 180, "texture": "#10"},
				"west": {"uv": [0, 0, 2, 2], "rotation": 90, "texture": "#10"},
				"up": {"uv": [0, 0, 6, 2], "rotation": 180, "texture": "#10"},
				"down": {"uv": [0, 0, 6, 2], "texture": "#10"}
			}
		},
		{
			"from": [9.5, 13, 16],
			"to": [10.5, 14, 18],
			"faces": {
				"north": {"uv": [0, 0, 1, 1], "texture": "#10"},
				"east": {"uv": [0, 0, 1, 2], "rotation": 270, "texture": "#10"},
				"south": {"uv": [0, 0, 1, 1], "rotation": 180, "texture": "#10"},
				"west": {"uv": [0, 0, 1, 2], "rotation": 90, "texture": "#10"},
				"up": {"uv": [0, 0, 1, 2], "rotation": 180, "texture": "#10"},
				"down": {"uv": [0, 0, 1, 2], "texture": "#10"}
			}
		},
		{
			"from": [4.5, 16, 12],
			"to": [5.5, 20, 18],
			"faces": {
				"north": {"uv": [0, 0, 1, 4], "texture": "#10"},
				"east": {"uv": [0, 0, 4, 6], "rotation": 270, "texture": "#10"},
				"south": {"uv": [0, 0, 1, 4], "rotation": 180, "texture": "#10"},
				"west": {"uv": [0, 0, 4, 6], "rotation": 90, "texture": "#10"},
				"up": {"uv": [0, 0, 1, 6], "rotation": 180, "texture": "#10"},
				"down": {"uv": [0, 0, 1, 6], "texture": "#10"}
			}
		},
		{
			"from": [10, -6, 4],
			"to": [15, -5, 9],
			"faces": {
				"north": {"uv": [1, 1, 6, 2], "texture": "#7"},
				"east": {"uv": [1, 1, 6, 2], "texture": "#7"},
				"south": {"uv": [2, 7, 7, 8], "texture": "#7"},
				"west": {"uv": [1, 1, 6, 2], "texture": "#7"},
				"up": {"uv": [1, 1, 6, 6], "texture": "#7"},
				"down": {"uv": [1, 1, 6, 6], "texture": "#7"}
			}
		},
		{
			"from": [10, 3, 4],
			"to": [15, 4, 9],
			"faces": {
				"north": {"uv": [2, 3, 7, 4], "texture": "#7"},
				"east": {"uv": [1, 1, 6, 2], "texture": "#7"},
				"south": {"uv": [1, 1, 6, 2], "texture": "#7"},
				"west": {"uv": [1, 1, 6, 2], "texture": "#7"},
				"up": {"uv": [1, 1, 6, 6], "texture": "#7"},
				"down": {"uv": [1, 1, 6, 6], "texture": "#7"}
			}
		},
		{
			"from": [11, 4, 5],
			"to": [13, 7, 7],
			"faces": {
				"north": {"uv": [0, 0, 2, 3], "texture": "#6"},
				"east": {"uv": [0, 0, 2, 3], "texture": "#6"},
				"south": {"uv": [0, 0, 2, 3], "texture": "#6"},
				"west": {"uv": [0, 0, 2, 3], "texture": "#6"},
				"up": {"uv": [0, 0, 2, 2], "texture": "#6"},
				"down": {"uv": [0, 0, 2, 2], "texture": "#6"}
			}
		},
		{
			"from": [14, -5, 4],
			"to": [15, 3, 9],
			"faces": {
				"north": {"uv": [2, 2, 3, 10], "texture": "#7"},
				"east": {"uv": [2, 2, 7, 10], "texture": "#7"},
				"south": {"uv": [3, 2, 4, 10], "texture": "#7"},
				"west": {"uv": [1, 1, 2, 9], "texture": "#7"},
				"up": {"uv": [1, 1, 2, 2], "texture": "#7"},
				"down": {"uv": [1, 1, 2, 2], "texture": "#7"}
			}
		},
		{
			"from": [6, -5, 4],
			"to": [7, 3, 9],
			"faces": {
				"north": {"uv": [2, 2, 3, 10], "texture": "#7"},
				"east": {"uv": [2, 2, 7, 10], "texture": "#7"},
				"south": {"uv": [3, 2, 4, 10], "texture": "#7"},
				"west": {"uv": [2, 2, 7, 10], "texture": "#7"},
				"up": {"uv": [1, 1, 2, 2], "texture": "#7"},
				"down": {"uv": [1, 1, 2, 2], "texture": "#7"}
			}
		},
		{
			"from": [10, -5, 4],
			"to": [11, 3, 9],
			"faces": {
				"north": {"uv": [2, 2, 3, 10], "texture": "#7"},
				"east": {"uv": [2, 2, 7, 10], "texture": "#7"},
				"south": {"uv": [3, 2, 4, 10], "texture": "#7"},
				"west": {"uv": [2, 2, 7, 10], "texture": "#7"},
				"up": {"uv": [1, 1, 2, 2], "texture": "#7"},
				"down": {"uv": [1, 1, 2, 2], "texture": "#7"}
			}
		},
		{
			"from": [11, -5, 5],
			"to": [14, -3, 7],
			"faces": {
				"north": {"uv": [0, 0, 16, 16], "rotation": 90, "texture": "#1"},
				"east": {"uv": [0, 0, 2, 2], "texture": "#1"},
				"south": {"uv": [0, 0, 16, 16], "rotation": 90, "texture": "#1"},
				"west": {"uv": [0, 0, 2, 2], "texture": "#1"},
				"up": {"uv": [0, 0, 16, 16], "rotation": 90, "texture": "#1"},
				"down": {"uv": [0, 0, 16, 16], "rotation": 90, "texture": "#1"}
			}
		},
		{
			"from": [11, -3, 6],
			"to": [14, -1, 8],
			"faces": {
				"north": {"uv": [0, 0, 16, 16], "rotation": 90, "texture": "#1"},
				"east": {"uv": [0, 0, 2, 2], "texture": "#1"},
				"south": {"uv": [0, 0, 16, 16], "rotation": 90, "texture": "#1"},
				"west": {"uv": [0, 0, 2, 2], "texture": "#1"},
				"up": {"uv": [0, 0, 16, 16], "rotation": 90, "texture": "#1"},
				"down": {"uv": [0, 0, 16, 16], "rotation": 90, "texture": "#1"}
			}
		},
		{
			"from": [11, -1, 5],
			"to": [14, 1, 7],
			"faces": {
				"north": {"uv": [0, 0, 16, 16], "rotation": 90, "texture": "#1"},
				"east": {"uv": [0, 0, 2, 2], "texture": "#1"},
				"south": {"uv": [0, 0, 16, 16], "rotation": 90, "texture": "#1"},
				"west": {"uv": [0, 0, 2, 2], "texture": "#1"},
				"up": {"uv": [0, 0, 16, 16], "rotation": 90, "texture": "#1"},
				"down": {"uv": [0, 0, 16, 16], "rotation": 90, "texture": "#1"}
			}
		},
		{
			"from": [11, 1, 6],
			"to": [14, 3, 8],
			"faces": {
				"north": {"uv": [0, 0, 16, 16], "rotation": 90, "texture": "#1"},
				"east": {"uv": [0, 0, 2, 2], "texture": "#1"},
				"south": {"uv": [0, 0, 16, 16], "rotation": 90, "texture": "#1"},
				"west": {"uv": [0, 0, 2, 2], "texture": "#1"},
				"up": {"uv": [0, 0, 16, 16], "rotation": 90, "texture": "#1"},
				"down": {"uv": [0, 0, 16, 16], "rotation": 90, "texture": "#1"}
			}
		},
		{
			"from": [2, -6, 4],
			"to": [7, -5, 9],
			"faces": {
				"north": {"uv": [6, 4, 11, 5], "texture": "#7"},
				"east": {"uv": [1, 1, 6, 2], "texture": "#7"},
				"south": {"uv": [3, 4, 8, 5], "texture": "#7"},
				"west": {"uv": [1, 1, 6, 2], "texture": "#7"},
				"up": {"uv": [1, 1, 6, 6], "texture": "#7"},
				"down": {"uv": [1, 1, 6, 6], "texture": "#7"}
			}
		},
		{
			"from": [2, 3, 4],
			"to": [7, 4, 9],
			"faces": {
				"north": {"uv": [6, 4, 11, 5], "texture": "#7"},
				"east": {"uv": [1, 1, 6, 2], "texture": "#7"},
				"south": {"uv": [1, 1, 6, 2], "texture": "#7"},
				"west": {"uv": [1, 1, 6, 2], "texture": "#7"},
				"up": {"uv": [1, 1, 6, 6], "texture": "#7"},
				"down": {"uv": [1, 1, 6, 6], "texture": "#7"}
			}
		},
		{
			"from": [4, 4, 5],
			"to": [6, 7, 7],
			"faces": {
				"north": {"uv": [0, 0, 2, 3], "texture": "#6"},
				"east": {"uv": [0, 0, 2, 3], "texture": "#6"},
				"south": {"uv": [0, 0, 2, 3], "texture": "#6"},
				"west": {"uv": [0, 0, 2, 3], "texture": "#6"},
				"up": {"uv": [0, 0, 2, 2], "texture": "#6"},
				"down": {"uv": [0, 0, 2, 2], "texture": "#6"}
			}
		},
		{
			"from": [2, -5, 4],
			"to": [3, 3, 9],
			"faces": {
				"north": {"uv": [7, 3, 8, 11], "texture": "#7"},
				"east": {"uv": [1, 1, 2, 9], "texture": "#7"},
				"south": {"uv": [4, 3, 5, 11], "texture": "#7"},
				"west": {"uv": [2, 2, 7, 10], "texture": "#7"},
				"up": {"uv": [1, 1, 2, 2], "texture": "#7"},
				"down": {"uv": [1, 1, 2, 2], "texture": "#7"}
			}
		},
		{
			"from": [3, -5, 5],
			"to": [6, -3, 7],
			"faces": {
				"north": {"uv": [0, 0, 16, 16], "rotation": 90, "texture": "#1"},
				"east": {"uv": [0, 0, 2, 2], "texture": "#1"},
				"south": {"uv": [0, 0, 16, 16], "rotation": 90, "texture": "#1"},
				"west": {"uv": [0, 0, 2, 2], "texture": "#1"},
				"up": {"uv": [0, 0, 16, 16], "rotation": 90, "texture": "#1"},
				"down": {"uv": [0, 0, 16, 16], "rotation": 90, "texture": "#1"}
			}
		},
		{
			"from": [3, -3, 6],
			"to": [6, -1, 8],
			"faces": {
				"north": {"uv": [0, 0, 16, 16], "rotation": 90, "texture": "#1"},
				"east": {"uv": [0, 0, 2, 2], "texture": "#1"},
				"south": {"uv": [0, 0, 16, 16], "rotation": 90, "texture": "#1"},
				"west": {"uv": [0, 0, 2, 2], "texture": "#1"},
				"up": {"uv": [0, 0, 16, 16], "rotation": 90, "texture": "#1"},
				"down": {"uv": [0, 0, 16, 16], "rotation": 90, "texture": "#1"}
			}
		},
		{
			"from": [3, -1, 5],
			"to": [6, 1, 7],
			"faces": {
				"north": {"uv": [0, 0, 16, 16], "rotation": 90, "texture": "#1"},
				"east": {"uv": [0, 0, 2, 2], "texture": "#1"},
				"south": {"uv": [0, 0, 16, 16], "rotation": 90, "texture": "#1"},
				"west": {"uv": [0, 0, 2, 2], "texture": "#1"},
				"up": {"uv": [0, 0, 16, 16], "rotation": 90, "texture": "#1"},
				"down": {"uv": [0, 0, 16, 16], "rotation": 90, "texture": "#1"}
			}
		},
		{
			"from": [3, 1, 6],
			"to": [6, 3, 8],
			"faces": {
				"north": {"uv": [0, 0, 16, 16], "rotation": 90, "texture": "#1"},
				"east": {"uv": [0, 0, 2, 2], "texture": "#1"},
				"south": {"uv": [0, 0, 16, 16], "rotation": 90, "texture": "#1"},
				"west": {"uv": [0, 0, 2, 2], "texture": "#1"},
				"up": {"uv": [0, 0, 16, 16], "rotation": 90, "texture": "#1"},
				"down": {"uv": [0, 0, 16, 16], "rotation": 90, "texture": "#1"}
			}
		},
		{
			"from": [11, -5, 8],
			"to": [14, 3, 9],
			"faces": {
				"south": {"uv": [2, 1, 5, 9], "texture": "#12"}
			}
		},
		{
			"from": [11, -5, 4],
			"to": [14, 3, 5],
			"faces": {
				"north": {"uv": [2, 1, 5, 9], "texture": "#12"}
			}
		},
		{
			"from": [3, -5, 4],
			"to": [6, 3, 5],
			"faces": {
				"north": {"uv": [2, 1, 5, 9], "texture": "#12"}
			}
		},
		{
			"from": [3, -5, 8],
			"to": [6, 3, 9],
			"faces": {
				"south": {"uv": [2, 1, 5, 9], "texture": "#12"}
			}
		},
		{
			"from": [6, 14, -2],
			"to": [11, 19, -1],
			"faces": {
				"north": {"uv": [4, 4, 13, 13], "texture": "#13"},
				"east": {"uv": [5, 8, 6, 12], "texture": "#13"},
				"south": {"uv": [4, 4, 6, 7], "texture": "#13"},
				"west": {"uv": [5, 6, 6, 10], "texture": "#13"},
				"up": {"uv": [7, 5, 11, 6], "texture": "#13"},
				"down": {"uv": [5, 5, 9, 6], "texture": "#13"}
			}
		},
		{
			"from": [5, 21, 12],
			"to": [12, 24, 17],
			"faces": {
				"north": {"uv": [0, 0, 7, 3], "texture": "#14"},
				"east": {"uv": [0, 0, 5, 3], "texture": "#14"},
				"south": {"uv": [0, 0, 7, 3], "texture": "#14"},
				"west": {"uv": [0, 0, 5, 3], "texture": "#14"},
				"up": {"uv": [0, 0, 7, 5], "texture": "#14"},
				"down": {"uv": [0, 0, 7, 5], "texture": "#14"}
			}
		},
		{
			"from": [18.3, 11.6, 13],
			"to": [19.3, 14.6, 17],
			"rotation": {"angle": 45, "axis": "z", "origin": [0, 0, 0]},
			"faces": {
				"north": {"uv": [0, 0, 1, 3], "texture": "#15"},
				"east": {"uv": [0, 0, 4, 3], "texture": "#14"},
				"south": {"uv": [0, 0, 1, 3], "texture": "#15"},
				"west": {"uv": [0, 0, 4, 3], "texture": "#14"},
				"up": {"uv": [0, 0, 1, 4], "texture": "#15"},
				"down": {"uv": [0, 0, 1, 4], "texture": "#14"}
			}
		},
		{
			"from": [-7.3, 23.6, 13],
			"to": [-6.3, 26.6, 17],
			"rotation": {"angle": -45, "axis": "z", "origin": [0, 0, 0]},
			"faces": {
				"north": {"uv": [0, 0, 1, 3], "texture": "#15"},
				"east": {"uv": [0, 0, 4, 3], "texture": "#14"},
				"south": {"uv": [0, 0, 1, 3], "texture": "#15"},
				"west": {"uv": [0, 0, 4, 3], "texture": "#14"},
				"up": {"uv": [0, 0, 1, 4], "texture": "#15"},
				"down": {"uv": [0, 0, 1, 4], "texture": "#14"}
			}
		},
		{
			"from": [5, 26, 7],
			"to": [12, 30, 8],
			"rotation": {"angle": 22.5, "axis": "x", "origin": [0, 0, 0]},
			"faces": {
				"north": {"uv": [0, 0, 7, 4], "texture": "#14"},
				"east": {"uv": [0, 0, 1, 4], "texture": "#15"},
				"south": {"uv": [0, 0, 7, 4], "texture": "#14"},
				"west": {"uv": [0, 0, 1, 4], "texture": "#15"},
				"up": {"uv": [0, 0, 7, 1], "texture": "#15"},
				"down": {"uv": [0, 0, 7, 1], "texture": "#14"}
			}
		},
		{
			"from": [5, 20, 9],
			"to": [7, 20.5, 11],
			"faces": {
				"north": {"uv": [0, 0, 2, 0.5], "texture": "#16"},
				"east": {"uv": [0, 0, 2, 0.5], "texture": "#16"},
				"south": {"uv": [0, 0, 2, 0.5], "texture": "#16"},
				"west": {"uv": [0, 0, 2, 0.5], "texture": "#16"},
				"up": {"uv": [0, 0, 16, 16], "texture": "#16"},
				"down": {"uv": [0, 0, 2, 2], "texture": "#16"}
			}
		},
		{
			"from": [5, 20, 6],
			"to": [7, 20.5, 8],
			"faces": {
				"north": {"uv": [0, 0, 2, 0.5], "texture": "#16"},
				"east": {"uv": [0, 0, 2, 0.5], "texture": "#16"},
				"south": {"uv": [0, 0, 2, 0.5], "texture": "#16"},
				"west": {"uv": [0, 0, 2, 0.5], "texture": "#16"},
				"up": {"uv": [0, 0, 16, 16], "texture": "#16"},
				"down": {"uv": [0, 0, 2, 2], "texture": "#16"}
			}
		},
		{
			"from": [5, 20, 3],
			"to": [7, 20.5, 5],
			"faces": {
				"north": {"uv": [0, 0, 2, 0.5], "texture": "#16"},
				"east": {"uv": [0, 0, 2, 0.5], "texture": "#16"},
				"south": {"uv": [0, 0, 2, 0.5], "texture": "#16"},
				"west": {"uv": [0, 0, 2, 0.5], "texture": "#16"},
				"up": {"uv": [0, 0, 16, 16], "texture": "#16"},
				"down": {"uv": [0, 0, 2, 2], "texture": "#16"}
			}
		},
		{
			"from": [14, 20, 4],
			"to": [15, 26, 5],
			"faces": {
				"north": {"uv": [0, 0, 1, 6], "texture": "#2"},
				"east": {"uv": [0, 0, 1, 6], "texture": "#2"},
				"south": {"uv": [0, 0, 1, 6], "texture": "#2"},
				"west": {"uv": [0, 0, 1, 6], "texture": "#2"},
				"up": {"uv": [0, 0, 1, 1], "texture": "#2"},
				"down": {"uv": [0, 0, 1, 1], "texture": "#2"}
			}
		},
		{
			"from": [12, 20, 6],
			"to": [13, 24, 7],
			"faces": {
				"north": {"uv": [0, 0, 1, 4], "texture": "#2"},
				"east": {"uv": [0, 0, 1, 4], "texture": "#2"},
				"south": {"uv": [0, 0, 1, 4], "texture": "#2"},
				"west": {"uv": [0, 0, 1, 4], "texture": "#2"},
				"up": {"uv": [0, 0, 1, 1], "texture": "#2"},
				"down": {"uv": [0, 0, 1, 1], "texture": "#2"}
			}
		},
		{
			"from": [14, 26, 4],
			"to": [15, 27, 5],
			"faces": {
				"north": {"uv": [0, 0, 1, 1], "texture": "#18"},
				"east": {"uv": [0, 0, 1, 1], "texture": "#18"},
				"south": {"uv": [0, 0, 1, 1], "texture": "#18"},
				"west": {"uv": [0, 0, 1, 1], "texture": "#18"},
				"up": {"uv": [0, 0, 1, 1], "texture": "#18"},
				"down": {"uv": [0, 0, 1, 1], "texture": "#18"}
			}
		},
		{
			"from": [12, 24, 6],
			"to": [13, 25, 7],
			"faces": {
				"north": {"uv": [0, 0, 1, 1], "texture": "#18"},
				"east": {"uv": [0, 0, 1, 1], "texture": "#18"},
				"south": {"uv": [0, 0, 1, 1], "texture": "#18"},
				"west": {"uv": [0, 0, 1, 1], "texture": "#18"},
				"up": {"uv": [0, 0, 1, 1], "texture": "#18"},
				"down": {"uv": [0, 0, 1, 1], "texture": "#18"}
			}
		},
		{
			"from": [-2, 9, -16],
			"to": [1, 11, -12],
			"rotation": {"angle": 45, "axis": "x", "origin": [0, 0, 0]},
			"faces": {
				"north": {"uv": [0, 0, 3, 2], "texture": "#2"},
				"east": {"uv": [0, 0, 4, 2], "texture": "#2"},
				"south": {"uv": [0, 0, 3, 2], "texture": "#2"},
				"west": {"uv": [0, 0, 4, 2], "texture": "#2"},
				"up": {"uv": [0, 0, 3, 4], "texture": "#2"},
				"down": {"uv": [0, 0, 3, 4], "texture": "#2"}
			}
		},
		{
			"name": "container",
			"from": [-2, 11, -11],
			"to": [0, 13, -8],
			"rotation": {"angle": 45, "axis": "x", "origin": [0, 0, 0]},
			"faces": {
				"north": {"uv": [0, 0, 2, 2], "texture": "#1"},
				"east": {"uv": [0, 0, 16, 16], "rotation": 90, "texture": "#1"},
				"south": {"uv": [0, 0, 2, 2], "texture": "#1"},
				"west": {"uv": [0, 0, 16, 16], "rotation": 90, "texture": "#1"},
				"up": {"uv": [0, 0, 16, 16], "texture": "#1"},
				"down": {"uv": [0, 0, 16, 16], "rotation": 180, "texture": "#1"}
			}
		},
		{
			"from": [-3, 9, -12],
			"to": [1, 14, -1],
			"rotation": {"angle": 45, "axis": "x", "origin": [0, 0, 0]},
			"faces": {
				"north": {"uv": [0, 0, 4, 5], "texture": "#2"},
				"east": {"uv": [0, 0, 11, 5], "texture": "#2"},
				"south": {"uv": [0, 0, 4, 5], "texture": "#2"},
				"west": {"uv": [0, 0, 11, 5], "texture": "#2"},
				"up": {"uv": [0, 0, 4, 11], "texture": "#2"},
				"down": {"uv": [0, 0, 4, 11], "texture": "#2"}
			}
		},
		{
			"from": [-3, 10, -1],
			"to": [1, 14, 2],
			"rotation": {"angle": 45, "axis": "x", "origin": [0, 0, 0]},
			"faces": {
				"north": {"uv": [0, 0, 4, 4], "texture": "#5"},
				"east": {"uv": [0, 0, 3, 4], "texture": "#5"},
				"south": {"uv": [0, 0, 4, 4], "texture": "#5"},
				"west": {"uv": [0, 0, 3, 4], "texture": "#5"},
				"up": {"uv": [0, 0, 4, 3], "texture": "#5"},
				"down": {"uv": [0, 0, 4, 3], "texture": "#5"}
			}
		},
		{
			"from": [-3, 11, 2],
			"to": [-2, 13, 8],
			"rotation": {"angle": 45, "axis": "x", "origin": [0, 0, 0]},
			"faces": {
				"north": {"uv": [0, 0, 1, 2], "texture": "#5"},
				"east": {"uv": [0, 0, 6, 2], "texture": "#5"},
				"south": {"uv": [0, 0, 1, 2], "texture": "#5"},
				"west": {"uv": [0, 0, 6, 2], "texture": "#5"},
				"up": {"uv": [0, 0, 1, 6], "texture": "#5"},
				"down": {"uv": [0, 0, 1, 6], "texture": "#5"}
			}
		},
		{
			"from": [-2, 13, 2],
			"to": [0, 13.5, 8],
			"rotation": {"angle": 45, "axis": "x", "origin": [0, 0, 0]},
			"faces": {
				"north": {"uv": [0, 0, 2, 0.5], "texture": "#5"},
				"east": {"uv": [0, 0, 6, 0.5], "texture": "#5"},
				"south": {"uv": [0, 0, 2, 0.5], "texture": "#5"},
				"west": {"uv": [0, 0, 6, 0.5], "texture": "#5"},
				"up": {"uv": [0, 0, 2, 6], "texture": "#5"},
				"down": {"uv": [0, 0, 2, 6], "texture": "#5"}
			}
		},
		{
			"from": [-2, 10, 2],
			"to": [0, 11, 8],
			"rotation": {"angle": 45, "axis": "x", "origin": [0, 0, 0]},
			"faces": {
				"north": {"uv": [0, 0, 2, 1], "texture": "#5"},
				"east": {"uv": [0, 0, 6, 1], "texture": "#5"},
				"south": {"uv": [0, 0, 2, 1], "texture": "#5"},
				"west": {"uv": [0, 0, 6, 1], "texture": "#5"},
				"up": {"uv": [0, 0, 2, 6], "texture": "#5"},
				"down": {"uv": [0, 0, 2, 6], "texture": "#5"}
			}
		},
		{
			"from": [-2, 11, 2],
			"to": [0, 13, 14],
			"rotation": {"angle": 45, "axis": "x", "origin": [0, 0, 0]},
			"faces": {
				"north": {"uv": [0, 0, 2, 2], "texture": "#5"},
				"east": {"uv": [0, 0, 12, 2], "texture": "#5"},
				"south": {"uv": [0, 0, 2, 2], "texture": "#5"},
				"west": {"uv": [0, 0, 12, 2], "texture": "#5"},
				"up": {"uv": [0, 0, 2, 12], "texture": "#5"},
				"down": {"uv": [0, 0, 2, 12], "texture": "#5"}
			}
		},
		{
			"from": [0, 11, 2],
			"to": [1, 13, 8],
			"rotation": {"angle": 45, "axis": "x", "origin": [0, 0, 0]},
			"faces": {
				"north": {"uv": [0, 0, 1, 2], "texture": "#5"},
				"east": {"uv": [0, 0, 6, 2], "texture": "#5"},
				"south": {"uv": [0, 0, 1, 2], "texture": "#5"},
				"west": {"uv": [0, 0, 6, 2], "texture": "#5"},
				"up": {"uv": [0, 0, 1, 6], "texture": "#5"},
				"down": {"uv": [0, 0, 1, 6], "texture": "#5"}
			}
		},
		{
			"from": [1, 9, -7],
			"to": [3, 12, -4],
			"rotation": {"angle": 45, "axis": "x", "origin": [0, 0, 0]},
			"faces": {
				"north": {"uv": [5, 3, 7, 6], "texture": "#8"},
				"east": {"uv": [3, 3, 6, 6], "texture": "#8"},
				"south": {"uv": [5, 4, 7, 7], "texture": "#8"},
				"west": {"uv": [3, 3, 6, 6], "texture": "#8"},
				"up": {"uv": [3, 2, 5, 5], "texture": "#8"},
				"down": {"uv": [4, 3, 6, 6], "texture": "#8"}
			}
		},
		{
			"name": "container",
			"from": [17, 11, -11],
			"to": [19, 13, -8],
			"rotation": {"angle": 45, "axis": "x", "origin": [0, 0, 0]},
			"faces": {
				"north": {"uv": [0, 0, 2, 2], "texture": "#1"},
				"east": {"uv": [0, 0, 16, 16], "rotation": 90, "texture": "#1"},
				"south": {"uv": [0, 0, 2, 2], "texture": "#1"},
				"west": {"uv": [0, 0, 16, 16], "rotation": 90, "texture": "#1"},
				"up": {"uv": [0, 0, 16, 16], "texture": "#1"},
				"down": {"uv": [0, 0, 16, 16], "rotation": 180, "texture": "#1"}
			}
		},
		{
			"from": [16, 9, -16],
			"to": [19, 11, -12],
			"rotation": {"angle": 45, "axis": "x", "origin": [0, 0, 0]},
			"faces": {
				"north": {"uv": [0, 0, 3, 2], "texture": "#2"},
				"east": {"uv": [0, 0, 4, 2], "texture": "#2"},
				"south": {"uv": [0, 0, 3, 2], "texture": "#2"},
				"west": {"uv": [0, 0, 4, 2], "texture": "#2"},
				"up": {"uv": [0, 0, 3, 4], "texture": "#2"},
				"down": {"uv": [0, 0, 3, 4], "texture": "#2"}
			}
		},
		{
			"from": [16, 9, -12],
			"to": [20, 14, -1],
			"rotation": {"angle": 45, "axis": "x", "origin": [0, 0, 0]},
			"faces": {
				"north": {"uv": [0, 0, 4, 5], "texture": "#2"},
				"east": {"uv": [0, 0, 11, 5], "texture": "#2"},
				"south": {"uv": [0, 0, 4, 5], "texture": "#2"},
				"west": {"uv": [0, 0, 11, 5], "texture": "#2"},
				"up": {"uv": [0, 0, 4, 11], "texture": "#2"},
				"down": {"uv": [0, 0, 4, 11], "texture": "#2"}
			}
		},
		{
			"from": [16, 10, -1],
			"to": [20, 14, 2],
			"rotation": {"angle": 45, "axis": "x", "origin": [0, 0, 0]},
			"faces": {
				"north": {"uv": [0, 0, 4, 4], "texture": "#5"},
				"east": {"uv": [0, 0, 3, 4], "texture": "#5"},
				"south": {"uv": [0, 0, 4, 4], "texture": "#5"},
				"west": {"uv": [0, 0, 3, 4], "texture": "#5"},
				"up": {"uv": [0, 0, 4, 3], "texture": "#5"},
				"down": {"uv": [0, 0, 4, 3], "texture": "#5"}
			}
		},
		{
			"from": [19, 11, 2],
			"to": [20, 13, 8],
			"rotation": {"angle": 45, "axis": "x", "origin": [0, 0, 0]},
			"faces": {
				"north": {"uv": [0, 0, 1, 2], "texture": "#5"},
				"east": {"uv": [0, 0, 6, 2], "texture": "#5"},
				"south": {"uv": [0, 0, 1, 2], "texture": "#5"},
				"west": {"uv": [0, 0, 6, 2], "texture": "#5"},
				"up": {"uv": [0, 0, 1, 6], "texture": "#5"},
				"down": {"uv": [0, 0, 1, 6], "texture": "#5"}
			}
		},
		{
			"from": [17, 13, 2],
			"to": [19, 13.5, 8],
			"rotation": {"angle": 45, "axis": "x", "origin": [0, 0, 0]},
			"faces": {
				"north": {"uv": [0, 0, 2, 0.5], "texture": "#5"},
				"east": {"uv": [0, 0, 6, 0.5], "texture": "#5"},
				"south": {"uv": [0, 0, 2, 0.5], "texture": "#5"},
				"west": {"uv": [0, 0, 6, 0.5], "texture": "#5"},
				"up": {"uv": [0, 0, 2, 6], "texture": "#5"},
				"down": {"uv": [0, 0, 2, 6], "texture": "#5"}
			}
		},
		{
			"from": [17, 11, 2],
			"to": [19, 13, 14],
			"rotation": {"angle": 45, "axis": "x", "origin": [0, 0, 0]},
			"faces": {
				"north": {"uv": [0, 0, 2, 2], "texture": "#5"},
				"east": {"uv": [0, 0, 12, 2], "texture": "#5"},
				"south": {"uv": [0, 0, 2, 2], "texture": "#5"},
				"west": {"uv": [0, 0, 12, 2], "texture": "#5"},
				"up": {"uv": [0, 0, 2, 12], "texture": "#5"},
				"down": {"uv": [0, 0, 2, 12], "texture": "#5"}
			}
		},
		{
			"from": [17, 10, 2],
			"to": [19, 11, 8],
			"rotation": {"angle": 45, "axis": "x", "origin": [0, 0, 0]},
			"faces": {
				"north": {"uv": [0, 0, 2, 1], "texture": "#5"},
				"east": {"uv": [0, 0, 6, 1], "texture": "#5"},
				"south": {"uv": [0, 0, 2, 1], "texture": "#5"},
				"west": {"uv": [0, 0, 6, 1], "texture": "#5"},
				"up": {"uv": [0, 0, 2, 6], "texture": "#5"},
				"down": {"uv": [0, 0, 2, 6], "texture": "#5"}
			}
		},
		{
			"from": [16, 11, 2],
			"to": [17, 13, 8],
			"rotation": {"angle": 45, "axis": "x", "origin": [0, 0, 0]},
			"faces": {
				"north": {"uv": [0, 0, 1, 2], "texture": "#5"},
				"east": {"uv": [0, 0, 6, 2], "texture": "#5"},
				"south": {"uv": [0, 0, 1, 2], "texture": "#5"},
				"west": {"uv": [0, 0, 6, 2], "texture": "#5"},
				"up": {"uv": [0, 0, 1, 6], "texture": "#5"},
				"down": {"uv": [0, 0, 1, 6], "texture": "#5"}
			}
		},
		{
			"from": [14, 9, -7],
			"to": [16, 12, -4],
			"rotation": {"angle": 45, "axis": "x", "origin": [0, 0, 0]},
			"faces": {
				"north": {"uv": [5, 3, 7, 6], "texture": "#8"},
				"east": {"uv": [3, 3, 6, 6], "texture": "#8"},
				"south": {"uv": [5, 4, 7, 7], "texture": "#8"},
				"west": {"uv": [3, 3, 6, 6], "texture": "#8"},
				"up": {"uv": [3, 2, 5, 5], "texture": "#8"},
				"down": {"uv": [4, 3, 6, 6], "texture": "#8"}
			}
		}
	],
	"display": {
		"thirdperson_righthand": {
			"rotation": [0, -180, 0],
			"translation": [0, 1.75, -1],
			"scale": [0.31, 0.31, 0.31]
		},
		"thirdperson_lefthand": {
			"rotation": [0, -180, 0],
			"translation": [0, 2, -1.25],
			"scale": [0.31, 0.31, 0.31]
		},
		"firstperson_righthand": {
			"rotation": [-14, -166, 0],
			"translation": [1.25, -1.75, -3.25],
			"scale": [0.63, 0.63, 0.63]
		},
		"firstperson_lefthand": {
			"rotation": [-14, -166, 0],
			"translation": [3.25, 0, -1.75],
			"scale": [0.63, 0.63, 0.63]
		},
		"gui": {
			"rotation": [46, -37, 24],
			"translation": [0, 1.75, 0],
			"scale": [0.33, 0.33, 0.33]
		},
		"head": {
			"rotation": [0, -180, 0],
			"translation": [0, -12, 0],
			"scale": [1.32, 1.32, 1.32]
		}
	},
	"groups": [
		0,
		1,
		2,
		3,
		4,
		5,
		6,
		7,
		8,
		9,
		10,
		11,
		12,
		13,
		14,
		15,
		16,
		17,
		18,
		19,
		20,
		21,
		22,
		23,
		24,
		25,
		26,
		27,
		28,
		29,
		30,
		31,
		32,
		33,
		34,
		35,
		36,
		37,
		38,
		39,
		40,
		41,
		42,
		43,
		44,
		45,
		46,
		47,
		48,
		49,
		50,
		51,
		52,
		53,
		54,
		55,
		56,
		{
			"name": "turrets",
			"origin": [0, 0, 0],
			"color": 0,
			"nbt": "{}",
			"armAnimationEnabled": false,
			"children": [57, 58, 59, 60, 61, 62, 63, 64, 65, 66, 67, 68, 69, 70, 71, 72, 73, 74, 75, 76]
		}
	]
}