{
	"credit": "Made with Blockbench",
	"textures": {
		"7": "block/chorus_plant",
		"particle": "block/basalt_side"
	},
	"elements": [
		{
			"from": [6.5, 6.5, 8],
			"to": [9.5, 9.5, 11],
			"rotation": {"angle": 0, "axis": "z", "origin": [14, 14, 18]},
			"faces": {
				"north": {"uv": [0, 0, 3, 3], "texture": "#7"},
				"east": {"uv": [0, 0, 3, 3], "texture": "#7"},
				"south": {"uv": [0, 0, 3, 3], "texture": "#7"},
				"west": {"uv": [0, 0, 3, 3], "texture": "#7"},
				"up": {"uv": [0, 0, 3, 3], "texture": "#7"},
				"down": {"uv": [0, 0, 3, 3], "texture": "#7"}
			}
		},
		{
			"from": [7, 9.5, 8.5],
			"to": [9, 10, 10.5],
			"rotation": {"angle": 0, "axis": "z", "origin": [14, 14, 18]},
			"faces": {
				"north": {"uv": [0, 0, 2, 0.5], "texture": "#7"},
				"east": {"uv": [0, 0, 2, 0.5], "texture": "#7"},
				"south": {"uv": [0, 0, 2, 0.5], "texture": "#7"},
				"west": {"uv": [0, 0, 2, 0.5], "texture": "#7"},
				"up": {"uv": [0, 0, 2, 2], "texture": "#7"},
				"down": {"uv": [0, 0, 2, 2], "texture": "#7"}
			}
		},
		{
			"from": [7, 6, 8.5],
			"to": [9, 6.5, 10.5],
			"rotation": {"angle": 0, "axis": "z", "origin": [14, 14, 18]},
			"faces": {
				"north": {"uv": [0, 0, 2, 0.5], "texture": "#7"},
				"east": {"uv": [0, 0, 2, 0.5], "texture": "#7"},
				"south": {"uv": [0, 0, 2, 0.5], "texture": "#7"},
				"west": {"uv": [0, 0, 2, 0.5], "texture": "#7"},
				"up": {"uv": [0, 0, 2, 2], "texture": "#7"},
				"down": {"uv": [0, 0, 2, 2], "texture": "#7"}
			}
		},
		{
			"from": [6, 7, 8.5],
			"to": [6.5, 9, 10.5],
			"rotation": {"angle": 0, "axis": "z", "origin": [14, 14, 18]},
			"faces": {
				"north": {"uv": [0, 0, 0.5, 2], "texture": "#7"},
				"east": {"uv": [0, 0, 2, 2], "texture": "#7"},
				"south": {"uv": [0, 0, 0.5, 2], "texture": "#7"},
				"west": {"uv": [0, 0, 2, 2], "texture": "#7"},
				"up": {"uv": [0, 0, 0.5, 2], "texture": "#7"},
				"down": {"uv": [0, 0, 0.5, 2], "texture": "#7"}
			}
		},
		{
			"from": [9.5, 7, 8.5],
			"to": [10, 9, 10.5],
			"rotation": {"angle": 0, "axis": "z", "origin": [14, 14, 18]},
			"faces": {
				"north": {"uv": [0, 0, 0.5, 2], "texture": "#7"},
				"east": {"uv": [0, 0, 2, 2], "texture": "#7"},
				"south": {"uv": [0, 0, 0.5, 2], "texture": "#7"},
				"west": {"uv": [0, 0, 2, 2], "texture": "#7"},
				"up": {"uv": [0, 0, 0.5, 2], "texture": "#7"},
				"down": {"uv": [0, 0, 0.5, 2], "texture": "#7"}
			}
		},
		{
			"from": [7, 7, 11],
			"to": [9, 9, 11.5],
			"rotation": {"angle": 0, "axis": "z", "origin": [14, 14, 18]},
			"faces": {
				"north": {"uv": [0, 0, 2, 2], "texture": "#7"},
				"east": {"uv": [0, 0, 0.5, 2], "texture": "#7"},
				"south": {"uv": [0, 0, 2, 2], "texture": "#7"},
				"west": {"uv": [0, 0, 0.5, 2], "texture": "#7"},
				"up": {"uv": [0, 0, 2, 0.5], "texture": "#7"},
				"down": {"uv": [0, 0, 2, 0.5], "texture": "#7"}
			}
		},
		{
			"from": [7, 7, 7.5],
			"to": [9, 9, 8],
			"rotation": {"angle": 0, "axis": "z", "origin": [14, 14, 18]},
			"faces": {
				"north": {"uv": [0, 0, 2, 2], "texture": "#7"},
				"east": {"uv": [0, 0, 0.5, 2], "texture": "#7"},
				"south": {"uv": [0, 0, 2, 2], "texture": "#7"},
				"west": {"uv": [0, 0, 0.5, 2], "texture": "#7"},
				"up": {"uv": [0, 0, 2, 0.5], "texture": "#7"},
				"down": {"uv": [0, 0, 2, 0.5], "texture": "#7"}
			}
		}
	],
	"display": {
		"thirdperson_righthand": {
			"rotation": [72, 0, 0],
			"translation": [0, -3, -7],
			"scale": [0.7, 0.7, 0.7]
		},
		"thirdperson_lefthand": {
			"rotation": [70, 0, 0],
			"translation": [0, -2.75, -8],
			"scale": [0.7, 0.7, 0.7]
		},
		"firstperson_righthand": {
			"rotation": [35, 0, 6],
			"translation": [0, 1.5, 0]
		},
		"firstperson_lefthand": {
			"rotation": [8, 0, 6],
			"translation": [0, 1.5, 0]
		},
		"ground": {
			"translation": [0, 0, -3.75]
		},
		"gui": {
			"rotation": [-126, 43, 149],
			"translation": [0, -2.25, 0],
			"scale": [0.46, 0.47, 0.49]
		},
		"head": {
			"translation": [0, -41.75, -2.5],
			"scale": [4, 4, 4]
		}
	},
	"groups": [
		{
			"name": "group",
			"origin": [8, 8, 8],
			"children": [0, 1, 2, 3, 4, 5, 6]
		}
	]
}