{
	"credit": "Made with Blockbench",
	"textures": {
		"0": "custom/basalt_side",
		"3": "block/iron_block",
		"4": "block/hopper_inside",
		"5": "block/andesite",
		"7": "block/oak_log",
		"particle": "custom/basalt_side"
	},
	"elements": [
		{
			"from": [6, 10, -7],
			"to": [10, 11, -5],
			"rotation": {"angle": 0, "axis": "y", "origin": [15, 18, 1]},
			"faces": {
				"north": {"uv": [0, 0, 4, 1], "texture": "#0"},
				"east": {"uv": [0, 0, 2, 1], "texture": "#0"},
				"south": {"uv": [0, 0, 4, 1], "texture": "#0"},
				"west": {"uv": [0, 0, 2, 1], "texture": "#0"},
				"up": {"uv": [0, 0, 4, 2], "texture": "#0"},
				"down": {"uv": [0, 0, 4, 2], "texture": "#0"}
			}
		},
		{
			"from": [6, 17, -7],
			"to": [10, 18, -5],
			"rotation": {"angle": 0, "axis": "y", "origin": [15, 25, 1]},
			"faces": {
				"north": {"uv": [0, 0, 4, 1], "texture": "#0"},
				"east": {"uv": [0, 0, 2, 1], "texture": "#0"},
				"south": {"uv": [0, 0, 4, 1], "texture": "#0"},
				"west": {"uv": [0, 0, 2, 1], "texture": "#0"},
				"up": {"uv": [0, 0, 4, 2], "texture": "#0"},
				"down": {"uv": [0, 0, 4, 2], "texture": "#0"}
			}
		},
		{
			"from": [5, 11, -7],
			"to": [11, 12, -5],
			"rotation": {"angle": 0, "axis": "y", "origin": [15, 19, 1]},
			"faces": {
				"north": {"uv": [0, 0, 6, 1], "texture": "#0"},
				"east": {"uv": [0, 0, 2, 1], "texture": "#0"},
				"south": {"uv": [0, 0, 6, 1], "texture": "#0"},
				"west": {"uv": [0, 0, 2, 1], "texture": "#0"},
				"up": {"uv": [0, 0, 6, 2], "texture": "#0"},
				"down": {"uv": [0, 0, 6, 2], "texture": "#0"}
			}
		},
		{
			"from": [5, 16, -7],
			"to": [11, 17, -5],
			"rotation": {"angle": 0, "axis": "y", "origin": [15, 24, 1]},
			"faces": {
				"north": {"uv": [0, 0, 6, 1], "texture": "#0"},
				"east": {"uv": [0, 0, 2, 1], "texture": "#0"},
				"south": {"uv": [0, 0, 6, 1], "texture": "#0"},
				"west": {"uv": [0, 0, 2, 1], "texture": "#0"},
				"up": {"uv": [0, 0, 6, 2], "texture": "#0"},
				"down": {"uv": [0, 0, 6, 2], "texture": "#0"}
			}
		},
		{
			"from": [10, 12, -7],
			"to": [11, 16, -6],
			"rotation": {"angle": 0, "axis": "y", "origin": [16, 20, 1]},
			"faces": {
				"north": {"uv": [0, 0, 1, 4], "texture": "#0"},
				"east": {"uv": [0, 0, 1, 4], "texture": "#0"},
				"south": {"uv": [0, 0, 1, 4], "texture": "#0"},
				"west": {"uv": [0, 0, 1, 4], "texture": "#0"},
				"up": {"uv": [0, 0, 1, 1], "texture": "#0"},
				"down": {"uv": [0, 0, 1, 1], "texture": "#0"}
			}
		},
		{
			"from": [5, 12, -7],
			"to": [6, 16, -6],
			"rotation": {"angle": 0, "axis": "y", "origin": [11, 20, 1]},
			"faces": {
				"north": {"uv": [0, 0, 1, 4], "texture": "#0"},
				"east": {"uv": [0, 0, 1, 4], "texture": "#0"},
				"south": {"uv": [0, 0, 1, 4], "texture": "#0"},
				"west": {"uv": [0, 0, 1, 4], "texture": "#0"},
				"up": {"uv": [0, 0, 1, 1], "texture": "#0"},
				"down": {"uv": [0, 0, 1, 1], "texture": "#0"}
			}
		},
		{
			"from": [4, 12, -7],
			"to": [5, 16, -5],
			"rotation": {"angle": 0, "axis": "y", "origin": [10, 20, 1]},
			"faces": {
				"north": {"uv": [0, 0, 1, 4], "texture": "#0"},
				"east": {"uv": [0, 0, 2, 4], "texture": "#0"},
				"south": {"uv": [0, 0, 1, 4], "texture": "#0"},
				"west": {"uv": [0, 0, 2, 4], "texture": "#0"},
				"up": {"uv": [0, 0, 1, 2], "texture": "#0"},
				"down": {"uv": [0, 0, 1, 2], "texture": "#0"}
			}
		},
		{
			"from": [11, 12, -7],
			"to": [12, 16, -5],
			"rotation": {"angle": 0, "axis": "y", "origin": [17, 20, 1]},
			"faces": {
				"north": {"uv": [0, 0, 1, 4], "texture": "#0"},
				"east": {"uv": [0, 0, 2, 4], "texture": "#0"},
				"south": {"uv": [0, 0, 1, 4], "texture": "#0"},
				"west": {"uv": [0, 0, 2, 4], "texture": "#0"},
				"up": {"uv": [0, 0, 1, 2], "texture": "#0"},
				"down": {"uv": [0, 0, 1, 2], "texture": "#0"}
			}
		},
		{
			"from": [5, 12, -6],
			"to": [6, 16, 0],
			"rotation": {"angle": 0, "axis": "y", "origin": [13, 23, 2]},
			"faces": {
				"north": {"uv": [0, 0, 1, 4], "texture": "#0"},
				"east": {"uv": [0, 0, 6, 4], "texture": "#0"},
				"south": {"uv": [0, 0, 1, 4], "texture": "#0"},
				"west": {"uv": [0, 0, 6, 4], "texture": "#0"},
				"up": {"uv": [0, 0, 1, 6], "texture": "#0"},
				"down": {"uv": [0, 0, 1, 6], "texture": "#0"}
			}
		},
		{
			"from": [10, 12, -6],
			"to": [11, 16, 0],
			"rotation": {"angle": 0, "axis": "y", "origin": [18, 23, 2]},
			"faces": {
				"north": {"uv": [0, 0, 1, 4], "texture": "#0"},
				"east": {"uv": [0, 0, 6, 4], "texture": "#0"},
				"south": {"uv": [0, 0, 1, 4], "texture": "#0"},
				"west": {"uv": [0, 0, 6, 4], "texture": "#0"},
				"up": {"uv": [0, 0, 1, 6], "texture": "#0"},
				"down": {"uv": [0, 0, 1, 6], "texture": "#0"}
			}
		},
		{
			"from": [10, 12, 1],
			"to": [11, 16, 7],
			"rotation": {"angle": 0, "axis": "y", "origin": [18, 23, 10]},
			"faces": {
				"north": {"uv": [0, 0, 1, 4], "texture": "#0"},
				"east": {"uv": [0, 0, 6, 4], "texture": "#0"},
				"south": {"uv": [0, 0, 1, 4], "texture": "#0"},
				"west": {"uv": [0, 0, 6, 4], "texture": "#0"},
				"up": {"uv": [0, 0, 1, 6], "texture": "#0"},
				"down": {"uv": [0, 0, 1, 6], "texture": "#0"}
			}
		},
		{
			"from": [5, 12, 1],
			"to": [6, 16, 7],
			"rotation": {"angle": 0, "axis": "y", "origin": [13, 23, 10]},
			"faces": {
				"north": {"uv": [0, 0, 1, 4], "texture": "#0"},
				"east": {"uv": [0, 0, 6, 4], "texture": "#0"},
				"south": {"uv": [0, 0, 1, 4], "texture": "#0"},
				"west": {"uv": [0, 0, 6, 4], "texture": "#0"},
				"up": {"uv": [0, 0, 1, 6], "texture": "#0"},
				"down": {"uv": [0, 0, 1, 6], "texture": "#0"}
			}
		},
		{
			"from": [3.8, 12, 8],
			"to": [4.8, 16.4, 14.4],
			"rotation": {"angle": 0, "axis": "y", "origin": [12, 23, 17]},
			"faces": {
				"north": {"uv": [0, 0, 1, 4.4], "texture": "#0"},
				"east": {"uv": [0, 0, 6.4, 4.4], "texture": "#0"},
				"south": {"uv": [0, 0, 1, 4.4], "texture": "#0"},
				"west": {"uv": [0, 0, 6.4, 4.4], "texture": "#0"},
				"up": {"uv": [0, 0, 1, 6.4], "texture": "#0"},
				"down": {"uv": [0, 0, 1, 6.4], "texture": "#0"}
			}
		},
		{
			"from": [3.8, 12, 15],
			"to": [4.8, 16.4, 22.4],
			"rotation": {"angle": 0, "axis": "y", "origin": [12, 23, 24]},
			"faces": {
				"north": {"uv": [0, 0, 1, 4.4], "texture": "#0"},
				"east": {"uv": [0, 0, 7.4, 4.4], "texture": "#0"},
				"south": {"uv": [0, 0, 1, 4.4], "texture": "#0"},
				"west": {"uv": [0, 0, 7.4, 4.4], "texture": "#0"},
				"up": {"uv": [0, 0, 1, 7.4], "texture": "#0"},
				"down": {"uv": [0, 0, 1, 7.4], "texture": "#0"}
			}
		},
		{
			"from": [5.8, 17, 8],
			"to": [10.2, 18.4, 14.4],
			"rotation": {"angle": 0, "axis": "y", "origin": [15, 25, 17]},
			"faces": {
				"north": {"uv": [0, 0, 4.4, 1.4], "texture": "#0"},
				"east": {"uv": [0, 0, 6.4, 1.4], "texture": "#0"},
				"south": {"uv": [0, 0, 4.4, 1.4], "texture": "#0"},
				"west": {"uv": [0, 0, 6.4, 1.4], "texture": "#0"},
				"up": {"uv": [0, 0, 4.4, 6.4], "texture": "#0"},
				"down": {"uv": [0, 0, 4.4, 6.4], "texture": "#0"}
			}
		},
		{
			"from": [5.8, 17, 15],
			"to": [10.2, 18.4, 22.4],
			"rotation": {"angle": 0, "axis": "y", "origin": [15, 25, 24]},
			"faces": {
				"north": {"uv": [0, 0, 4.4, 1.4], "texture": "#0"},
				"east": {"uv": [0, 0, 7.4, 1.4], "texture": "#0"},
				"south": {"uv": [0, 0, 4.4, 1.4], "texture": "#0"},
				"west": {"uv": [0, 0, 7.4, 1.4], "texture": "#0"},
				"up": {"uv": [0, 0, 4.4, 7.4], "texture": "#0"},
				"down": {"uv": [0, 0, 4.4, 7.4], "texture": "#0"}
			}
		},
		{
			"from": [5.8, 17, 22.4],
			"to": [10.2, 18, 23.9],
			"rotation": {"angle": 0, "axis": "y", "origin": [15, 25, 31]},
			"faces": {
				"north": {"uv": [0, 0, 4.4, 1], "texture": "#0"},
				"east": {"uv": [0, 0, 1.5, 1], "texture": "#0"},
				"south": {"uv": [0, 0, 4.4, 1], "texture": "#0"},
				"west": {"uv": [0, 0, 1.5, 1], "texture": "#0"},
				"up": {"uv": [0, 0, 4.4, 1.5], "texture": "#0"},
				"down": {"uv": [0, 0, 4.4, 1.5], "texture": "#0"}
			}
		},
		{
			"from": [5.8, 11, 22.4],
			"to": [10.2, 12, 23.9],
			"rotation": {"angle": 0, "axis": "y", "origin": [15, 19, 31]},
			"faces": {
				"north": {"uv": [0, 0, 4.4, 1], "texture": "#0"},
				"east": {"uv": [0, 0, 1.5, 1], "texture": "#0"},
				"south": {"uv": [0, 0, 4.4, 1], "texture": "#0"},
				"west": {"uv": [0, 0, 1.5, 1], "texture": "#0"},
				"up": {"uv": [0, 0, 4.4, 1.5], "texture": "#0"},
				"down": {"uv": [0, 0, 4.4, 1.5], "texture": "#0"}
			}
		},
		{
			"from": [4.8, 12, 22.4],
			"to": [11.2, 17, 23.9],
			"rotation": {"angle": 0, "axis": "y", "origin": [14, 20, 31]},
			"faces": {
				"north": {"uv": [0, 0, 6.4, 5], "texture": "#0"},
				"east": {"uv": [0, 0, 1.5, 5], "texture": "#0"},
				"south": {"uv": [0, 0, 6.4, 5], "texture": "#0"},
				"west": {"uv": [0, 0, 1.5, 5], "texture": "#0"},
				"up": {"uv": [0, 0, 6.4, 1.5], "texture": "#0"},
				"down": {"uv": [0, 0, 6.4, 1.5], "texture": "#0"}
			}
		},
		{
			"from": [5.8, 12, 23.9],
			"to": [10.2, 17, 24.9],
			"rotation": {"angle": 0, "axis": "y", "origin": [14, 20, 33]},
			"faces": {
				"north": {"uv": [0, 0, 4.4, 5], "texture": "#0"},
				"east": {"uv": [0, 0, 1, 5], "texture": "#0"},
				"south": {"uv": [0, 0, 4.4, 5], "texture": "#0"},
				"west": {"uv": [0, 0, 1, 5], "texture": "#0"},
				"up": {"uv": [0, 0, 4.4, 1], "texture": "#0"},
				"down": {"uv": [0, 0, 4.4, 1], "texture": "#0"}
			}
		},
		{
			"from": [6.8, 12, 24.9],
			"to": [9.2, 17, 25.9],
			"rotation": {"angle": 0, "axis": "y", "origin": [14, 20, 34]},
			"faces": {
				"north": {"uv": [0, 0, 2.4, 5], "texture": "#0"},
				"east": {"uv": [0, 0, 1, 5], "texture": "#0"},
				"south": {"uv": [0, 0, 2.4, 5], "texture": "#0"},
				"west": {"uv": [0, 0, 1, 5], "texture": "#0"},
				"up": {"uv": [0, 0, 2.4, 1], "texture": "#0"},
				"down": {"uv": [0, 0, 2.4, 1], "texture": "#0"}
			}
		},
		{
			"from": [7.25, 13.75, 25.9],
			"to": [8.75, 15.25, 30],
			"rotation": {"angle": 0, "axis": "y", "origin": [15, 20, 35]},
			"faces": {
				"north": {"uv": [0, 0, 1.5, 1.5], "texture": "#0"},
				"east": {"uv": [0, 0, 4.1, 1.5], "texture": "#0"},
				"south": {"uv": [0, 0, 1.5, 1.5], "texture": "#0"},
				"west": {"uv": [0, 0, 4.1, 1.5], "texture": "#0"},
				"up": {"uv": [0, 0, 1.5, 4.1], "texture": "#0"},
				"down": {"uv": [0, 0, 1.5, 4.1], "texture": "#0"}
			}
		},
		{
			"from": [7, 15.4, 28.9],
			"to": [9, 16.4, 31],
			"rotation": {"angle": 0, "axis": "y", "origin": [15, 20, 38]},
			"faces": {
				"north": {"uv": [0, 0, 2, 1], "texture": "#0"},
				"east": {"uv": [0, 0, 2.1, 1], "texture": "#0"},
				"south": {"uv": [0, 0, 2, 1], "texture": "#0"},
				"west": {"uv": [0, 0, 2.1, 1], "texture": "#0"},
				"up": {"uv": [0, 0, 2, 2.1], "texture": "#0"},
				"down": {"uv": [0, 0, 2, 2.1], "texture": "#0"}
			}
		},
		{
			"from": [7, 12.4, 28.9],
			"to": [9, 13.4, 31],
			"rotation": {"angle": 0, "axis": "y", "origin": [15, 17, 38]},
			"faces": {
				"north": {"uv": [0, 0, 2, 1], "texture": "#0"},
				"east": {"uv": [0, 0, 2.1, 1], "texture": "#0"},
				"south": {"uv": [0, 0, 2, 1], "texture": "#0"},
				"west": {"uv": [0, 0, 2.1, 1], "texture": "#0"},
				"up": {"uv": [0, 0, 2, 2.1], "texture": "#0"},
				"down": {"uv": [0, 0, 2, 2.1], "texture": "#0"}
			}
		},
		{
			"from": [9, 13.4, 28.9],
			"to": [10, 15.4, 31],
			"rotation": {"angle": 0, "axis": "y", "origin": [16, 20, 38]},
			"faces": {
				"north": {"uv": [0, 0, 1, 2], "texture": "#0"},
				"east": {"uv": [0, 0, 2.1, 2], "texture": "#0"},
				"south": {"uv": [0, 0, 1, 2], "texture": "#0"},
				"west": {"uv": [0, 0, 2.1, 2], "texture": "#0"},
				"up": {"uv": [0, 0, 1, 2.1], "texture": "#0"},
				"down": {"uv": [0, 0, 1, 2.1], "texture": "#0"}
			}
		},
		{
			"from": [6, 13.4, 28.9],
			"to": [7, 15.4, 31],
			"rotation": {"angle": 0, "axis": "y", "origin": [13, 20, 38]},
			"faces": {
				"north": {"uv": [0, 0, 1, 2], "texture": "#0"},
				"east": {"uv": [0, 0, 2.1, 2], "texture": "#0"},
				"south": {"uv": [0, 0, 1, 2], "texture": "#0"},
				"west": {"uv": [0, 0, 2.1, 2], "texture": "#0"},
				"up": {"uv": [0, 0, 1, 2.1], "texture": "#0"},
				"down": {"uv": [0, 0, 1, 2.1], "texture": "#0"}
			}
		},
		{
			"from": [7, 13.4, 27.9],
			"to": [9, 15.4, 32],
			"rotation": {"angle": 0, "axis": "y", "origin": [14, 20, 39]},
			"faces": {
				"north": {"uv": [0, 0, 2, 2], "texture": "#0"},
				"east": {"uv": [0, 0, 4.1, 2], "texture": "#0"},
				"south": {"uv": [0, 0, 2, 2], "texture": "#0"},
				"west": {"uv": [0, 0, 4.1, 2], "texture": "#0"},
				"up": {"uv": [0, 0, 2, 4.1], "texture": "#0"},
				"down": {"uv": [0, 0, 2, 4.1], "texture": "#0"}
			}
		},
		{
			"from": [5.8, 13, 24.9],
			"to": [6.8, 16, 25.9],
			"rotation": {"angle": 0, "axis": "y", "origin": [12, 20, 34]},
			"faces": {
				"north": {"uv": [0, 0, 1, 3], "texture": "#0"},
				"east": {"uv": [0, 0, 1, 3], "texture": "#0"},
				"south": {"uv": [0, 0, 1, 3], "texture": "#0"},
				"west": {"uv": [0, 0, 1, 3], "texture": "#0"},
				"up": {"uv": [0, 0, 1, 1], "texture": "#0"},
				"down": {"uv": [0, 0, 1, 1], "texture": "#0"}
			}
		},
		{
			"from": [9.2, 13, 24.9],
			"to": [10.2, 16, 25.9],
			"rotation": {"angle": 0, "axis": "y", "origin": [15, 20, 34]},
			"faces": {
				"north": {"uv": [0, 0, 1, 3], "texture": "#0"},
				"east": {"uv": [0, 0, 1, 3], "texture": "#0"},
				"south": {"uv": [0, 0, 1, 3], "texture": "#0"},
				"west": {"uv": [0, 0, 1, 3], "texture": "#0"},
				"up": {"uv": [0, 0, 1, 1], "texture": "#0"},
				"down": {"uv": [0, 0, 1, 1], "texture": "#0"}
			}
		},
		{
			"from": [5.8, 10, 8],
			"to": [10.2, 11.4, 14.4],
			"rotation": {"angle": 0, "axis": "y", "origin": [15, 18, 17]},
			"faces": {
				"north": {"uv": [0, 0, 4.4, 1.4], "texture": "#0"},
				"east": {"uv": [0, 0, 6.4, 1.4], "texture": "#0"},
				"south": {"uv": [0, 0, 4.4, 1.4], "texture": "#0"},
				"west": {"uv": [0, 0, 6.4, 1.4], "texture": "#0"},
				"up": {"uv": [0, 0, 4.4, 6.4], "texture": "#0"},
				"down": {"uv": [0, 0, 4.4, 6.4], "texture": "#0"}
			}
		},
		{
			"from": [5.8, 10, 15],
			"to": [10.2, 11.4, 22.4],
			"rotation": {"angle": 0, "axis": "y", "origin": [15, 18, 24]},
			"faces": {
				"north": {"uv": [0, 0, 4.4, 1.4], "texture": "#0"},
				"east": {"uv": [0, 0, 7.4, 1.4], "texture": "#0"},
				"south": {"uv": [0, 0, 4.4, 1.4], "texture": "#0"},
				"west": {"uv": [0, 0, 7.4, 1.4], "texture": "#0"},
				"up": {"uv": [0, 0, 4.4, 7.4], "texture": "#0"},
				"down": {"uv": [0, 0, 4.4, 7.4], "texture": "#0"}
			}
		},
		{
			"from": [4.8, 16, 8],
			"to": [5.8, 17.4, 14.4],
			"rotation": {"angle": 0, "axis": "y", "origin": [13, 24, 17]},
			"faces": {
				"north": {"uv": [0, 0, 1, 1.4], "texture": "#0"},
				"east": {"uv": [0, 0, 6.4, 1.4], "texture": "#0"},
				"south": {"uv": [0, 0, 1, 1.4], "texture": "#0"},
				"west": {"uv": [0, 0, 6.4, 1.4], "texture": "#0"},
				"up": {"uv": [0, 0, 1, 6.4], "texture": "#0"},
				"down": {"uv": [0, 0, 1, 6.4], "texture": "#0"}
			}
		},
		{
			"from": [4.8, 16, 15],
			"to": [5.8, 17.4, 22.4],
			"rotation": {"angle": 0, "axis": "y", "origin": [13, 24, 24]},
			"faces": {
				"north": {"uv": [0, 0, 1, 1.4], "texture": "#0"},
				"east": {"uv": [0, 0, 7.4, 1.4], "texture": "#0"},
				"south": {"uv": [0, 0, 1, 1.4], "texture": "#0"},
				"west": {"uv": [0, 0, 7.4, 1.4], "texture": "#0"},
				"up": {"uv": [0, 0, 1, 7.4], "texture": "#0"},
				"down": {"uv": [0, 0, 1, 7.4], "texture": "#0"}
			}
		},
		{
			"from": [4.8, 11, 8],
			"to": [5.8, 12.4, 14.4],
			"rotation": {"angle": 0, "axis": "y", "origin": [13, 19, 17]},
			"faces": {
				"north": {"uv": [0, 0, 1, 1.4], "texture": "#0"},
				"east": {"uv": [0, 0, 6.4, 1.4], "texture": "#0"},
				"south": {"uv": [0, 0, 1, 1.4], "texture": "#0"},
				"west": {"uv": [0, 0, 6.4, 1.4], "texture": "#0"},
				"up": {"uv": [0, 0, 1, 6.4], "texture": "#0"},
				"down": {"uv": [0, 0, 1, 6.4], "texture": "#0"}
			}
		},
		{
			"from": [4.8, 11, 15],
			"to": [5.8, 12.4, 22.4],
			"rotation": {"angle": 0, "axis": "y", "origin": [13, 19, 24]},
			"faces": {
				"north": {"uv": [0, 0, 1, 1.4], "texture": "#0"},
				"east": {"uv": [0, 0, 7.4, 1.4], "texture": "#0"},
				"south": {"uv": [0, 0, 1, 1.4], "texture": "#0"},
				"west": {"uv": [0, 0, 7.4, 1.4], "texture": "#0"},
				"up": {"uv": [0, 0, 1, 7.4], "texture": "#0"},
				"down": {"uv": [0, 0, 1, 7.4], "texture": "#0"}
			}
		},
		{
			"from": [11.2, 12, 8],
			"to": [12.2, 16.4, 14.4],
			"rotation": {"angle": 0, "axis": "y", "origin": [19, 23, 17]},
			"faces": {
				"north": {"uv": [0, 0, 1, 4.4], "texture": "#0"},
				"east": {"uv": [0, 0, 6.4, 4.4], "texture": "#0"},
				"south": {"uv": [0, 0, 1, 4.4], "texture": "#0"},
				"west": {"uv": [0, 0, 6.4, 4.4], "texture": "#0"},
				"up": {"uv": [0, 0, 1, 6.4], "texture": "#0"},
				"down": {"uv": [0, 0, 1, 6.4], "texture": "#0"}
			}
		},
		{
			"from": [11.2, 12, 15],
			"to": [12.2, 16.4, 22.4],
			"rotation": {"angle": 0, "axis": "y", "origin": [19, 23, 24]},
			"faces": {
				"north": {"uv": [0, 0, 1, 4.4], "texture": "#0"},
				"east": {"uv": [0, 0, 7.4, 4.4], "texture": "#0"},
				"south": {"uv": [0, 0, 1, 4.4], "texture": "#0"},
				"west": {"uv": [0, 0, 7.4, 4.4], "texture": "#0"},
				"up": {"uv": [0, 0, 1, 7.4], "texture": "#0"},
				"down": {"uv": [0, 0, 1, 7.4], "texture": "#0"}
			}
		},
		{
			"from": [10.2, 16, 8],
			"to": [11.2, 17.4, 14.4],
			"rotation": {"angle": 0, "axis": "y", "origin": [18, 24, 17]},
			"faces": {
				"north": {"uv": [0, 0, 1, 1.4], "texture": "#0"},
				"east": {"uv": [0, 0, 6.4, 1.4], "texture": "#0"},
				"south": {"uv": [0, 0, 1, 1.4], "texture": "#0"},
				"west": {"uv": [0, 0, 6.4, 1.4], "texture": "#0"},
				"up": {"uv": [0, 0, 1, 6.4], "texture": "#0"},
				"down": {"uv": [0, 0, 1, 6.4], "texture": "#0"}
			}
		},
		{
			"from": [10.2, 16, 15],
			"to": [11.2, 17.4, 22.4],
			"rotation": {"angle": 0, "axis": "y", "origin": [18, 24, 24]},
			"faces": {
				"north": {"uv": [0, 0, 1, 1.4], "texture": "#0"},
				"east": {"uv": [0, 0, 7.4, 1.4], "texture": "#0"},
				"south": {"uv": [0, 0, 1, 1.4], "texture": "#0"},
				"west": {"uv": [0, 0, 7.4, 1.4], "texture": "#0"},
				"up": {"uv": [0, 0, 1, 7.4], "texture": "#0"},
				"down": {"uv": [0, 0, 1, 7.4], "texture": "#0"}
			}
		},
		{
			"from": [10.2, 11, 8],
			"to": [11.2, 12.4, 14.4],
			"rotation": {"angle": 0, "axis": "y", "origin": [18, 19, 17]},
			"faces": {
				"north": {"uv": [0, 0, 1, 1.4], "texture": "#0"},
				"east": {"uv": [0, 0, 6.4, 1.4], "texture": "#0"},
				"south": {"uv": [0, 0, 1, 1.4], "texture": "#0"},
				"west": {"uv": [0, 0, 6.4, 1.4], "texture": "#0"},
				"up": {"uv": [0, 0, 1, 6.4], "texture": "#0"},
				"down": {"uv": [0, 0, 1, 6.4], "texture": "#0"}
			}
		},
		{
			"from": [10.2, 11, 15],
			"to": [11.2, 12.4, 22.4],
			"rotation": {"angle": 0, "axis": "y", "origin": [18, 19, 24]},
			"faces": {
				"north": {"uv": [0, 0, 1, 1.4], "texture": "#0"},
				"east": {"uv": [0, 0, 7.4, 1.4], "texture": "#0"},
				"south": {"uv": [0, 0, 1, 1.4], "texture": "#0"},
				"west": {"uv": [0, 0, 7.4, 1.4], "texture": "#0"},
				"up": {"uv": [0, 0, 1, 7.4], "texture": "#0"},
				"down": {"uv": [0, 0, 1, 7.4], "texture": "#0"}
			}
		},
		{
			"from": [6, 16, -5],
			"to": [10, 17, 0],
			"rotation": {"angle": 0, "axis": "y", "origin": [17, 24, 2]},
			"faces": {
				"north": {"uv": [0, 0, 4, 1], "texture": "#0"},
				"east": {"uv": [0, 0, 5, 1], "texture": "#0"},
				"south": {"uv": [0, 0, 4, 1], "texture": "#0"},
				"west": {"uv": [0, 0, 5, 1], "texture": "#0"},
				"up": {"uv": [0, 0, 4, 5], "texture": "#0"},
				"down": {"uv": [0, 0, 4, 5], "texture": "#0"}
			}
		},
		{
			"from": [6, 16, 1],
			"to": [10, 17, 7],
			"rotation": {"angle": 0, "axis": "y", "origin": [17, 24, 9]},
			"faces": {
				"north": {"uv": [0, 0, 4, 1], "texture": "#0"},
				"east": {"uv": [0, 0, 6, 1], "texture": "#0"},
				"south": {"uv": [0, 0, 4, 1], "texture": "#0"},
				"west": {"uv": [0, 0, 6, 1], "texture": "#0"},
				"up": {"uv": [0, 0, 4, 6], "texture": "#0"},
				"down": {"uv": [0, 0, 4, 6], "texture": "#0"}
			}
		},
		{
			"from": [6, 11, 1],
			"to": [10, 12, 7],
			"rotation": {"angle": 0, "axis": "y", "origin": [17, 19, 9]},
			"faces": {
				"north": {"uv": [0, 0, 4, 1], "texture": "#0"},
				"east": {"uv": [0, 0, 6, 1], "texture": "#0"},
				"south": {"uv": [0, 0, 4, 1], "texture": "#0"},
				"west": {"uv": [0, 0, 6, 1], "texture": "#0"},
				"up": {"uv": [0, 0, 4, 6], "texture": "#0"},
				"down": {"uv": [0, 0, 4, 6], "texture": "#0"}
			}
		},
		{
			"from": [6, 17, 0],
			"to": [10, 18, 1],
			"rotation": {"angle": 0, "axis": "y", "origin": [17, 25, 7]},
			"faces": {
				"north": {"uv": [0, 0, 4, 1], "texture": "#3"},
				"east": {"uv": [0, 0, 1, 1], "texture": "#3"},
				"south": {"uv": [0, 0, 4, 1], "texture": "#3"},
				"west": {"uv": [0, 0, 1, 1], "texture": "#3"},
				"up": {"uv": [0, 0, 4, 1], "texture": "#3"},
				"down": {"uv": [0, 0, 4, 1], "texture": "#3"}
			}
		},
		{
			"from": [6, 17, 7],
			"to": [10, 18, 8],
			"rotation": {"angle": 0, "axis": "y", "origin": [17, 25, 14]},
			"faces": {
				"north": {"uv": [0, 0, 4, 1], "texture": "#3"},
				"east": {"uv": [0, 0, 1, 1], "texture": "#3"},
				"south": {"uv": [0, 0, 4, 1], "texture": "#3"},
				"west": {"uv": [0, 0, 1, 1], "texture": "#3"},
				"up": {"uv": [0, 0, 4, 1], "texture": "#3"},
				"down": {"uv": [0, 0, 4, 1], "texture": "#3"}
			}
		},
		{
			"from": [6, 10, 7],
			"to": [10, 11, 8],
			"rotation": {"angle": 0, "axis": "y", "origin": [17, 18, 14]},
			"faces": {
				"north": {"uv": [0, 0, 4, 1], "texture": "#3"},
				"east": {"uv": [0, 0, 1, 1], "texture": "#3"},
				"south": {"uv": [0, 0, 4, 1], "texture": "#3"},
				"west": {"uv": [0, 0, 1, 1], "texture": "#3"},
				"up": {"uv": [0, 0, 4, 1], "texture": "#3"},
				"down": {"uv": [0, 0, 4, 1], "texture": "#3"}
			}
		},
		{
			"from": [6, 10, 0],
			"to": [10, 11, 1],
			"rotation": {"angle": 0, "axis": "y", "origin": [17, 18, 7]},
			"faces": {
				"north": {"uv": [0, 0, 4, 1], "texture": "#3"},
				"east": {"uv": [0, 0, 1, 1], "texture": "#3"},
				"south": {"uv": [0, 0, 4, 1], "texture": "#3"},
				"west": {"uv": [0, 0, 1, 1], "texture": "#3"},
				"up": {"uv": [0, 0, 4, 1], "texture": "#3"},
				"down": {"uv": [0, 0, 4, 1], "texture": "#3"}
			}
		},
		{
			"from": [4, 12, 0],
			"to": [6, 16, 1],
			"rotation": {"angle": 0, "axis": "y", "origin": [15, 20, 7]},
			"faces": {
				"north": {"uv": [0, 0, 2, 4], "texture": "#3"},
				"east": {"uv": [0, 0, 1, 4], "texture": "#3"},
				"south": {"uv": [0, 0, 2, 4], "texture": "#3"},
				"west": {"uv": [0, 0, 1, 4], "texture": "#3"},
				"up": {"uv": [0, 0, 2, 1], "texture": "#3"},
				"down": {"uv": [0, 0, 2, 1], "texture": "#3"}
			}
		},
		{
			"from": [4, 12, 7],
			"to": [6, 16, 8],
			"rotation": {"angle": 0, "axis": "y", "origin": [15, 20, 14]},
			"faces": {
				"north": {"uv": [0, 0, 2, 4], "texture": "#3"},
				"east": {"uv": [0, 0, 1, 4], "texture": "#3"},
				"south": {"uv": [0, 0, 2, 4], "texture": "#3"},
				"west": {"uv": [0, 0, 1, 4], "texture": "#3"},
				"up": {"uv": [0, 0, 2, 1], "texture": "#3"},
				"down": {"uv": [0, 0, 2, 1], "texture": "#3"}
			}
		},
		{
			"from": [10, 12, 7],
			"to": [12, 16, 8],
			"rotation": {"angle": 0, "axis": "y", "origin": [21, 20, 14]},
			"faces": {
				"north": {"uv": [0, 0, 2, 4], "texture": "#3"},
				"east": {"uv": [0, 0, 1, 4], "texture": "#3"},
				"south": {"uv": [0, 0, 2, 4], "texture": "#3"},
				"west": {"uv": [0, 0, 1, 4], "texture": "#3"},
				"up": {"uv": [0, 0, 2, 1], "texture": "#3"},
				"down": {"uv": [0, 0, 2, 1], "texture": "#3"}
			}
		},
		{
			"from": [11, 10, 14],
			"to": [13, 18, 15],
			"rotation": {"angle": 0, "axis": "y", "origin": [22, 20, 21]},
			"faces": {
				"north": {"uv": [0, 0, 2, 8], "texture": "#3"},
				"east": {"uv": [0, 0, 1, 8], "texture": "#3"},
				"south": {"uv": [0, 0, 2, 8], "texture": "#3"},
				"west": {"uv": [0, 0, 1, 8], "texture": "#3"},
				"up": {"uv": [0, 0, 2, 1], "texture": "#3"},
				"down": {"uv": [0, 0, 2, 1], "texture": "#3"}
			}
		},
		{
			"from": [3, 10, 14],
			"to": [5, 18, 15],
			"rotation": {"angle": 0, "axis": "y", "origin": [14, 20, 21]},
			"faces": {
				"north": {"uv": [0, 0, 2, 8], "texture": "#3"},
				"east": {"uv": [0, 0, 1, 8], "texture": "#3"},
				"south": {"uv": [0, 0, 2, 8], "texture": "#3"},
				"west": {"uv": [0, 0, 1, 8], "texture": "#3"},
				"up": {"uv": [0, 0, 2, 1], "texture": "#3"},
				"down": {"uv": [0, 0, 2, 1], "texture": "#3"}
			}
		},
		{
			"from": [5, 17, 14],
			"to": [11, 19, 15],
			"rotation": {"angle": 0, "axis": "y", "origin": [16, 21, 21]},
			"faces": {
				"north": {"uv": [0, 0, 6, 2], "texture": "#3"},
				"east": {"uv": [0, 0, 1, 2], "texture": "#3"},
				"south": {"uv": [0, 0, 6, 2], "texture": "#3"},
				"west": {"uv": [0, 0, 1, 2], "texture": "#3"},
				"up": {"uv": [0, 0, 6, 1], "texture": "#3"},
				"down": {"uv": [0, 0, 6, 1], "texture": "#3"}
			}
		},
		{
			"from": [5, 9, 14],
			"to": [11, 11, 15],
			"rotation": {"angle": 0, "axis": "y", "origin": [16, 13, 21]},
			"faces": {
				"north": {"uv": [0, 0, 6, 2], "texture": "#3"},
				"east": {"uv": [0, 0, 1, 2], "texture": "#3"},
				"south": {"uv": [0, 0, 6, 2], "texture": "#3"},
				"west": {"uv": [0, 0, 1, 2], "texture": "#3"},
				"up": {"uv": [0, 0, 6, 1], "texture": "#3"},
				"down": {"uv": [0, 0, 6, 1], "texture": "#3"}
			}
		},
		{
			"from": [10, 12, 0],
			"to": [12, 16, 1],
			"rotation": {"angle": 0, "axis": "y", "origin": [21, 20, 7]},
			"faces": {
				"north": {"uv": [0, 0, 2, 4], "texture": "#3"},
				"east": {"uv": [0, 0, 1, 4], "texture": "#3"},
				"south": {"uv": [0, 0, 2, 4], "texture": "#3"},
				"west": {"uv": [0, 0, 1, 4], "texture": "#3"},
				"up": {"uv": [0, 0, 2, 1], "texture": "#3"},
				"down": {"uv": [0, 0, 2, 1], "texture": "#3"}
			}
		},
		{
			"from": [5, 16, 0],
			"to": [11, 17, 1],
			"rotation": {"angle": 0, "axis": "y", "origin": [17, 24, 7]},
			"faces": {
				"north": {"uv": [0, 0, 6, 1], "texture": "#3"},
				"east": {"uv": [0, 0, 1, 1], "texture": "#3"},
				"south": {"uv": [0, 0, 6, 1], "texture": "#3"},
				"west": {"uv": [0, 0, 1, 1], "texture": "#3"},
				"up": {"uv": [0, 0, 6, 1], "texture": "#3"},
				"down": {"uv": [0, 0, 6, 1], "texture": "#3"}
			}
		},
		{
			"from": [5, 16, 7],
			"to": [11, 17, 8],
			"rotation": {"angle": 0, "axis": "y", "origin": [17, 24, 14]},
			"faces": {
				"north": {"uv": [0, 0, 6, 1], "texture": "#3"},
				"east": {"uv": [0, 0, 1, 1], "texture": "#3"},
				"south": {"uv": [0, 0, 6, 1], "texture": "#3"},
				"west": {"uv": [0, 0, 1, 1], "texture": "#3"},
				"up": {"uv": [0, 0, 6, 1], "texture": "#3"},
				"down": {"uv": [0, 0, 6, 1], "texture": "#3"}
			}
		},
		{
			"from": [5, 11, 7],
			"to": [11, 12, 8],
			"rotation": {"angle": 0, "axis": "y", "origin": [17, 19, 14]},
			"faces": {
				"north": {"uv": [0, 0, 6, 1], "texture": "#3"},
				"east": {"uv": [0, 0, 1, 1], "texture": "#3"},
				"south": {"uv": [0, 0, 6, 1], "texture": "#3"},
				"west": {"uv": [0, 0, 1, 1], "texture": "#3"},
				"up": {"uv": [0, 0, 6, 1], "texture": "#3"},
				"down": {"uv": [0, 0, 6, 1], "texture": "#3"}
			}
		},
		{
			"from": [5, 11, 0],
			"to": [11, 12, 1],
			"rotation": {"angle": 0, "axis": "y", "origin": [17, 19, 7]},
			"faces": {
				"north": {"uv": [0, 0, 6, 1], "texture": "#3"},
				"east": {"uv": [0, 0, 1, 1], "texture": "#3"},
				"south": {"uv": [0, 0, 6, 1], "texture": "#3"},
				"west": {"uv": [0, 0, 1, 1], "texture": "#3"},
				"up": {"uv": [0, 0, 6, 1], "texture": "#3"},
				"down": {"uv": [0, 0, 6, 1], "texture": "#3"}
			}
		},
		{
			"from": [6, 11, -5],
			"to": [10, 12, 0],
			"rotation": {"angle": 0, "axis": "y", "origin": [17, 19, 2]},
			"faces": {
				"north": {"uv": [0, 0, 4, 1], "texture": "#0"},
				"east": {"uv": [0, 0, 5, 1], "texture": "#0"},
				"south": {"uv": [0, 0, 4, 1], "texture": "#0"},
				"west": {"uv": [0, 0, 5, 1], "texture": "#0"},
				"up": {"uv": [0, 0, 4, 5], "texture": "#0"},
				"down": {"uv": [0, 0, 4, 5], "texture": "#0"}
			}
		},
		{
			"from": [6, 12, 0],
			"to": [10, 16, 1],
			"rotation": {"angle": 0, "axis": "y", "origin": [14, 20, 8]},
			"faces": {
				"north": {"uv": [0, 0, 16, 16], "texture": "#4"},
				"east": {"uv": [0, 0, 1, 4], "texture": "#4"},
				"south": {"uv": [0, 0, 4, 4], "texture": "#4"},
				"west": {"uv": [0, 0, 1, 4], "texture": "#4"},
				"up": {"uv": [0, 0, 4, 1], "texture": "#4"},
				"down": {"uv": [0, 0, 4, 1], "texture": "#4"}
			}
		},
		{
			"from": [6, 8, 1],
			"to": [10, 10, 21],
			"rotation": {"angle": 0, "axis": "y", "origin": [16, 17, 15]},
			"faces": {
				"north": {"uv": [0, 0, 4, 1], "texture": "#7"},
				"east": {"uv": [0, 0, 16, 1], "texture": "#7"},
				"south": {"uv": [0, 0, 4, 1], "texture": "#7"},
				"west": {"uv": [0, 0, 16, 1], "texture": "#7"},
				"up": {"uv": [0, 0, 4, 16], "texture": "#7"},
				"down": {"uv": [0, 0, 4, 16], "texture": "#7"}
			}
		},
		{
			"from": [5, -5, -5],
			"to": [11, 8, -1],
			"rotation": {"angle": -22.5, "axis": "x", "origin": [15, 14, -8]},
			"faces": {
				"north": {"uv": [0, 0, 6, 13], "texture": "#7"},
				"east": {"uv": [0, 0, 4, 13], "texture": "#7"},
				"south": {"uv": [0, 0, 5.98, 8], "texture": "#7"},
				"west": {"uv": [0, 0, 4, 13], "texture": "#7"},
				"up": {"uv": [0, 0, 5.98, 2], "texture": "#7"},
				"down": {"uv": [0, 0, 5.98, 2], "texture": "#7"}
			}
		},
		{
			"from": [5.01, 2, 3],
			"to": [10.99, 6, 19],
			"rotation": {"angle": 0, "axis": "y", "origin": [15, 15, 13]},
			"faces": {
				"north": {"uv": [0, 0, 12, 2], "texture": "#7"},
				"east": {"uv": [0, 0, 16, 4], "texture": "#7"},
				"south": {"uv": [0, 0, 12, 2], "texture": "#7"},
				"west": {"uv": [0, 0, 16, 4], "texture": "#7"},
				"up": {"uv": [0, 0, 5.98, 16], "texture": "#7"},
				"down": {"uv": [0, 0, 5.98, 16], "texture": "#7"}
			}
		},
		{
			"from": [5.09, -3, 2],
			"to": [11.11, 1, 28],
			"rotation": {"angle": 0, "axis": "y", "origin": [15, 15, 13]},
			"faces": {
				"north": {"uv": [0, 0, 12, 2], "texture": "#7"},
				"east": {"uv": [0, 0, 16, 4], "texture": "#7"},
				"south": {"uv": [0, 0, 6.02, 4], "texture": "#7"},
				"west": {"uv": [0, 0, 16, 4], "texture": "#7"},
				"up": {"uv": [0, 0, 6.02, 16], "texture": "#7"},
				"down": {"uv": [0, 0, 6.02, 16], "texture": "#7"}
			}
		},
		{
			"from": [5, 5, 21],
			"to": [11, 9, 32],
			"rotation": {"angle": 22.5, "axis": "x", "origin": [15, 15, 13]},
			"faces": {
				"north": {"uv": [0, 0, 6, 4], "texture": "#7"},
				"east": {"uv": [0, 0, 11, 4], "texture": "#7"},
				"south": {"uv": [0, 0, 6, 4], "texture": "#7"},
				"west": {"uv": [0, 0, 11, 4], "texture": "#7"},
				"up": {"uv": [0, 0, 6, 11], "texture": "#7"},
				"down": {"uv": [0, 0, 6, 11], "texture": "#7"}
			}
		},
		{
			"from": [5, 15, 21],
			"to": [11, 17, 32],
			"rotation": {"angle": 22.5, "axis": "x", "origin": [15, 15, 13]},
			"faces": {
				"north": {"uv": [0, 0, 6, 2], "texture": "#7"},
				"east": {"uv": [0, 0, 11, 2], "texture": "#7"},
				"south": {"uv": [0, 0, 6, 2], "texture": "#7"},
				"west": {"uv": [0, 0, 11, 2], "texture": "#7"},
				"up": {"uv": [0, 0, 6, 11], "texture": "#7"},
				"down": {"uv": [0, 0, 6, 11], "texture": "#7"}
			}
		},
		{
			"from": [7, 6, 16],
			"to": [9, 9, 18],
			"faces": {
				"north": {"uv": [0, 0, 2, 3], "texture": "#5"},
				"east": {"uv": [0, 0, 2, 3], "texture": "#5"},
				"south": {"uv": [0, 0, 2, 3], "texture": "#5"},
				"west": {"uv": [0, 0, 2, 3], "texture": "#5"},
				"up": {"uv": [0, 0, 2, 2], "texture": "#5"},
				"down": {"uv": [0, 0, 2, 2], "texture": "#5"}
			}
		},
		{
			"from": [7, 6, 10],
			"to": [9, 9, 12],
			"faces": {
				"north": {"uv": [0, 0, 2, 3], "texture": "#5"},
				"east": {"uv": [0, 0, 2, 3], "texture": "#5"},
				"south": {"uv": [0, 0, 2, 3], "texture": "#5"},
				"west": {"uv": [0, 0, 2, 3], "texture": "#5"},
				"up": {"uv": [0, 0, 2, 2], "texture": "#5"},
				"down": {"uv": [0, 0, 2, 2], "texture": "#5"}
			}
		},
		{
			"from": [7, 6, 4],
			"to": [9, 9, 6],
			"faces": {
				"north": {"uv": [0, 0, 2, 3], "texture": "#5"},
				"east": {"uv": [0, 0, 2, 3], "texture": "#5"},
				"south": {"uv": [0, 0, 2, 3], "texture": "#5"},
				"west": {"uv": [0, 0, 2, 3], "texture": "#5"},
				"up": {"uv": [0, 0, 2, 2], "texture": "#5"},
				"down": {"uv": [0, 0, 2, 2], "texture": "#5"}
			}
		}
	],
	"display": {
		"thirdperson_righthand": {
			"rotation": [72, 0, 0],
			"translation": [0, -3, -7],
			"scale": [0.7, 0.7, 0.7]
		},
		"thirdperson_lefthand": {
			"rotation": [70, 0, 0],
			"translation": [0, -2.75, -8],
			"scale": [0.7, 0.7, 0.7]
		},
		"firstperson_righthand": {
			"rotation": [8, 0, 6],
			"translation": [0, 1.5, 0]
		},
		"firstperson_lefthand": {
			"rotation": [8, 0, 6],
			"translation": [0, 1.5, 0]
		},
		"ground": {
			"translation": [0, 0, -3.75]
		},
		"gui": {
			"rotation": [-126, 43, 149],
			"translation": [0, -2.25, 0],
			"scale": [0.46, 0.47, 0.49]
		},
		"head": {
			"rotation": [69, 0, 0],
			"translation": [0, -2.5, -11],
			"scale": [1.95, 1.95, 1.95]
		}
	}
}