{
	"credit": "Made with Blockbench",
	"textures": {
		"6": "block/iron_block",
		"7": "block/tnt_side",
		"8": "block/tnt_top",
		"9": "block/tnt_bottom",
		"particle": "block/chorus_plant"
	},
	"elements": [
		{
			"from": [5, 0, 9.5],
			"to": [7, 1, 11.5],
			"faces": {
				"north": {"uv": [0, 0, 4, 6], "rotation": 180, "texture": "#6"},
				"east": {"uv": [0, 0, 6, 1], "rotation": 270, "texture": "#6"},
				"south": {"uv": [0, 0, 4, 6], "texture": "#6"},
				"west": {"uv": [0, 0, 6, 1], "rotation": 90, "texture": "#6"},
				"up": {"uv": [0, 0, 4, 1], "rotation": 180, "texture": "#6"},
				"down": {"uv": [0, 0, 4, 1], "texture": "#6"}
			}
		},
		{
			"from": [5, 1, 9.5],
			"to": [7, 3, 11.5],
			"faces": {
				"north": {"uv": [0, 0, 16, 16], "rotation": 180, "texture": "#9"},
				"east": {"uv": [0, 0, 16, 16], "rotation": 270, "texture": "#7"},
				"south": {"uv": [0, 0, 16, 16], "texture": "#8"},
				"west": {"uv": [0, 0, 16, 16], "rotation": 90, "texture": "#7"},
				"up": {"uv": [0, 0, 16, 16], "rotation": 180, "texture": "#7"},
				"down": {"uv": [0, 0, 4, 1], "texture": "#7"}
			}
		},
		{
			"from": [8, 0, 6.5],
			"to": [10, 1, 8.5],
			"faces": {
				"north": {"uv": [0, 0, 4, 6], "rotation": 180, "texture": "#6"},
				"east": {"uv": [0, 0, 6, 1], "rotation": 270, "texture": "#6"},
				"south": {"uv": [0, 0, 4, 6], "texture": "#6"},
				"west": {"uv": [0, 0, 6, 1], "rotation": 90, "texture": "#6"},
				"up": {"uv": [0, 0, 4, 1], "rotation": 180, "texture": "#6"},
				"down": {"uv": [0, 0, 4, 1], "texture": "#6"}
			}
		},
		{
			"from": [8, 1, 6.5],
			"to": [10, 3, 8.5],
			"faces": {
				"north": {"uv": [0, 0, 16, 16], "rotation": 180, "texture": "#9"},
				"east": {"uv": [0, 0, 16, 16], "rotation": 270, "texture": "#7"},
				"south": {"uv": [0, 0, 16, 16], "texture": "#8"},
				"west": {"uv": [0, 0, 16, 16], "rotation": 90, "texture": "#7"},
				"up": {"uv": [0, 0, 16, 16], "rotation": 180, "texture": "#7"},
				"down": {"uv": [0, 0, 4, 1], "texture": "#7"}
			}
		},
		{
			"from": [9, 0, 10.5],
			"to": [11, 1, 12.5],
			"faces": {
				"north": {"uv": [0, 0, 4, 6], "rotation": 180, "texture": "#6"},
				"east": {"uv": [0, 0, 6, 1], "rotation": 270, "texture": "#6"},
				"south": {"uv": [0, 0, 4, 6], "texture": "#6"},
				"west": {"uv": [0, 0, 6, 1], "rotation": 90, "texture": "#6"},
				"up": {"uv": [0, 0, 4, 1], "rotation": 180, "texture": "#6"},
				"down": {"uv": [0, 0, 4, 1], "texture": "#6"}
			}
		},
		{
			"from": [9, 1, 10.5],
			"to": [11, 3, 12.5],
			"faces": {
				"north": {"uv": [0, 0, 16, 16], "rotation": 180, "texture": "#9"},
				"east": {"uv": [0, 0, 16, 16], "rotation": 270, "texture": "#7"},
				"south": {"uv": [0, 0, 16, 16], "texture": "#8"},
				"west": {"uv": [0, 0, 16, 16], "rotation": 90, "texture": "#7"},
				"up": {"uv": [0, 0, 16, 16], "rotation": 180, "texture": "#7"},
				"down": {"uv": [0, 0, 4, 1], "texture": "#7"}
			}
		}
	],
	"gui_light": "front",
	"display": {
		"thirdperson_righthand": {
			"translation": [0, 3.75, 0.5],
			"scale": [0.48, 0.48, 0.48]
		},
		"thirdperson_lefthand": {
			"translation": [0, 4, 0.5],
			"scale": [0.48, 0.48, 0.48]
		},
		"firstperson_righthand": {
			"rotation": [-7, 20, 18],
			"translation": [-2.5, 7, 1.75],
			"scale": [0.73, 0.73, 0.73]
		},
		"firstperson_lefthand": {
			"rotation": [-6, 7, 18],
			"translation": [-3.25, 8.25, 2.5],
			"scale": [0.73, 0.73, 0.73]
		},
		"ground": {
			"translation": [0, 4.5, 0],
			"scale": [0.74, 0.74, 0.74]
		},
		"gui": {
			"rotation": [-108, -56, -64],
			"translation": [8.5, 4.25, 0],
			"scale": [2, 2, 2]
		}
	},
	"groups": [
		{
			"name": "group",
			"origin": [0, 0, 0],
			"color": 0,
			"children": [0, 1]
		},
		{
			"name": "group",
			"origin": [0, 0, 0],
			"color": 0,
			"children": [2, 3]
		},
		{
			"name": "group",
			"origin": [0, 0, 0],
			"color": 0,
			"children": [4, 5]
		}
	]
}