{
	"credit": "Made with Blockbench",
	"textures": {
		"0": "block/oak_planks",
		"1": "block/stonecutter_bottom",
		"2": "block/soul_campfire_log_lit",
		"3": "block/oak_log",
		"4": "block/dark_oak_planks",
		"5": "block/anvil",
		"6": "block/brown_wool",
		"7": "block/andesite",
		"8": "block/red_wool",
		"9": "block/campfire_fire",
		"particle": "block/oak_planks"
	},
	"elements": [
		{
			"from": [3, -16, -16],
			"to": [13, -13, -2],
			"faces": {
				"north": {"uv": [0, 0, 10, 3], "texture": "#0"},
				"east": {"uv": [0, 0, 14, 3], "texture": "#0"},
				"south": {"uv": [0, 0, 10, 3], "texture": "#0"},
				"west": {"uv": [0, 0, 14, 3], "texture": "#0"},
				"up": {"uv": [0, 0, 10, 14], "texture": "#0"},
				"down": {"uv": [0, 0, 10, 14], "texture": "#0"}
			}
		},
		{
			"from": [1, -13, -9],
			"to": [15, -10, 5],
			"faces": {
				"north": {"uv": [0, 0, 14, 3], "texture": "#0"},
				"east": {"uv": [0, 0, 14, 3], "texture": "#0"},
				"south": {"uv": [0, 0, 14, 3], "texture": "#0"},
				"west": {"uv": [0, 0, 14, 3], "texture": "#0"},
				"up": {"uv": [0, 0, 14, 14], "texture": "#0"},
				"down": {"uv": [0, 0, 14, 14], "texture": "#0"}
			}
		},
		{
			"from": [4, -13, 5],
			"to": [12, -10, 15],
			"faces": {
				"north": {"uv": [0, 0, 8, 3], "texture": "#0"},
				"east": {"uv": [0, 0, 10, 3], "texture": "#0"},
				"south": {"uv": [0, 0, 8, 3], "texture": "#0"},
				"west": {"uv": [0, 0, 10, 3], "texture": "#0"},
				"up": {"uv": [0, 0, 8, 10], "texture": "#0"},
				"down": {"uv": [0, 0, 8, 10], "texture": "#0"}
			}
		},
		{
			"from": [1, -10, -3],
			"to": [15, -1, 18],
			"faces": {
				"north": {"uv": [0, 0, 14, 9], "texture": "#0"},
				"east": {"uv": [0, 0, 16, 9], "texture": "#0"},
				"south": {"uv": [0, 0, 14, 9], "texture": "#0"},
				"west": {"uv": [0, 0, 16, 9], "texture": "#0"},
				"up": {"uv": [0, 0, 14, 16], "texture": "#0"},
				"down": {"uv": [0, 0, 14, 16], "texture": "#0"}
			}
		},
		{
			"from": [-1, -10, -3],
			"to": [1, -1, 11],
			"faces": {
				"north": {"uv": [0, 0, 2, 9], "texture": "#0"},
				"east": {"uv": [0, 0, 14, 9], "texture": "#0"},
				"south": {"uv": [0, 0, 2, 9], "texture": "#0"},
				"west": {"uv": [0, 0, 14, 9], "texture": "#0"},
				"up": {"uv": [0, 0, 2, 14], "texture": "#0"},
				"down": {"uv": [0, 0, 2, 14], "texture": "#0"}
			}
		},
		{
			"from": [-1, -7, 11],
			"to": [1, -1, 17],
			"faces": {
				"north": {"uv": [0, 0, 2, 6], "texture": "#0"},
				"east": {"uv": [0, 0, 6, 6], "texture": "#0"},
				"south": {"uv": [0, 0, 2, 6], "texture": "#0"},
				"west": {"uv": [0, 0, 6, 6], "texture": "#0"},
				"up": {"uv": [0, 0, 2, 6], "texture": "#0"},
				"down": {"uv": [0, 0, 2, 6], "texture": "#0"}
			}
		},
		{
			"from": [15, -10, -3],
			"to": [17, -1, 11],
			"faces": {
				"north": {"uv": [0, 0, 2, 9], "texture": "#0"},
				"east": {"uv": [0, 0, 14, 9], "texture": "#0"},
				"south": {"uv": [0, 0, 2, 9], "texture": "#0"},
				"west": {"uv": [0, 0, 14, 9], "texture": "#0"},
				"up": {"uv": [0, 0, 2, 14], "texture": "#0"},
				"down": {"uv": [0, 0, 2, 14], "texture": "#0"}
			}
		},
		{
			"from": [15, -7, 11],
			"to": [17, -1, 17],
			"faces": {
				"north": {"uv": [0, 0, 2, 6], "texture": "#0"},
				"east": {"uv": [0, 0, 6, 6], "texture": "#0"},
				"south": {"uv": [0, 0, 2, 6], "texture": "#0"},
				"west": {"uv": [0, 0, 6, 6], "texture": "#0"},
				"up": {"uv": [0, 0, 2, 6], "texture": "#0"},
				"down": {"uv": [0, 0, 2, 6], "texture": "#0"}
			}
		},
		{
			"from": [-1, -5, -16],
			"to": [17, -1, -3],
			"faces": {
				"north": {"uv": [0, 0, 16, 4], "texture": "#0"},
				"east": {"uv": [0, 0, 13, 4], "texture": "#0"},
				"south": {"uv": [0, 0, 16, 4], "texture": "#0"},
				"west": {"uv": [0, 0, 13, 4], "texture": "#0"},
				"up": {"uv": [0, 0, 16, 13], "texture": "#0"},
				"down": {"uv": [0, 0, 16, 13], "texture": "#0"}
			}
		},
		{
			"from": [-1, -1, -16],
			"to": [17, 6, -12],
			"faces": {
				"north": {"uv": [0, 0, 16, 7], "texture": "#0"},
				"east": {"uv": [0, 0, 4, 7], "texture": "#0"},
				"south": {"uv": [0, 0, 16, 7], "texture": "#0"},
				"west": {"uv": [0, 0, 4, 7], "texture": "#0"},
				"up": {"uv": [0, 0, 16, 4], "texture": "#0"},
				"down": {"uv": [0, 0, 16, 4], "texture": "#0"}
			}
		},
		{
			"from": [-1, -1, -7],
			"to": [17, 6, -3],
			"faces": {
				"north": {"uv": [0, 0, 16, 7], "texture": "#0"},
				"east": {"uv": [0, 0, 4, 7], "texture": "#0"},
				"south": {"uv": [0, 0, 16, 7], "texture": "#0"},
				"west": {"uv": [0, 0, 4, 7], "texture": "#0"},
				"up": {"uv": [0, 0, 16, 4], "texture": "#0"},
				"down": {"uv": [0, 0, 16, 4], "texture": "#0"}
			}
		},
		{
			"from": [-1, 2, -12],
			"to": [17, 6, -7],
			"faces": {
				"north": {"uv": [0, 0, 16, 4], "texture": "#0"},
				"east": {"uv": [0, 0, 5, 4], "texture": "#0"},
				"south": {"uv": [0, 0, 16, 4], "texture": "#0"},
				"west": {"uv": [0, 0, 5, 4], "texture": "#0"},
				"up": {"uv": [0, 0, 16, 5], "texture": "#0"},
				"down": {"uv": [0, 0, 16, 5], "texture": "#0"}
			}
		},
		{
			"from": [1, -7, 18],
			"to": [15, -1, 24],
			"faces": {
				"north": {"uv": [0, 0, 14, 6], "texture": "#0"},
				"east": {"uv": [0, 0, 6, 6], "texture": "#0"},
				"south": {"uv": [0, 0, 14, 6], "texture": "#0"},
				"west": {"uv": [0, 0, 6, 6], "texture": "#0"},
				"up": {"uv": [0, 0, 14, 6], "texture": "#0"},
				"down": {"uv": [0, 0, 14, 6], "texture": "#0"}
			}
		},
		{
			"from": [3, -1, 18],
			"to": [13, 2, 27],
			"faces": {
				"north": {"uv": [0, 0, 10, 3], "texture": "#0"},
				"east": {"uv": [0, 0, 9, 3], "texture": "#0"},
				"south": {"uv": [0, 0, 10, 3], "texture": "#0"},
				"west": {"uv": [0, 0, 9, 3], "texture": "#0"},
				"up": {"uv": [0, 0, 10, 9], "texture": "#0"},
				"down": {"uv": [0, 0, 10, 9], "texture": "#0"}
			}
		},
		{
			"from": [3, -5, 23],
			"to": [13, -1, 27],
			"faces": {
				"north": {"uv": [0, 0, 10, 4], "texture": "#0"},
				"east": {"uv": [0, 0, 4, 4], "texture": "#0"},
				"south": {"uv": [0, 0, 10, 4], "texture": "#0"},
				"west": {"uv": [0, 0, 4, 4], "texture": "#0"},
				"up": {"uv": [0, 0, 10, 4], "texture": "#0"},
				"down": {"uv": [0, 0, 10, 4], "texture": "#0"}
			}
		},
		{
			"from": [3, 2, 25],
			"to": [13, 4, 31],
			"faces": {
				"north": {"uv": [0, 0, 10, 2], "texture": "#0"},
				"east": {"uv": [0, 0, 6, 2], "texture": "#0"},
				"south": {"uv": [0, 0, 10, 2], "texture": "#0"},
				"west": {"uv": [0, 0, 6, 2], "texture": "#0"},
				"up": {"uv": [0, 0, 10, 6], "texture": "#0"},
				"down": {"uv": [0, 0, 10, 6], "texture": "#0"}
			}
		},
		{
			"from": [3, 4, 29],
			"to": [13, 6, 32],
			"faces": {
				"north": {"uv": [0, 0, 10, 2], "texture": "#0"},
				"east": {"uv": [0, 0, 3, 2], "texture": "#0"},
				"south": {"uv": [0, 0, 10, 2], "texture": "#0"},
				"west": {"uv": [0, 0, 3, 2], "texture": "#0"},
				"up": {"uv": [0, 0, 10, 3], "texture": "#0"},
				"down": {"uv": [0, 0, 10, 3], "texture": "#0"}
			}
		},
		{
			"from": [3, -2, 27],
			"to": [13, 2, 30],
			"faces": {
				"north": {"uv": [0, 0, 10, 4], "texture": "#0"},
				"east": {"uv": [0, 0, 3, 4], "texture": "#0"},
				"south": {"uv": [0, 0, 10, 4], "texture": "#0"},
				"west": {"uv": [0, 0, 3, 4], "texture": "#0"},
				"up": {"uv": [0, 0, 10, 3], "texture": "#0"},
				"down": {"uv": [0, 0, 10, 3], "texture": "#0"}
			}
		},
		{
			"from": [6, -10, -4],
			"to": [10, -5, -3],
			"faces": {
				"north": {"uv": [2, 6, 12, 16], "texture": "#2"},
				"east": {"uv": [0, 0, 1, 5], "texture": "#1"},
				"south": {"uv": [0, 0, 4, 5], "texture": "#1"},
				"west": {"uv": [0, 0, 1, 5], "texture": "#1"},
				"up": {"uv": [0, 0, 4, 1], "texture": "#1"},
				"down": {"uv": [0, 0, 4, 1], "texture": "#1"}
			}
		},
		{
			"from": [5, -10, -11],
			"to": [6, -5, -3],
			"faces": {
				"north": {"uv": [0, 0, 1, 5], "texture": "#1"},
				"east": {"uv": [0, 0, 8, 5], "texture": "#1"},
				"south": {"uv": [0, 0, 1, 5], "texture": "#1"},
				"west": {"uv": [0, 0, 8, 5], "texture": "#1"},
				"up": {"uv": [0, 0, 1, 8], "texture": "#1"},
				"down": {"uv": [0, 0, 1, 8], "texture": "#1"}
			}
		},
		{
			"from": [9, -10, -11],
			"to": [10, -5, -3],
			"faces": {
				"north": {"uv": [0, 0, 1, 5], "texture": "#1"},
				"east": {"uv": [0, 0, 8, 5], "texture": "#1"},
				"south": {"uv": [0, 0, 1, 5], "texture": "#1"},
				"west": {"uv": [0, 0, 8, 5], "texture": "#1"},
				"up": {"uv": [0, 0, 1, 8], "texture": "#1"},
				"down": {"uv": [0, 0, 1, 8], "texture": "#1"}
			}
		},
		{
			"from": [6, -6, -11],
			"to": [9, -5, -3],
			"faces": {
				"north": {"uv": [0, 0, 3, 1], "texture": "#1"},
				"east": {"uv": [0, 0, 8, 1], "texture": "#1"},
				"south": {"uv": [0, 0, 3, 1], "texture": "#1"},
				"west": {"uv": [0, 0, 8, 1], "texture": "#1"},
				"up": {"uv": [0, 0, 3, 8], "texture": "#1"},
				"down": {"uv": [0, 0, 3, 8], "texture": "#1"}
			}
		},
		{
			"from": [6, -10, -11],
			"to": [9, -9, -3],
			"faces": {
				"north": {"uv": [0, 0, 3, 1], "texture": "#1"},
				"east": {"uv": [0, 0, 8, 1], "texture": "#1"},
				"south": {"uv": [0, 0, 3, 1], "texture": "#1"},
				"west": {"uv": [0, 0, 8, 1], "texture": "#1"},
				"up": {"uv": [0, 0, 3, 8], "texture": "#1"},
				"down": {"uv": [0, 0, 3, 8], "texture": "#1"}
			}
		},
		{
			"from": [-3, -7, -5],
			"to": [-2, -4, 9],
			"faces": {
				"north": {"uv": [0, 0, 1, 3], "texture": "#1"},
				"east": {"uv": [0, 0, 14, 3], "texture": "#1"},
				"south": {"uv": [0, 0, 1, 3], "texture": "#1"},
				"west": {"uv": [0, 0, 14, 3], "texture": "#1"},
				"up": {"uv": [0, 0, 1, 14], "texture": "#1"},
				"down": {"uv": [0, 0, 1, 14], "texture": "#1"}
			}
		},
		{
			"from": [-8, -8, 9],
			"to": [-4, -3, 10],
			"faces": {
				"north": {"uv": [0, 0, 4, 5], "texture": "#1"},
				"east": {"uv": [0, 0, 1, 5], "texture": "#1"},
				"south": {"uv": [6, 6, 10, 11], "texture": "#1"},
				"west": {"uv": [0, 0, 1, 5], "texture": "#1"},
				"up": {"uv": [0, 0, 4, 1], "texture": "#1"},
				"down": {"uv": [0, 0, 4, 1], "texture": "#1"}
			}
		},
		{
			"from": [-9, -7, 9],
			"to": [-8, -4, 10],
			"faces": {
				"north": {"uv": [0, 0, 1, 3], "texture": "#1"},
				"east": {"uv": [0, 0, 1, 3], "texture": "#1"},
				"south": {"uv": [0, 0, 1, 3], "texture": "#1"},
				"west": {"uv": [0, 0, 1, 3], "texture": "#1"},
				"up": {"uv": [0, 0, 1, 1], "texture": "#1"},
				"down": {"uv": [0, 0, 1, 1], "texture": "#1"}
			}
		},
		{
			"from": [-4, -7, 9],
			"to": [-3, -4, 10],
			"faces": {
				"north": {"uv": [0, 0, 1, 3], "texture": "#1"},
				"east": {"uv": [0, 0, 1, 3], "texture": "#1"},
				"south": {"uv": [0, 0, 1, 3], "texture": "#1"},
				"west": {"uv": [0, 0, 1, 3], "texture": "#1"},
				"up": {"uv": [0, 0, 1, 1], "texture": "#1"},
				"down": {"uv": [0, 0, 1, 1], "texture": "#1"}
			}
		},
		{
			"from": [-10, -7, -5],
			"to": [-9, -4, 9],
			"faces": {
				"north": {"uv": [0, 0, 1, 3], "texture": "#1"},
				"east": {"uv": [0, 0, 14, 3], "texture": "#1"},
				"south": {"uv": [0, 0, 1, 3], "texture": "#1"},
				"west": {"uv": [0, 2, 14, 5], "texture": "#1"},
				"up": {"uv": [0, 0, 1, 14], "texture": "#1"},
				"down": {"uv": [0, 0, 1, 14], "texture": "#1"}
			}
		},
		{
			"from": [-9, -8, -5],
			"to": [-8, -7, 9],
			"faces": {
				"north": {"uv": [0, 0, 1, 1], "texture": "#1"},
				"east": {"uv": [0, 0, 14, 1], "texture": "#1"},
				"south": {"uv": [0, 0, 1, 1], "texture": "#1"},
				"west": {"uv": [0, 0, 14, 1], "texture": "#1"},
				"up": {"uv": [0, 0, 1, 14], "texture": "#1"},
				"down": {"uv": [0, 0, 1, 14], "texture": "#1"}
			}
		},
		{
			"from": [-9, -4, -5],
			"to": [-8, -3, 9],
			"faces": {
				"north": {"uv": [0, 0, 1, 1], "texture": "#1"},
				"east": {"uv": [0, 0, 14, 1], "texture": "#1"},
				"south": {"uv": [0, 0, 1, 1], "texture": "#1"},
				"west": {"uv": [0, 0, 14, 1], "texture": "#1"},
				"up": {"uv": [0, 0, 1, 14], "texture": "#1"},
				"down": {"uv": [0, 0, 1, 14], "texture": "#1"}
			}
		},
		{
			"from": [-4, -4, -5],
			"to": [-3, -3, 9],
			"faces": {
				"north": {"uv": [0, 0, 1, 1], "texture": "#1"},
				"east": {"uv": [0, 0, 14, 1], "texture": "#1"},
				"south": {"uv": [0, 0, 1, 1], "texture": "#1"},
				"west": {"uv": [0, 0, 14, 1], "texture": "#1"},
				"up": {"uv": [0, 0, 1, 14], "texture": "#1"},
				"down": {"uv": [0, 0, 1, 14], "texture": "#1"}
			}
		},
		{
			"from": [-4, -8, -5],
			"to": [-3, -7, 9],
			"faces": {
				"north": {"uv": [0, 0, 1, 1], "texture": "#1"},
				"east": {"uv": [0, 0, 14, 1], "texture": "#1"},
				"south": {"uv": [0, 0, 1, 1], "texture": "#1"},
				"west": {"uv": [0, 0, 14, 1], "texture": "#1"},
				"up": {"uv": [0, 0, 1, 14], "texture": "#1"},
				"down": {"uv": [0, 0, 1, 14], "texture": "#1"}
			}
		},
		{
			"from": [-8, -3, -5],
			"to": [-4, -2, 9],
			"faces": {
				"north": {"uv": [0, 0, 4, 1], "texture": "#1"},
				"east": {"uv": [0, 0, 14, 1], "texture": "#1"},
				"south": {"uv": [0, 0, 4, 1], "texture": "#1"},
				"west": {"uv": [0, 0, 14, 1], "texture": "#1"},
				"up": {"uv": [0, 0, 4, 14], "texture": "#1"},
				"down": {"uv": [0, 0, 4, 14], "texture": "#1"}
			}
		},
		{
			"from": [-8, -9, -5],
			"to": [-4, -8, 9],
			"faces": {
				"north": {"uv": [0, 0, 4, 1], "texture": "#1"},
				"east": {"uv": [0, 0, 14, 1], "texture": "#1"},
				"south": {"uv": [0, 0, 4, 1], "texture": "#1"},
				"west": {"uv": [0, 0, 14, 1], "texture": "#1"},
				"up": {"uv": [0, 0, 4, 14], "texture": "#1"},
				"down": {"uv": [2, 0, 6, 14], "texture": "#1"}
			}
		},
		{
			"from": [20, -9, -5],
			"to": [24, -8, 9],
			"faces": {
				"north": {"uv": [0, 0, 4, 1], "texture": "#1"},
				"east": {"uv": [0, 0, 14, 1], "texture": "#1"},
				"south": {"uv": [0, 0, 4, 1], "texture": "#1"},
				"west": {"uv": [0, 0, 14, 1], "texture": "#1"},
				"up": {"uv": [0, 0, 4, 14], "texture": "#1"},
				"down": {"uv": [3, 0, 7, 14], "texture": "#1"}
			}
		},
		{
			"from": [24, -8, -5],
			"to": [25, -7, 9],
			"faces": {
				"north": {"uv": [0, 0, 1, 1], "texture": "#1"},
				"east": {"uv": [0, 0, 14, 1], "texture": "#1"},
				"south": {"uv": [0, 0, 1, 1], "texture": "#1"},
				"west": {"uv": [0, 0, 14, 1], "texture": "#1"},
				"up": {"uv": [0, 0, 1, 14], "texture": "#1"},
				"down": {"uv": [0, 0, 1, 14], "texture": "#1"}
			}
		},
		{
			"from": [25, -7, -5],
			"to": [26, -4, 9],
			"faces": {
				"north": {"uv": [0, 0, 1, 3], "texture": "#1"},
				"east": {"uv": [0, 2, 14, 5], "texture": "#1"},
				"south": {"uv": [0, 0, 1, 3], "texture": "#1"},
				"west": {"uv": [0, 0, 14, 3], "texture": "#1"},
				"up": {"uv": [0, 0, 1, 14], "texture": "#1"},
				"down": {"uv": [0, 0, 1, 14], "texture": "#1"}
			}
		},
		{
			"from": [20, -3, -5],
			"to": [24, -2, 9],
			"faces": {
				"north": {"uv": [0, 0, 4, 1], "texture": "#1"},
				"east": {"uv": [0, 0, 14, 1], "texture": "#1"},
				"south": {"uv": [0, 0, 4, 1], "texture": "#1"},
				"west": {"uv": [0, 0, 14, 1], "texture": "#1"},
				"up": {"uv": [0, 0, 4, 14], "texture": "#1"},
				"down": {"uv": [0, 0, 4, 14], "texture": "#1"}
			}
		},
		{
			"from": [24, -4, -5],
			"to": [25, -3, 9],
			"faces": {
				"north": {"uv": [0, 0, 1, 1], "texture": "#1"},
				"east": {"uv": [0, 0, 14, 1], "texture": "#1"},
				"south": {"uv": [0, 0, 1, 1], "texture": "#1"},
				"west": {"uv": [0, 0, 14, 1], "texture": "#1"},
				"up": {"uv": [0, 0, 1, 14], "texture": "#1"},
				"down": {"uv": [0, 0, 1, 14], "texture": "#1"}
			}
		},
		{
			"from": [19, -4, -5],
			"to": [20, -3, 9],
			"faces": {
				"north": {"uv": [0, 0, 1, 1], "texture": "#1"},
				"east": {"uv": [0, 0, 14, 1], "texture": "#1"},
				"south": {"uv": [0, 0, 1, 1], "texture": "#1"},
				"west": {"uv": [0, 0, 14, 1], "texture": "#1"},
				"up": {"uv": [0, 0, 1, 14], "texture": "#1"},
				"down": {"uv": [0, 0, 1, 14], "texture": "#1"}
			}
		},
		{
			"from": [18, -7, -5],
			"to": [19, -4, 9],
			"faces": {
				"north": {"uv": [0, 0, 1, 3], "texture": "#1"},
				"east": {"uv": [0, 0, 14, 3], "texture": "#1"},
				"south": {"uv": [0, 0, 1, 3], "texture": "#1"},
				"west": {"uv": [0, 0, 14, 3], "texture": "#1"},
				"up": {"uv": [0, 0, 1, 14], "texture": "#1"},
				"down": {"uv": [0, 0, 1, 14], "texture": "#1"}
			}
		},
		{
			"from": [19, -7, 9],
			"to": [20, -4, 10],
			"faces": {
				"north": {"uv": [0, 0, 1, 3], "texture": "#1"},
				"east": {"uv": [0, 0, 1, 3], "texture": "#1"},
				"south": {"uv": [0, 0, 1, 3], "texture": "#1"},
				"west": {"uv": [0, 0, 1, 3], "texture": "#1"},
				"up": {"uv": [0, 0, 1, 1], "texture": "#1"},
				"down": {"uv": [0, 0, 1, 1], "texture": "#1"}
			}
		},
		{
			"from": [24, -7, 9],
			"to": [25, -4, 10],
			"faces": {
				"north": {"uv": [0, 0, 1, 3], "texture": "#1"},
				"east": {"uv": [0, 0, 1, 3], "texture": "#1"},
				"south": {"uv": [0, 0, 1, 3], "texture": "#1"},
				"west": {"uv": [0, 0, 1, 3], "texture": "#1"},
				"up": {"uv": [0, 0, 1, 1], "texture": "#1"},
				"down": {"uv": [0, 0, 1, 1], "texture": "#1"}
			}
		},
		{
			"from": [20, -8, 9],
			"to": [24, -3, 10],
			"faces": {
				"north": {"uv": [0, 0, 4, 5], "texture": "#1"},
				"east": {"uv": [0, 0, 1, 5], "texture": "#1"},
				"south": {"uv": [6, 6, 10, 11], "texture": "#1"},
				"west": {"uv": [0, 0, 1, 5], "texture": "#1"},
				"up": {"uv": [0, 0, 4, 1], "texture": "#1"},
				"down": {"uv": [0, 0, 4, 1], "texture": "#1"}
			}
		},
		{
			"from": [19, -8, -5],
			"to": [20, -7, 9],
			"faces": {
				"north": {"uv": [0, 0, 1, 1], "texture": "#1"},
				"east": {"uv": [0, 0, 14, 1], "texture": "#1"},
				"south": {"uv": [0, 0, 1, 1], "texture": "#1"},
				"west": {"uv": [0, 0, 14, 1], "texture": "#1"},
				"up": {"uv": [0, 0, 1, 14], "texture": "#1"},
				"down": {"uv": [0, 0, 1, 14], "texture": "#1"}
			}
		},
		{
			"from": [-2, -7, -3],
			"to": [-1, -5, 1],
			"faces": {
				"north": {"uv": [0, 0, 1, 2], "texture": "#3"},
				"east": {"uv": [0, 0, 4, 2], "texture": "#3"},
				"south": {"uv": [0, 0, 1, 2], "texture": "#3"},
				"west": {"uv": [0, 0, 4, 2], "texture": "#3"},
				"up": {"uv": [0, 0, 1, 4], "texture": "#3"},
				"down": {"uv": [0, 0, 1, 4], "texture": "#3"}
			}
		},
		{
			"from": [-2, -7, 4],
			"to": [-1, -5, 8],
			"faces": {
				"north": {"uv": [0, 0, 1, 2], "texture": "#3"},
				"east": {"uv": [0, 0, 4, 2], "texture": "#3"},
				"south": {"uv": [0, 0, 1, 2], "texture": "#3"},
				"west": {"uv": [0, 0, 4, 2], "texture": "#3"},
				"up": {"uv": [0, 0, 1, 4], "texture": "#3"},
				"down": {"uv": [0, 0, 1, 4], "texture": "#3"}
			}
		},
		{
			"from": [17, -7, -3],
			"to": [18, -5, 1],
			"faces": {
				"north": {"uv": [0, 0, 1, 2], "texture": "#3"},
				"east": {"uv": [0, 0, 4, 2], "texture": "#3"},
				"south": {"uv": [0, 0, 1, 2], "texture": "#3"},
				"west": {"uv": [0, 0, 4, 2], "texture": "#3"},
				"up": {"uv": [0, 0, 1, 4], "texture": "#3"},
				"down": {"uv": [0, 0, 1, 4], "texture": "#3"}
			}
		},
		{
			"from": [17, -7, 4],
			"to": [18, -5, 8],
			"faces": {
				"north": {"uv": [0, 0, 1, 2], "texture": "#3"},
				"east": {"uv": [0, 0, 4, 2], "texture": "#3"},
				"south": {"uv": [0, 0, 1, 2], "texture": "#3"},
				"west": {"uv": [0, 0, 4, 2], "texture": "#3"},
				"up": {"uv": [0, 0, 1, 4], "texture": "#3"},
				"down": {"uv": [0, 0, 1, 4], "texture": "#3"}
			}
		},
		{
			"from": [-8, -8, 0],
			"to": [-4, -3, 1],
			"faces": {
				"north": {"uv": [6, 7, 10, 12], "texture": "#2"},
				"east": {"uv": [0, 0, 1, 5], "texture": "#2"},
				"south": {"uv": [0, 0, 4, 5], "texture": "#2"},
				"west": {"uv": [0, 0, 1, 5], "texture": "#2"},
				"up": {"uv": [0, 0, 4, 1], "texture": "#2"},
				"down": {"uv": [0, 0, 4, 1], "texture": "#2"}
			}
		},
		{
			"from": [-4, -7, 0],
			"to": [-3, -4, 1],
			"faces": {
				"north": {"uv": [9, 6, 10, 9], "texture": "#2"},
				"east": {"uv": [0, 0, 1, 3], "texture": "#2"},
				"south": {"uv": [0, 0, 1, 3], "texture": "#2"},
				"west": {"uv": [0, 0, 1, 3], "texture": "#2"},
				"up": {"uv": [0, 0, 1, 1], "texture": "#2"},
				"down": {"uv": [0, 0, 1, 1], "texture": "#2"}
			}
		},
		{
			"from": [-9, -7, 0],
			"to": [-8, -4, 1],
			"faces": {
				"north": {"uv": [9, 6, 10, 9], "texture": "#2"},
				"east": {"uv": [0, 0, 1, 3], "texture": "#2"},
				"south": {"uv": [0, 0, 1, 3], "texture": "#2"},
				"west": {"uv": [0, 0, 1, 3], "texture": "#2"},
				"up": {"uv": [0, 0, 1, 1], "texture": "#2"},
				"down": {"uv": [0, 0, 1, 1], "texture": "#2"}
			}
		},
		{
			"from": [24, -7, 0],
			"to": [25, -4, 1],
			"faces": {
				"north": {"uv": [9, 6, 10, 9], "texture": "#2"},
				"east": {"uv": [0, 0, 1, 3], "texture": "#2"},
				"south": {"uv": [0, 0, 1, 3], "texture": "#2"},
				"west": {"uv": [0, 0, 1, 3], "texture": "#2"},
				"up": {"uv": [0, 0, 1, 1], "texture": "#2"},
				"down": {"uv": [0, 0, 1, 1], "texture": "#2"}
			}
		},
		{
			"from": [19, -7, 0],
			"to": [20, -4, 1],
			"faces": {
				"north": {"uv": [9, 6, 10, 9], "texture": "#2"},
				"east": {"uv": [0, 0, 1, 3], "texture": "#2"},
				"south": {"uv": [0, 0, 1, 3], "texture": "#2"},
				"west": {"uv": [0, 0, 1, 3], "texture": "#2"},
				"up": {"uv": [0, 0, 1, 1], "texture": "#2"},
				"down": {"uv": [0, 0, 1, 1], "texture": "#2"}
			}
		},
		{
			"from": [20, -8, 0],
			"to": [24, -3, 1],
			"faces": {
				"north": {"uv": [6, 7, 10, 12], "texture": "#2"},
				"east": {"uv": [0, 0, 1, 5], "texture": "#2"},
				"south": {"uv": [0, 0, 4, 5], "texture": "#2"},
				"west": {"uv": [0, 0, 1, 5], "texture": "#2"},
				"up": {"uv": [0, 0, 4, 1], "texture": "#2"},
				"down": {"uv": [0, 0, 4, 1], "texture": "#2"}
			}
		},
		{
			"from": [-1, -1, -3],
			"to": [1, 1, -1],
			"faces": {
				"north": {"uv": [0, 0, 2, 2], "texture": "#4"},
				"east": {"uv": [0, 0, 2, 2], "texture": "#4"},
				"south": {"uv": [0, 0, 2, 2], "texture": "#4"},
				"west": {"uv": [0, 0, 2, 2], "texture": "#4"},
				"up": {"uv": [0, 0, 2, 2], "texture": "#4"},
				"down": {"uv": [0, 0, 2, 2], "texture": "#4"}
			}
		},
		{
			"from": [-1, -1, 15],
			"to": [1, 1, 17],
			"faces": {
				"north": {"uv": [0, 0, 2, 2], "texture": "#4"},
				"east": {"uv": [0, 0, 2, 2], "texture": "#4"},
				"south": {"uv": [0, 0, 2, 2], "texture": "#4"},
				"west": {"uv": [0, 0, 2, 2], "texture": "#4"},
				"up": {"uv": [0, 0, 2, 2], "texture": "#4"},
				"down": {"uv": [0, 0, 2, 2], "texture": "#4"}
			}
		},
		{
			"from": [-1, -1, 6],
			"to": [1, 1, 8],
			"faces": {
				"north": {"uv": [0, 0, 2, 2], "texture": "#4"},
				"east": {"uv": [0, 0, 2, 2], "texture": "#4"},
				"south": {"uv": [0, 0, 2, 2], "texture": "#4"},
				"west": {"uv": [0, 0, 2, 2], "texture": "#4"},
				"up": {"uv": [0, 0, 2, 2], "texture": "#4"},
				"down": {"uv": [0, 0, 2, 2], "texture": "#4"}
			}
		},
		{
			"from": [15, -1, 6],
			"to": [17, 1, 8],
			"faces": {
				"north": {"uv": [0, 0, 2, 2], "texture": "#4"},
				"east": {"uv": [0, 0, 2, 2], "texture": "#4"},
				"south": {"uv": [0, 0, 2, 2], "texture": "#4"},
				"west": {"uv": [0, 0, 2, 2], "texture": "#4"},
				"up": {"uv": [0, 0, 2, 2], "texture": "#4"},
				"down": {"uv": [0, 0, 2, 2], "texture": "#4"}
			}
		},
		{
			"from": [15, 1, -3],
			"to": [17, 2, 17],
			"faces": {
				"north": {"uv": [0, 0, 2, 1], "texture": "#4"},
				"east": {"uv": [0, 0, 16, 1], "texture": "#4"},
				"south": {"uv": [0, 0, 2, 1], "texture": "#4"},
				"west": {"uv": [0, 0, 16, 1], "texture": "#4"},
				"up": {"uv": [0, 0, 2, 16], "texture": "#4"},
				"down": {"uv": [0, 0, 2, 16], "texture": "#4"}
			}
		},
		{
			"from": [-1, 1, -3],
			"to": [1, 2, 17],
			"faces": {
				"north": {"uv": [0, 0, 2, 1], "texture": "#4"},
				"east": {"uv": [0, 0, 16, 1], "texture": "#4"},
				"south": {"uv": [0, 0, 2, 1], "texture": "#4"},
				"west": {"uv": [0, 0, 16, 1], "texture": "#4"},
				"up": {"uv": [0, 0, 2, 16], "texture": "#4"},
				"down": {"uv": [0, 0, 2, 16], "texture": "#4"}
			}
		},
		{
			"from": [1, 1, 15],
			"to": [3, 2, 24],
			"faces": {
				"north": {"uv": [0, 0, 2, 1], "texture": "#4"},
				"east": {"uv": [0, 0, 9, 1], "texture": "#4"},
				"south": {"uv": [0, 0, 2, 1], "texture": "#4"},
				"west": {"uv": [0, 0, 9, 1], "texture": "#4"},
				"up": {"uv": [0, 0, 2, 9], "texture": "#4"},
				"down": {"uv": [0, 0, 2, 9], "texture": "#4"}
			}
		},
		{
			"from": [13, 1, 15],
			"to": [15, 2, 24],
			"faces": {
				"north": {"uv": [0, 0, 2, 1], "texture": "#4"},
				"east": {"uv": [0, 0, 9, 1], "texture": "#4"},
				"south": {"uv": [0, 0, 2, 1], "texture": "#4"},
				"west": {"uv": [0, 0, 9, 1], "texture": "#4"},
				"up": {"uv": [0, 0, 2, 9], "texture": "#4"},
				"down": {"uv": [0, 0, 2, 9], "texture": "#4"}
			}
		},
		{
			"from": [1, -1, 22],
			"to": [3, 1, 24],
			"faces": {
				"north": {"uv": [0, 0, 2, 2], "texture": "#4"},
				"east": {"uv": [0, 0, 2, 2], "texture": "#4"},
				"south": {"uv": [0, 0, 2, 2], "texture": "#4"},
				"west": {"uv": [0, 0, 2, 2], "texture": "#4"},
				"up": {"uv": [0, 0, 2, 2], "texture": "#4"},
				"down": {"uv": [0, 0, 2, 2], "texture": "#4"}
			}
		},
		{
			"from": [15, -1, -3],
			"to": [17, 1, -1],
			"faces": {
				"north": {"uv": [0, 0, 2, 2], "texture": "#4"},
				"east": {"uv": [0, 0, 2, 2], "texture": "#4"},
				"south": {"uv": [0, 0, 2, 2], "texture": "#4"},
				"west": {"uv": [0, 0, 2, 2], "texture": "#4"},
				"up": {"uv": [0, 0, 2, 2], "texture": "#4"},
				"down": {"uv": [0, 0, 2, 2], "texture": "#4"}
			}
		},
		{
			"from": [15, -1, 15],
			"to": [17, 1, 17],
			"faces": {
				"north": {"uv": [0, 0, 2, 2], "texture": "#4"},
				"east": {"uv": [0, 0, 2, 2], "texture": "#4"},
				"south": {"uv": [0, 0, 2, 2], "texture": "#4"},
				"west": {"uv": [0, 0, 2, 2], "texture": "#4"},
				"up": {"uv": [0, 0, 2, 2], "texture": "#4"},
				"down": {"uv": [0, 0, 2, 2], "texture": "#4"}
			}
		},
		{
			"from": [13, -1, 22],
			"to": [15, 1, 24],
			"faces": {
				"north": {"uv": [0, 0, 2, 2], "texture": "#4"},
				"east": {"uv": [0, 0, 2, 2], "texture": "#4"},
				"south": {"uv": [0, 0, 2, 2], "texture": "#4"},
				"west": {"uv": [0, 0, 2, 2], "texture": "#4"},
				"up": {"uv": [0, 0, 2, 2], "texture": "#4"},
				"down": {"uv": [0, 0, 2, 2], "texture": "#4"}
			}
		},
		{
			"from": [7, 6, 29],
			"to": [9, 8, 31],
			"faces": {
				"north": {"uv": [0, 0, 2, 2], "texture": "#5"},
				"east": {"uv": [0, 0, 2, 2], "texture": "#5"},
				"south": {"uv": [0, 0, 2, 2], "texture": "#5"},
				"west": {"uv": [0, 0, 2, 2], "texture": "#5"},
				"up": {"uv": [0, 0, 2, 2], "texture": "#5"},
				"down": {"uv": [0, 0, 2, 2], "texture": "#5"}
			}
		},
		{
			"from": [3.5, 6, -13],
			"to": [5.5, 8, -11],
			"faces": {
				"north": {"uv": [0, 0, 2, 2], "texture": "#5"},
				"east": {"uv": [0, 0, 2, 2], "texture": "#5"},
				"south": {"uv": [0, 0, 2, 2], "texture": "#5"},
				"west": {"uv": [0, 0, 2, 2], "texture": "#5"},
				"up": {"uv": [0, 0, 2, 2], "texture": "#5"},
				"down": {"uv": [0, 0, 2, 2], "texture": "#5"}
			}
		},
		{
			"from": [11.5, 6, -13],
			"to": [13.5, 8, -11],
			"faces": {
				"north": {"uv": [0, 0, 2, 2], "texture": "#5"},
				"east": {"uv": [0, 0, 2, 2], "texture": "#5"},
				"south": {"uv": [0, 0, 2, 2], "texture": "#5"},
				"west": {"uv": [0, 0, 2, 2], "texture": "#5"},
				"up": {"uv": [0, 0, 2, 2], "texture": "#5"},
				"down": {"uv": [0, 0, 2, 2], "texture": "#5"}
			}
		},
		{
			"from": [7.5, -5, 30],
			"to": [8.5, 10, 31],
			"rotation": {"angle": -22.5, "axis": "x", "origin": [0, 0, 0]},
			"faces": {
				"north": {"uv": [0, 0, 1, 15], "texture": "#6"},
				"east": {"uv": [0, 0, 1, 15], "texture": "#6"},
				"south": {"uv": [0, 0, 1, 15], "texture": "#6"},
				"west": {"uv": [0, 0, 1, 15], "texture": "#6"},
				"up": {"uv": [0, 0, 1, 1], "texture": "#6"},
				"down": {"uv": [0, 0, 1, 1], "texture": "#6"}
			}
		},
		{
			"from": [4, 0, -14],
			"to": [5, 17, -13],
			"rotation": {"angle": 22.5, "axis": "x", "origin": [0, 0, 0]},
			"faces": {
				"north": {"uv": [0, 0, 1, 16], "texture": "#6"},
				"east": {"uv": [0, 0, 1, 16], "texture": "#6"},
				"south": {"uv": [0, 0, 1, 16], "texture": "#6"},
				"west": {"uv": [0, 0, 1, 16], "texture": "#6"},
				"up": {"uv": [0, 0, 1, 1], "texture": "#6"},
				"down": {"uv": [0, 0, 1, 1], "texture": "#6"}
			}
		},
		{
			"from": [12, 0, -14],
			"to": [13, 17, -13],
			"rotation": {"angle": 22.5, "axis": "x", "origin": [0, 0, 0]},
			"faces": {
				"north": {"uv": [0, 0, 1, 16], "texture": "#6"},
				"east": {"uv": [0, 0, 1, 16], "texture": "#6"},
				"south": {"uv": [0, 0, 1, 16], "texture": "#6"},
				"west": {"uv": [0, 0, 1, 16], "texture": "#6"},
				"up": {"uv": [0, 0, 1, 1], "texture": "#6"},
				"down": {"uv": [0, 0, 1, 1], "texture": "#6"}
			}
		},
		{
			"from": [6, 20, 23],
			"to": [11, 21, 25],
			"faces": {
				"north": {"uv": [7, 3, 12, 4], "texture": "#7"},
				"east": {"uv": [6, 3, 8, 4], "texture": "#7"},
				"south": {"uv": [7, 3, 12, 4], "texture": "#7"},
				"west": {"uv": [4, 4, 6, 5], "texture": "#7"},
				"up": {"uv": [6, 3, 11, 5], "texture": "#7"},
				"down": {"uv": [6, 3, 11, 5], "texture": "#7"}
			}
		},
		{
			"from": [10, 21, 23],
			"to": [14, 22, 25],
			"faces": {
				"north": {"uv": [7, 3, 11, 4], "texture": "#7"},
				"east": {"uv": [6, 3, 8, 4], "texture": "#7"},
				"south": {"uv": [7, 3, 11, 4], "texture": "#7"},
				"west": {"uv": [4, 4, 6, 5], "texture": "#7"},
				"up": {"uv": [6, 3, 10, 5], "texture": "#7"},
				"down": {"uv": [6, 3, 10, 5], "texture": "#7"}
			}
		},
		{
			"from": [3, 21, 23],
			"to": [7, 22, 25],
			"faces": {
				"north": {"uv": [7, 3, 11, 4], "texture": "#7"},
				"east": {"uv": [6, 3, 8, 4], "texture": "#7"},
				"south": {"uv": [7, 3, 11, 4], "texture": "#7"},
				"west": {"uv": [4, 4, 6, 5], "texture": "#7"},
				"up": {"uv": [6, 3, 10, 5], "texture": "#7"},
				"down": {"uv": [6, 3, 10, 5], "texture": "#7"}
			}
		},
		{
			"from": [10, 29, 23],
			"to": [14, 30, 25],
			"faces": {
				"north": {"uv": [7, 3, 11, 4], "texture": "#7"},
				"east": {"uv": [6, 3, 8, 4], "texture": "#7"},
				"south": {"uv": [7, 3, 11, 4], "texture": "#7"},
				"west": {"uv": [4, 4, 6, 5], "texture": "#7"},
				"up": {"uv": [6, 3, 10, 5], "texture": "#7"},
				"down": {"uv": [6, 3, 10, 5], "texture": "#7"}
			}
		},
		{
			"from": [14, 27, 23],
			"to": [15, 29, 25],
			"faces": {
				"north": {"uv": [7, 3, 8, 5], "texture": "#7"},
				"east": {"uv": [6, 3, 8, 5], "texture": "#7"},
				"south": {"uv": [7, 3, 8, 5], "texture": "#7"},
				"west": {"uv": [4, 4, 6, 6], "texture": "#7"},
				"up": {"uv": [6, 3, 7, 5], "texture": "#7"},
				"down": {"uv": [6, 3, 7, 5], "texture": "#7"}
			}
		},
		{
			"from": [15, 24, 23],
			"to": [16, 27, 25],
			"faces": {
				"north": {"uv": [7, 3, 8, 6], "texture": "#7"},
				"east": {"uv": [6, 3, 8, 6], "texture": "#7"},
				"south": {"uv": [7, 3, 8, 6], "texture": "#7"},
				"west": {"uv": [4, 4, 6, 7], "texture": "#7"},
				"up": {"uv": [6, 3, 7, 5], "texture": "#7"},
				"down": {"uv": [6, 3, 7, 5], "texture": "#7"}
			}
		},
		{
			"from": [1, 24, 23],
			"to": [2, 27, 25],
			"faces": {
				"north": {"uv": [7, 3, 8, 6], "texture": "#7"},
				"east": {"uv": [6, 3, 8, 6], "texture": "#7"},
				"south": {"uv": [7, 3, 8, 6], "texture": "#7"},
				"west": {"uv": [4, 4, 6, 7], "texture": "#7"},
				"up": {"uv": [6, 3, 7, 5], "texture": "#7"},
				"down": {"uv": [6, 3, 7, 5], "texture": "#7"}
			}
		},
		{
			"from": [14, 22, 23],
			"to": [15, 24, 25],
			"faces": {
				"north": {"uv": [7, 3, 8, 5], "texture": "#7"},
				"east": {"uv": [6, 3, 8, 5], "texture": "#7"},
				"south": {"uv": [7, 3, 8, 5], "texture": "#7"},
				"west": {"uv": [4, 4, 6, 6], "texture": "#7"},
				"up": {"uv": [6, 3, 7, 5], "texture": "#7"},
				"down": {"uv": [6, 3, 7, 5], "texture": "#7"}
			}
		},
		{
			"from": [2, 27, 23],
			"to": [3, 29, 25],
			"faces": {
				"north": {"uv": [7, 3, 8, 5], "texture": "#7"},
				"east": {"uv": [6, 3, 8, 5], "texture": "#7"},
				"south": {"uv": [7, 3, 8, 5], "texture": "#7"},
				"west": {"uv": [4, 4, 6, 6], "texture": "#7"},
				"up": {"uv": [6, 3, 7, 5], "texture": "#7"},
				"down": {"uv": [6, 3, 7, 5], "texture": "#7"}
			}
		},
		{
			"from": [2, 22, 23],
			"to": [3, 24, 25],
			"faces": {
				"north": {"uv": [7, 3, 8, 5], "texture": "#7"},
				"east": {"uv": [6, 3, 8, 5], "texture": "#7"},
				"south": {"uv": [7, 3, 8, 5], "texture": "#7"},
				"west": {"uv": [4, 4, 6, 6], "texture": "#7"},
				"up": {"uv": [6, 3, 7, 5], "texture": "#7"},
				"down": {"uv": [6, 3, 7, 5], "texture": "#7"}
			}
		},
		{
			"from": [6, 30, 23],
			"to": [11, 31, 25],
			"faces": {
				"north": {"uv": [7, 3, 12, 4], "texture": "#7"},
				"east": {"uv": [6, 3, 8, 4], "texture": "#7"},
				"south": {"uv": [7, 3, 12, 4], "texture": "#7"},
				"west": {"uv": [4, 4, 6, 5], "texture": "#7"},
				"up": {"uv": [6, 3, 11, 5], "texture": "#7"},
				"down": {"uv": [6, 3, 11, 5], "texture": "#7"}
			}
		},
		{
			"from": [3, 29, 23],
			"to": [7, 30, 25],
			"faces": {
				"north": {"uv": [7, 3, 11, 4], "texture": "#7"},
				"east": {"uv": [6, 3, 8, 4], "texture": "#7"},
				"south": {"uv": [7, 3, 11, 4], "texture": "#7"},
				"west": {"uv": [4, 4, 6, 5], "texture": "#7"},
				"up": {"uv": [6, 3, 10, 5], "texture": "#7"},
				"down": {"uv": [6, 3, 10, 5], "texture": "#7"}
			}
		},
		{
			"from": [3, 21, -7],
			"to": [7, 22, -5],
			"faces": {
				"north": {"uv": [3, 3, 7, 4], "texture": "#7"},
				"east": {"uv": [3, 4, 5, 5], "texture": "#7"},
				"south": {"uv": [5, 4, 9, 5], "texture": "#7"},
				"west": {"uv": [4, 1, 6, 2], "texture": "#7"},
				"up": {"uv": [3, 2, 7, 4], "texture": "#7"},
				"down": {"uv": [4, 3, 8, 5], "texture": "#7"}
			}
		},
		{
			"from": [6, 20, -7],
			"to": [11, 21, -5],
			"faces": {
				"north": {"uv": [3, 3, 8, 4], "texture": "#7"},
				"east": {"uv": [3, 4, 5, 5], "texture": "#7"},
				"south": {"uv": [5, 4, 10, 5], "texture": "#7"},
				"west": {"uv": [4, 1, 6, 2], "texture": "#7"},
				"up": {"uv": [3, 2, 8, 4], "texture": "#7"},
				"down": {"uv": [4, 3, 9, 5], "texture": "#7"}
			}
		},
		{
			"from": [10, 21, -7],
			"to": [14, 22, -5],
			"faces": {
				"north": {"uv": [3, 3, 7, 4], "texture": "#7"},
				"east": {"uv": [3, 4, 5, 5], "texture": "#7"},
				"south": {"uv": [5, 4, 9, 5], "texture": "#7"},
				"west": {"uv": [4, 1, 6, 2], "texture": "#7"},
				"up": {"uv": [3, 2, 7, 4], "texture": "#7"},
				"down": {"uv": [4, 3, 8, 5], "texture": "#7"}
			}
		},
		{
			"from": [14, 22, -7],
			"to": [15, 24, -5],
			"faces": {
				"north": {"uv": [3, 3, 4, 5], "texture": "#7"},
				"east": {"uv": [3, 4, 5, 6], "texture": "#7"},
				"south": {"uv": [5, 4, 6, 6], "texture": "#7"},
				"west": {"uv": [4, 1, 6, 3], "texture": "#7"},
				"up": {"uv": [3, 2, 4, 4], "texture": "#7"},
				"down": {"uv": [4, 3, 5, 5], "texture": "#7"}
			}
		},
		{
			"from": [15, 24, -7],
			"to": [16, 27, -5],
			"faces": {
				"north": {"uv": [3, 3, 4, 6], "texture": "#7"},
				"east": {"uv": [3, 4, 5, 7], "texture": "#7"},
				"south": {"uv": [5, 4, 6, 7], "texture": "#7"},
				"west": {"uv": [4, 1, 6, 4], "texture": "#7"},
				"up": {"uv": [3, 2, 4, 4], "texture": "#7"},
				"down": {"uv": [4, 3, 5, 5], "texture": "#7"}
			}
		},
		{
			"from": [14, 27, -7],
			"to": [15, 29, -5],
			"faces": {
				"north": {"uv": [3, 3, 4, 5], "texture": "#7"},
				"east": {"uv": [3, 4, 5, 6], "texture": "#7"},
				"south": {"uv": [5, 4, 6, 6], "texture": "#7"},
				"west": {"uv": [4, 1, 6, 3], "texture": "#7"},
				"up": {"uv": [3, 2, 4, 4], "texture": "#7"},
				"down": {"uv": [4, 3, 5, 5], "texture": "#7"}
			}
		},
		{
			"from": [10, 29, -7],
			"to": [14, 30, -5],
			"faces": {
				"north": {"uv": [3, 3, 7, 4], "texture": "#7"},
				"east": {"uv": [3, 4, 5, 5], "texture": "#7"},
				"south": {"uv": [5, 4, 9, 5], "texture": "#7"},
				"west": {"uv": [4, 1, 6, 2], "texture": "#7"},
				"up": {"uv": [3, 2, 7, 4], "texture": "#7"},
				"down": {"uv": [4, 3, 8, 5], "texture": "#7"}
			}
		},
		{
			"from": [6, 30, -7],
			"to": [11, 31, -5],
			"faces": {
				"north": {"uv": [3, 3, 8, 4], "texture": "#7"},
				"east": {"uv": [3, 4, 5, 5], "texture": "#7"},
				"south": {"uv": [5, 4, 10, 5], "texture": "#7"},
				"west": {"uv": [4, 1, 6, 2], "texture": "#7"},
				"up": {"uv": [3, 2, 8, 4], "texture": "#7"},
				"down": {"uv": [4, 3, 9, 5], "texture": "#7"}
			}
		},
		{
			"from": [3, 29, -7],
			"to": [7, 30, -5],
			"faces": {
				"north": {"uv": [3, 3, 7, 4], "texture": "#7"},
				"east": {"uv": [3, 4, 5, 5], "texture": "#7"},
				"south": {"uv": [5, 4, 9, 5], "texture": "#7"},
				"west": {"uv": [4, 1, 6, 2], "texture": "#7"},
				"up": {"uv": [3, 2, 7, 4], "texture": "#7"},
				"down": {"uv": [4, 3, 8, 5], "texture": "#7"}
			}
		},
		{
			"from": [2, 27, -7],
			"to": [3, 29, -5],
			"faces": {
				"north": {"uv": [3, 3, 4, 5], "texture": "#7"},
				"east": {"uv": [3, 4, 5, 6], "texture": "#7"},
				"south": {"uv": [5, 4, 6, 6], "texture": "#7"},
				"west": {"uv": [4, 1, 6, 3], "texture": "#7"},
				"up": {"uv": [3, 2, 4, 4], "texture": "#7"},
				"down": {"uv": [4, 3, 5, 5], "texture": "#7"}
			}
		},
		{
			"from": [1, 24, -7],
			"to": [2, 27, -5],
			"faces": {
				"north": {"uv": [3, 3, 4, 6], "texture": "#7"},
				"east": {"uv": [3, 4, 5, 7], "texture": "#7"},
				"south": {"uv": [5, 4, 6, 7], "texture": "#7"},
				"west": {"uv": [4, 1, 6, 4], "texture": "#7"},
				"up": {"uv": [3, 2, 4, 4], "texture": "#7"},
				"down": {"uv": [4, 3, 5, 5], "texture": "#7"}
			}
		},
		{
			"from": [2, 22, -7],
			"to": [3, 24, -5],
			"faces": {
				"north": {"uv": [3, 3, 4, 5], "texture": "#7"},
				"east": {"uv": [3, 4, 5, 6], "texture": "#7"},
				"south": {"uv": [5, 4, 6, 6], "texture": "#7"},
				"west": {"uv": [4, 1, 6, 3], "texture": "#7"},
				"up": {"uv": [3, 2, 4, 4], "texture": "#7"},
				"down": {"uv": [4, 3, 5, 5], "texture": "#7"}
			}
		},
		{
			"from": [3, 30, -5],
			"to": [14, 32, 23],
			"faces": {
				"north": {"uv": [0, 0, 11, 2], "texture": "#8"},
				"east": {"uv": [0, 0, 16, 2], "texture": "#8"},
				"south": {"uv": [0, 0, 11, 2], "texture": "#8"},
				"west": {"uv": [0, 0, 16, 2], "texture": "#8"},
				"up": {"uv": [0, 0, 11, 16], "texture": "#8"},
				"down": {"uv": [0, 0, 11, 16], "texture": "#8"}
			}
		},
		{
			"from": [3, 19, -5],
			"to": [14, 21, 23],
			"faces": {
				"north": {"uv": [0, 0, 11, 2], "texture": "#8"},
				"east": {"uv": [0, 0, 16, 2], "texture": "#8"},
				"south": {"uv": [0, 0, 11, 2], "texture": "#8"},
				"west": {"uv": [0, 0, 16, 2], "texture": "#8"},
				"up": {"uv": [0, 0, 11, 16], "texture": "#8"},
				"down": {"uv": [0, 0, 11, 16], "texture": "#8"}
			}
		},
		{
			"from": [5, 18, 0],
			"to": [12, 19, 18],
			"faces": {
				"north": {"uv": [0, 0, 7, 1], "texture": "#8"},
				"east": {"uv": [0, 0, 16, 1], "texture": "#8"},
				"south": {"uv": [0, 0, 7, 1], "texture": "#8"},
				"west": {"uv": [0, 0, 16, 1], "texture": "#8"},
				"up": {"uv": [0, 0, 7, 16], "texture": "#8"},
				"down": {"uv": [0, 0, 7, 16], "texture": "#8"}
			}
		},
		{
			"from": [12, 18, 4],
			"to": [14, 19, 14],
			"faces": {
				"north": {"uv": [0, 0, 2, 1], "texture": "#8"},
				"east": {"uv": [0, 0, 10, 1], "texture": "#8"},
				"south": {"uv": [0, 0, 2, 1], "texture": "#8"},
				"west": {"uv": [0, 0, 10, 1], "texture": "#8"},
				"up": {"uv": [0, 0, 2, 10], "texture": "#8"},
				"down": {"uv": [0, 0, 2, 10], "texture": "#8"}
			}
		},
		{
			"from": [3, 18, 4],
			"to": [5, 19, 14],
			"faces": {
				"north": {"uv": [0, 0, 2, 1], "texture": "#8"},
				"east": {"uv": [0, 0, 10, 1], "texture": "#8"},
				"south": {"uv": [0, 0, 2, 1], "texture": "#8"},
				"west": {"uv": [0, 0, 10, 1], "texture": "#8"},
				"up": {"uv": [0, 0, 2, 10], "texture": "#8"},
				"down": {"uv": [0, 0, 2, 10], "texture": "#8"}
			}
		},
		{
			"from": [2, 20.9, -5],
			"to": [4, 21.9, 23],
			"faces": {
				"north": {"uv": [0, 0, 2, 1], "texture": "#8"},
				"east": {"uv": [0, 0, 16, 1], "texture": "#8"},
				"south": {"uv": [0, 0, 2, 1], "texture": "#8"},
				"west": {"uv": [0, 0, 16, 1], "texture": "#8"},
				"up": {"uv": [0, 0, 2, 16], "texture": "#8"},
				"down": {"uv": [0, 0, 2, 16], "texture": "#8"}
			}
		},
		{
			"from": [1, 22, -5],
			"to": [3, 23, 23],
			"faces": {
				"north": {"uv": [0, 0, 2, 1], "texture": "#8"},
				"east": {"uv": [0, 0, 16, 1], "texture": "#8"},
				"south": {"uv": [0, 0, 2, 1], "texture": "#8"},
				"west": {"uv": [0, 0, 16, 1], "texture": "#8"},
				"up": {"uv": [0, 0, 2, 16], "texture": "#8"},
				"down": {"uv": [0, 0, 2, 16], "texture": "#8"}
			}
		},
		{
			"from": [2, 30, -3],
			"to": [4, 31, 21],
			"faces": {
				"north": {"uv": [0, 0, 2, 1], "texture": "#8"},
				"east": {"uv": [0, 0, 16, 1], "texture": "#8"},
				"south": {"uv": [0, 0, 2, 1], "texture": "#8"},
				"west": {"uv": [0, 0, 16, 1], "texture": "#8"},
				"up": {"uv": [0, 0, 2, 16], "texture": "#8"},
				"down": {"uv": [0, 0, 2, 16], "texture": "#8"}
			}
		},
		{
			"from": [2, 31, 2],
			"to": [3, 32, 16],
			"faces": {
				"north": {"uv": [0, 0, 1, 1], "texture": "#8"},
				"east": {"uv": [0, 0, 14, 1], "texture": "#8"},
				"south": {"uv": [0, 0, 1, 1], "texture": "#8"},
				"west": {"uv": [0, 0, 14, 1], "texture": "#8"},
				"up": {"uv": [0, 0, 1, 14], "texture": "#8"},
				"down": {"uv": [0, 0, 1, 14], "texture": "#8"}
			}
		},
		{
			"from": [2, 19.9, -3],
			"to": [4, 20.9, 21],
			"faces": {
				"north": {"uv": [0, 0, 2, 1], "texture": "#8"},
				"east": {"uv": [0, 0, 16, 1], "texture": "#8"},
				"south": {"uv": [0, 0, 2, 1], "texture": "#8"},
				"west": {"uv": [0, 0, 16, 1], "texture": "#8"},
				"up": {"uv": [0, 0, 2, 16], "texture": "#8"},
				"down": {"uv": [0, 0, 2, 16], "texture": "#8"}
			}
		},
		{
			"from": [1, 21, -1],
			"to": [3, 22, 19],
			"faces": {
				"north": {"uv": [0, 0, 2, 1], "texture": "#8"},
				"east": {"uv": [0, 0, 16, 1], "texture": "#8"},
				"south": {"uv": [0, 0, 2, 1], "texture": "#8"},
				"west": {"uv": [0, 0, 16, 1], "texture": "#8"},
				"up": {"uv": [0, 0, 2, 16], "texture": "#8"},
				"down": {"uv": [0, 0, 2, 16], "texture": "#8"}
			}
		},
		{
			"from": [1, 29, -1],
			"to": [3, 30, 19],
			"faces": {
				"north": {"uv": [0, 0, 2, 1], "texture": "#8"},
				"east": {"uv": [0, 0, 16, 1], "texture": "#8"},
				"south": {"uv": [0, 0, 2, 1], "texture": "#8"},
				"west": {"uv": [0, 0, 16, 1], "texture": "#8"},
				"up": {"uv": [0, 0, 2, 16], "texture": "#8"},
				"down": {"uv": [0, 0, 2, 16], "texture": "#8"}
			}
		},
		{
			"from": [0, 28, 0],
			"to": [1, 29, 18],
			"faces": {
				"north": {"uv": [0, 0, 1, 1], "texture": "#8"},
				"east": {"uv": [0, 0, 16, 1], "texture": "#8"},
				"south": {"uv": [0, 0, 1, 1], "texture": "#8"},
				"west": {"uv": [0, 0, 16, 1], "texture": "#8"},
				"up": {"uv": [0, 0, 1, 16], "texture": "#8"},
				"down": {"uv": [0, 0, 1, 16], "texture": "#8"}
			}
		},
		{
			"from": [0, 24, -9],
			"to": [1, 27, -7],
			"faces": {
				"north": {"uv": [0, 0, 1, 3], "texture": "#8"},
				"east": {"uv": [0, 0, 2, 3], "texture": "#8"},
				"south": {"uv": [0, 0, 1, 3], "texture": "#8"},
				"west": {"uv": [0, 0, 2, 3], "texture": "#8"},
				"up": {"uv": [0, 0, 1, 2], "texture": "#8"},
				"down": {"uv": [0, 0, 1, 2], "texture": "#8"}
			}
		},
		{
			"from": [16, 24, -9],
			"to": [17, 27, -7],
			"faces": {
				"north": {"uv": [0, 0, 1, 3], "texture": "#8"},
				"east": {"uv": [0, 0, 2, 3], "texture": "#8"},
				"south": {"uv": [0, 0, 1, 3], "texture": "#8"},
				"west": {"uv": [0, 0, 2, 3], "texture": "#8"},
				"up": {"uv": [0, 0, 1, 2], "texture": "#8"},
				"down": {"uv": [0, 0, 1, 2], "texture": "#8"}
			}
		},
		{
			"from": [1, 22, -9],
			"to": [2, 24, -7],
			"faces": {
				"north": {"uv": [0, 0, 1, 2], "texture": "#8"},
				"east": {"uv": [0, 0, 2, 2], "texture": "#8"},
				"south": {"uv": [0, 0, 1, 2], "texture": "#8"},
				"west": {"uv": [0, 0, 2, 2], "texture": "#8"},
				"up": {"uv": [0, 0, 1, 2], "texture": "#8"},
				"down": {"uv": [0, 0, 1, 2], "texture": "#8"}
			}
		},
		{
			"from": [1, 27, -9],
			"to": [2, 29, -7],
			"faces": {
				"north": {"uv": [0, 0, 1, 2], "texture": "#8"},
				"east": {"uv": [0, 0, 2, 2], "texture": "#8"},
				"south": {"uv": [0, 0, 1, 2], "texture": "#8"},
				"west": {"uv": [0, 0, 2, 2], "texture": "#8"},
				"up": {"uv": [0, 0, 1, 2], "texture": "#8"},
				"down": {"uv": [0, 0, 1, 2], "texture": "#8"}
			}
		},
		{
			"from": [15, 27, -9],
			"to": [16, 29, -7],
			"faces": {
				"north": {"uv": [0, 0, 1, 2], "texture": "#8"},
				"east": {"uv": [0, 0, 2, 2], "texture": "#8"},
				"south": {"uv": [0, 0, 1, 2], "texture": "#8"},
				"west": {"uv": [0, 0, 2, 2], "texture": "#8"},
				"up": {"uv": [0, 0, 1, 2], "texture": "#8"},
				"down": {"uv": [0, 0, 1, 2], "texture": "#8"}
			}
		},
		{
			"from": [15, 22, -9],
			"to": [16, 24, -7],
			"faces": {
				"north": {"uv": [0, 0, 1, 2], "texture": "#8"},
				"east": {"uv": [0, 0, 2, 2], "texture": "#8"},
				"south": {"uv": [0, 0, 1, 2], "texture": "#8"},
				"west": {"uv": [0, 0, 2, 2], "texture": "#8"},
				"up": {"uv": [0, 0, 1, 2], "texture": "#8"},
				"down": {"uv": [0, 0, 1, 2], "texture": "#8"}
			}
		},
		{
			"from": [2, 29, -9],
			"to": [3, 30, -7],
			"faces": {
				"north": {"uv": [0, 0, 1, 1], "texture": "#8"},
				"east": {"uv": [0, 0, 2, 1], "texture": "#8"},
				"south": {"uv": [0, 0, 1, 1], "texture": "#8"},
				"west": {"uv": [0, 0, 2, 1], "texture": "#8"},
				"up": {"uv": [0, 0, 1, 2], "texture": "#8"},
				"down": {"uv": [0, 0, 1, 2], "texture": "#8"}
			}
		},
		{
			"from": [2, 21, -9],
			"to": [3, 22, -7],
			"faces": {
				"north": {"uv": [0, 0, 1, 1], "texture": "#8"},
				"east": {"uv": [0, 0, 2, 1], "texture": "#8"},
				"south": {"uv": [0, 0, 1, 1], "texture": "#8"},
				"west": {"uv": [0, 0, 2, 1], "texture": "#8"},
				"up": {"uv": [0, 0, 1, 2], "texture": "#8"},
				"down": {"uv": [0, 0, 1, 2], "texture": "#8"}
			}
		},
		{
			"from": [14, 21, -9],
			"to": [15, 22, -7],
			"faces": {
				"north": {"uv": [0, 0, 1, 1], "texture": "#8"},
				"east": {"uv": [0, 0, 2, 1], "texture": "#8"},
				"south": {"uv": [0, 0, 1, 1], "texture": "#8"},
				"west": {"uv": [0, 0, 2, 1], "texture": "#8"},
				"up": {"uv": [0, 0, 1, 2], "texture": "#8"},
				"down": {"uv": [0, 0, 1, 2], "texture": "#8"}
			}
		},
		{
			"from": [14, 29, -9],
			"to": [15, 30, -7],
			"faces": {
				"north": {"uv": [0, 0, 1, 1], "texture": "#8"},
				"east": {"uv": [0, 0, 2, 1], "texture": "#8"},
				"south": {"uv": [0, 0, 1, 1], "texture": "#8"},
				"west": {"uv": [0, 0, 2, 1], "texture": "#8"},
				"up": {"uv": [0, 0, 1, 2], "texture": "#8"},
				"down": {"uv": [0, 0, 1, 2], "texture": "#8"}
			}
		},
		{
			"from": [3, 30, -9],
			"to": [6, 31, -7],
			"faces": {
				"north": {"uv": [0, 0, 3, 1], "texture": "#8"},
				"east": {"uv": [0, 0, 2, 1], "texture": "#8"},
				"south": {"uv": [0, 0, 3, 1], "texture": "#8"},
				"west": {"uv": [0, 0, 2, 1], "texture": "#8"},
				"up": {"uv": [0, 0, 3, 2], "texture": "#8"},
				"down": {"uv": [0, 0, 3, 2], "texture": "#8"}
			}
		},
		{
			"from": [3, 20, -9],
			"to": [6, 21, -7],
			"faces": {
				"north": {"uv": [0, 0, 3, 1], "texture": "#8"},
				"east": {"uv": [0, 0, 2, 1], "texture": "#8"},
				"south": {"uv": [0, 0, 3, 1], "texture": "#8"},
				"west": {"uv": [0, 0, 2, 1], "texture": "#8"},
				"up": {"uv": [0, 0, 3, 2], "texture": "#8"},
				"down": {"uv": [0, 0, 3, 2], "texture": "#8"}
			}
		},
		{
			"from": [11, 20, -9],
			"to": [14, 21, -7],
			"faces": {
				"north": {"uv": [0, 0, 3, 1], "texture": "#8"},
				"east": {"uv": [0, 0, 2, 1], "texture": "#8"},
				"south": {"uv": [0, 0, 3, 1], "texture": "#8"},
				"west": {"uv": [0, 0, 2, 1], "texture": "#8"},
				"up": {"uv": [0, 0, 3, 2], "texture": "#8"},
				"down": {"uv": [0, 0, 3, 2], "texture": "#8"}
			}
		},
		{
			"from": [11, 30, -9],
			"to": [14, 31, -7],
			"faces": {
				"north": {"uv": [0, 0, 3, 1], "texture": "#8"},
				"east": {"uv": [0, 0, 2, 1], "texture": "#8"},
				"south": {"uv": [0, 0, 3, 1], "texture": "#8"},
				"west": {"uv": [0, 0, 2, 1], "texture": "#8"},
				"up": {"uv": [0, 0, 3, 2], "texture": "#8"},
				"down": {"uv": [0, 0, 3, 2], "texture": "#8"}
			}
		},
		{
			"from": [6, 31, -9],
			"to": [11, 32, -7],
			"faces": {
				"north": {"uv": [0, 0, 5, 1], "texture": "#8"},
				"east": {"uv": [0, 0, 2, 1], "texture": "#8"},
				"south": {"uv": [0, 0, 5, 1], "texture": "#8"},
				"west": {"uv": [0, 0, 2, 1], "texture": "#8"},
				"up": {"uv": [0, 0, 5, 2], "texture": "#8"},
				"down": {"uv": [0, 0, 5, 2], "texture": "#8"}
			}
		},
		{
			"from": [6, 19, -9],
			"to": [11, 20, -7],
			"faces": {
				"north": {"uv": [0, 0, 5, 1], "texture": "#8"},
				"east": {"uv": [0, 0, 2, 1], "texture": "#8"},
				"south": {"uv": [0, 0, 5, 1], "texture": "#8"},
				"west": {"uv": [0, 0, 2, 1], "texture": "#8"},
				"up": {"uv": [0, 0, 5, 2], "texture": "#8"},
				"down": {"uv": [0, 0, 5, 2], "texture": "#8"}
			}
		},
		{
			"from": [0, 24, 25],
			"to": [1, 27, 27],
			"faces": {
				"north": {"uv": [0, 0, 1, 3], "texture": "#8"},
				"east": {"uv": [0, 0, 2, 3], "texture": "#8"},
				"south": {"uv": [0, 0, 1, 3], "texture": "#8"},
				"west": {"uv": [0, 0, 2, 3], "texture": "#8"},
				"up": {"uv": [0, 0, 1, 2], "texture": "#8"},
				"down": {"uv": [0, 0, 1, 2], "texture": "#8"}
			}
		},
		{
			"from": [1, 22, 25],
			"to": [2, 24, 27],
			"faces": {
				"north": {"uv": [0, 0, 1, 2], "texture": "#8"},
				"east": {"uv": [0, 0, 2, 2], "texture": "#8"},
				"south": {"uv": [0, 0, 1, 2], "texture": "#8"},
				"west": {"uv": [0, 0, 2, 2], "texture": "#8"},
				"up": {"uv": [0, 0, 1, 2], "texture": "#8"},
				"down": {"uv": [0, 0, 1, 2], "texture": "#8"}
			}
		},
		{
			"from": [2, 21, 25],
			"to": [3, 22, 27],
			"faces": {
				"north": {"uv": [0, 0, 1, 1], "texture": "#8"},
				"east": {"uv": [0, 0, 2, 1], "texture": "#8"},
				"south": {"uv": [0, 0, 1, 1], "texture": "#8"},
				"west": {"uv": [0, 0, 2, 1], "texture": "#8"},
				"up": {"uv": [0, 0, 1, 2], "texture": "#8"},
				"down": {"uv": [0, 0, 1, 2], "texture": "#8"}
			}
		},
		{
			"from": [3, 20, 25],
			"to": [6, 21, 27],
			"faces": {
				"north": {"uv": [0, 0, 3, 1], "texture": "#8"},
				"east": {"uv": [0, 0, 2, 1], "texture": "#8"},
				"south": {"uv": [0, 0, 3, 1], "texture": "#8"},
				"west": {"uv": [0, 0, 2, 1], "texture": "#8"},
				"up": {"uv": [0, 0, 3, 2], "texture": "#8"},
				"down": {"uv": [0, 0, 3, 2], "texture": "#8"}
			}
		},
		{
			"from": [6, 19, 25],
			"to": [11, 20, 27],
			"faces": {
				"north": {"uv": [0, 0, 5, 1], "texture": "#8"},
				"east": {"uv": [0, 0, 2, 1], "texture": "#8"},
				"south": {"uv": [0, 0, 5, 1], "texture": "#8"},
				"west": {"uv": [0, 0, 2, 1], "texture": "#8"},
				"up": {"uv": [0, 0, 5, 2], "texture": "#8"},
				"down": {"uv": [0, 0, 5, 2], "texture": "#8"}
			}
		},
		{
			"from": [1, 27, 25],
			"to": [2, 29, 27],
			"faces": {
				"north": {"uv": [0, 0, 1, 2], "texture": "#8"},
				"east": {"uv": [0, 0, 2, 2], "texture": "#8"},
				"south": {"uv": [0, 0, 1, 2], "texture": "#8"},
				"west": {"uv": [0, 0, 2, 2], "texture": "#8"},
				"up": {"uv": [0, 0, 1, 2], "texture": "#8"},
				"down": {"uv": [0, 0, 1, 2], "texture": "#8"}
			}
		},
		{
			"from": [2, 29, 25],
			"to": [3, 30, 27],
			"faces": {
				"north": {"uv": [0, 0, 1, 1], "texture": "#8"},
				"east": {"uv": [0, 0, 2, 1], "texture": "#8"},
				"south": {"uv": [0, 0, 1, 1], "texture": "#8"},
				"west": {"uv": [0, 0, 2, 1], "texture": "#8"},
				"up": {"uv": [0, 0, 1, 2], "texture": "#8"},
				"down": {"uv": [0, 0, 1, 2], "texture": "#8"}
			}
		},
		{
			"from": [3, 30, 25],
			"to": [6, 31, 27],
			"faces": {
				"north": {"uv": [0, 0, 3, 1], "texture": "#8"},
				"east": {"uv": [0, 0, 2, 1], "texture": "#8"},
				"south": {"uv": [0, 0, 3, 1], "texture": "#8"},
				"west": {"uv": [0, 0, 2, 1], "texture": "#8"},
				"up": {"uv": [0, 0, 3, 2], "texture": "#8"},
				"down": {"uv": [0, 0, 3, 2], "texture": "#8"}
			}
		},
		{
			"from": [6, 31, 25],
			"to": [11, 32, 27],
			"faces": {
				"north": {"uv": [0, 0, 5, 1], "texture": "#8"},
				"east": {"uv": [0, 0, 2, 1], "texture": "#8"},
				"south": {"uv": [0, 0, 5, 1], "texture": "#8"},
				"west": {"uv": [0, 0, 2, 1], "texture": "#8"},
				"up": {"uv": [0, 0, 5, 2], "texture": "#8"},
				"down": {"uv": [0, 0, 5, 2], "texture": "#8"}
			}
		},
		{
			"from": [11, 30, 25],
			"to": [14, 31, 27],
			"faces": {
				"north": {"uv": [0, 0, 3, 1], "texture": "#8"},
				"east": {"uv": [0, 0, 2, 1], "texture": "#8"},
				"south": {"uv": [0, 0, 3, 1], "texture": "#8"},
				"west": {"uv": [0, 0, 2, 1], "texture": "#8"},
				"up": {"uv": [0, 0, 3, 2], "texture": "#8"},
				"down": {"uv": [0, 0, 3, 2], "texture": "#8"}
			}
		},
		{
			"from": [14, 29, 25],
			"to": [15, 30, 27],
			"faces": {
				"north": {"uv": [0, 0, 1, 1], "texture": "#8"},
				"east": {"uv": [0, 0, 2, 1], "texture": "#8"},
				"south": {"uv": [0, 0, 1, 1], "texture": "#8"},
				"west": {"uv": [0, 0, 2, 1], "texture": "#8"},
				"up": {"uv": [0, 0, 1, 2], "texture": "#8"},
				"down": {"uv": [0, 0, 1, 2], "texture": "#8"}
			}
		},
		{
			"from": [15, 27, 25],
			"to": [16, 29, 27],
			"faces": {
				"north": {"uv": [0, 0, 1, 2], "texture": "#8"},
				"east": {"uv": [0, 0, 2, 2], "texture": "#8"},
				"south": {"uv": [0, 0, 1, 2], "texture": "#8"},
				"west": {"uv": [0, 0, 2, 2], "texture": "#8"},
				"up": {"uv": [0, 0, 1, 2], "texture": "#8"},
				"down": {"uv": [0, 0, 1, 2], "texture": "#8"}
			}
		},
		{
			"from": [16, 24, 25],
			"to": [17, 27, 27],
			"faces": {
				"north": {"uv": [0, 0, 1, 3], "texture": "#8"},
				"east": {"uv": [0, 0, 2, 3], "texture": "#8"},
				"south": {"uv": [0, 0, 1, 3], "texture": "#8"},
				"west": {"uv": [0, 0, 2, 3], "texture": "#8"},
				"up": {"uv": [0, 0, 1, 2], "texture": "#8"},
				"down": {"uv": [0, 0, 1, 2], "texture": "#8"}
			}
		},
		{
			"from": [15, 22, 25],
			"to": [16, 24, 27],
			"faces": {
				"north": {"uv": [0, 0, 1, 2], "texture": "#8"},
				"east": {"uv": [0, 0, 2, 2], "texture": "#8"},
				"south": {"uv": [0, 0, 1, 2], "texture": "#8"},
				"west": {"uv": [0, 0, 2, 2], "texture": "#8"},
				"up": {"uv": [0, 0, 1, 2], "texture": "#8"},
				"down": {"uv": [0, 0, 1, 2], "texture": "#8"}
			}
		},
		{
			"from": [14, 21, 25],
			"to": [15, 22, 27],
			"faces": {
				"north": {"uv": [0, 0, 1, 1], "texture": "#8"},
				"east": {"uv": [0, 0, 2, 1], "texture": "#8"},
				"south": {"uv": [0, 0, 1, 1], "texture": "#8"},
				"west": {"uv": [0, 0, 2, 1], "texture": "#8"},
				"up": {"uv": [0, 0, 1, 2], "texture": "#8"},
				"down": {"uv": [0, 0, 1, 2], "texture": "#8"}
			}
		},
		{
			"from": [11, 20, 25],
			"to": [14, 21, 27],
			"faces": {
				"north": {"uv": [0, 0, 3, 1], "texture": "#8"},
				"east": {"uv": [0, 0, 2, 1], "texture": "#8"},
				"south": {"uv": [0, 0, 3, 1], "texture": "#8"},
				"west": {"uv": [0, 0, 2, 1], "texture": "#8"},
				"up": {"uv": [0, 0, 3, 2], "texture": "#8"},
				"down": {"uv": [0, 0, 3, 2], "texture": "#8"}
			}
		},
		{
			"from": [6, 20, -10],
			"to": [11, 21, -9],
			"faces": {
				"north": {"uv": [0, 0, 5, 1], "texture": "#8"},
				"east": {"uv": [0, 0, 1, 1], "texture": "#8"},
				"south": {"uv": [0, 0, 5, 1], "texture": "#8"},
				"west": {"uv": [0, 0, 1, 1], "texture": "#8"},
				"up": {"uv": [0, 0, 5, 1], "texture": "#8"},
				"down": {"uv": [0, 0, 5, 1], "texture": "#8"}
			}
		},
		{
			"from": [6, 30, -10],
			"to": [11, 31, -9],
			"faces": {
				"north": {"uv": [0, 0, 5, 1], "texture": "#8"},
				"east": {"uv": [0, 0, 1, 1], "texture": "#8"},
				"south": {"uv": [0, 0, 5, 1], "texture": "#8"},
				"west": {"uv": [0, 0, 1, 1], "texture": "#8"},
				"up": {"uv": [0, 0, 5, 1], "texture": "#8"},
				"down": {"uv": [0, 0, 5, 1], "texture": "#8"}
			}
		},
		{
			"from": [3, 21, -10],
			"to": [14, 30, -9],
			"faces": {
				"north": {"uv": [0, 0, 11, 9], "texture": "#8"},
				"east": {"uv": [0, 0, 1, 9], "texture": "#8"},
				"south": {"uv": [0, 0, 11, 9], "texture": "#8"},
				"west": {"uv": [0, 0, 1, 9], "texture": "#8"},
				"up": {"uv": [0, 0, 11, 1], "texture": "#8"},
				"down": {"uv": [0, 0, 11, 1], "texture": "#8"}
			}
		},
		{
			"from": [2, 22, -10],
			"to": [3, 29, -9],
			"faces": {
				"north": {"uv": [0, 0, 1, 7], "texture": "#8"},
				"east": {"uv": [0, 0, 1, 7], "texture": "#8"},
				"south": {"uv": [0, 0, 1, 7], "texture": "#8"},
				"west": {"uv": [0, 0, 1, 7], "texture": "#8"},
				"up": {"uv": [0, 0, 1, 1], "texture": "#8"},
				"down": {"uv": [0, 0, 1, 1], "texture": "#8"}
			}
		},
		{
			"from": [14, 22, -10],
			"to": [15, 29, -9],
			"faces": {
				"north": {"uv": [0, 0, 1, 7], "texture": "#8"},
				"east": {"uv": [0, 0, 1, 7], "texture": "#8"},
				"south": {"uv": [0, 0, 1, 7], "texture": "#8"},
				"west": {"uv": [0, 0, 1, 7], "texture": "#8"},
				"up": {"uv": [0, 0, 1, 1], "texture": "#8"},
				"down": {"uv": [0, 0, 1, 1], "texture": "#8"}
			}
		},
		{
			"from": [1, 24, -10],
			"to": [2, 27, -9],
			"faces": {
				"north": {"uv": [0, 0, 1, 3], "texture": "#8"},
				"east": {"uv": [0, 0, 1, 3], "texture": "#8"},
				"south": {"uv": [0, 0, 1, 3], "texture": "#8"},
				"west": {"uv": [0, 0, 1, 3], "texture": "#8"},
				"up": {"uv": [0, 0, 1, 1], "texture": "#8"},
				"down": {"uv": [0, 0, 1, 1], "texture": "#8"}
			}
		},
		{
			"from": [1, 24, 27],
			"to": [2, 27, 28],
			"faces": {
				"north": {"uv": [0, 0, 1, 3], "texture": "#8"},
				"east": {"uv": [0, 0, 1, 3], "texture": "#8"},
				"south": {"uv": [0, 0, 1, 3], "texture": "#8"},
				"west": {"uv": [0, 0, 1, 3], "texture": "#8"},
				"up": {"uv": [0, 0, 1, 1], "texture": "#8"},
				"down": {"uv": [0, 0, 1, 1], "texture": "#8"}
			}
		},
		{
			"from": [15, 24, -10],
			"to": [16, 27, -9],
			"faces": {
				"north": {"uv": [0, 0, 1, 3], "texture": "#8"},
				"east": {"uv": [0, 0, 1, 3], "texture": "#8"},
				"south": {"uv": [0, 0, 1, 3], "texture": "#8"},
				"west": {"uv": [0, 0, 1, 3], "texture": "#8"},
				"up": {"uv": [0, 0, 1, 1], "texture": "#8"},
				"down": {"uv": [0, 0, 1, 1], "texture": "#8"}
			}
		},
		{
			"from": [15, 24, 27],
			"to": [16, 27, 28],
			"faces": {
				"north": {"uv": [0, 0, 1, 3], "texture": "#8"},
				"east": {"uv": [0, 0, 1, 3], "texture": "#8"},
				"south": {"uv": [0, 0, 1, 3], "texture": "#8"},
				"west": {"uv": [0, 0, 1, 3], "texture": "#8"},
				"up": {"uv": [0, 0, 1, 1], "texture": "#8"},
				"down": {"uv": [0, 0, 1, 1], "texture": "#8"}
			}
		},
		{
			"from": [14, 22, 27],
			"to": [15, 29, 28],
			"faces": {
				"north": {"uv": [0, 0, 1, 7], "texture": "#8"},
				"east": {"uv": [0, 0, 1, 7], "texture": "#8"},
				"south": {"uv": [0, 0, 1, 7], "texture": "#8"},
				"west": {"uv": [0, 0, 1, 7], "texture": "#8"},
				"up": {"uv": [0, 0, 1, 1], "texture": "#8"},
				"down": {"uv": [0, 0, 1, 1], "texture": "#8"}
			}
		},
		{
			"from": [3, 21, 27],
			"to": [14, 30, 28],
			"faces": {
				"north": {"uv": [0, 0, 11, 9], "texture": "#8"},
				"east": {"uv": [0, 0, 1, 9], "texture": "#8"},
				"south": {"uv": [0, 0, 11, 9], "texture": "#8"},
				"west": {"uv": [0, 0, 1, 9], "texture": "#8"},
				"up": {"uv": [0, 0, 11, 1], "texture": "#8"},
				"down": {"uv": [0, 0, 11, 1], "texture": "#8"}
			}
		},
		{
			"from": [6, 30, 27],
			"to": [11, 31, 28],
			"faces": {
				"north": {"uv": [0, 0, 5, 1], "texture": "#8"},
				"east": {"uv": [0, 0, 1, 1], "texture": "#8"},
				"south": {"uv": [0, 0, 5, 1], "texture": "#8"},
				"west": {"uv": [0, 0, 1, 1], "texture": "#8"},
				"up": {"uv": [0, 0, 5, 1], "texture": "#8"},
				"down": {"uv": [0, 0, 5, 1], "texture": "#8"}
			}
		},
		{
			"from": [2, 22, 27],
			"to": [3, 29, 28],
			"faces": {
				"north": {"uv": [0, 0, 1, 7], "texture": "#8"},
				"east": {"uv": [0, 0, 1, 7], "texture": "#8"},
				"south": {"uv": [0, 0, 1, 7], "texture": "#8"},
				"west": {"uv": [0, 0, 1, 7], "texture": "#8"},
				"up": {"uv": [0, 0, 1, 1], "texture": "#8"},
				"down": {"uv": [0, 0, 1, 1], "texture": "#8"}
			}
		},
		{
			"from": [6, 20, 27],
			"to": [11, 21, 28],
			"faces": {
				"north": {"uv": [0, 0, 5, 1], "texture": "#8"},
				"east": {"uv": [0, 0, 1, 1], "texture": "#8"},
				"south": {"uv": [0, 0, 5, 1], "texture": "#8"},
				"west": {"uv": [0, 0, 1, 1], "texture": "#8"},
				"up": {"uv": [0, 0, 5, 1], "texture": "#8"},
				"down": {"uv": [0, 0, 5, 1], "texture": "#8"}
			}
		},
		{
			"from": [0, 22, 0],
			"to": [1, 23, 18],
			"faces": {
				"north": {"uv": [0, 0, 1, 1], "texture": "#8"},
				"east": {"uv": [0, 0, 16, 1], "texture": "#8"},
				"south": {"uv": [0, 0, 1, 1], "texture": "#8"},
				"west": {"uv": [0, 0, 16, 1], "texture": "#8"},
				"up": {"uv": [0, 0, 1, 16], "texture": "#8"},
				"down": {"uv": [0, 0, 1, 16], "texture": "#8"}
			}
		},
		{
			"from": [2, 18.9, 2],
			"to": [3, 19.9, 16],
			"faces": {
				"north": {"uv": [0, 0, 1, 1], "texture": "#8"},
				"east": {"uv": [0, 0, 14, 1], "texture": "#8"},
				"south": {"uv": [0, 0, 1, 1], "texture": "#8"},
				"west": {"uv": [0, 0, 14, 1], "texture": "#8"},
				"up": {"uv": [0, 0, 1, 14], "texture": "#8"},
				"down": {"uv": [0, 0, 1, 14], "texture": "#8"}
			}
		},
		{
			"from": [2, 29, -5],
			"to": [4, 30, 23],
			"faces": {
				"north": {"uv": [0, 0, 2, 1], "texture": "#8"},
				"east": {"uv": [0, 0, 16, 1], "texture": "#8"},
				"south": {"uv": [0, 0, 2, 1], "texture": "#8"},
				"west": {"uv": [0, 0, 16, 1], "texture": "#8"},
				"up": {"uv": [0, 0, 2, 16], "texture": "#8"},
				"down": {"uv": [0, 0, 2, 16], "texture": "#8"}
			}
		},
		{
			"from": [13, 20.9, -5],
			"to": [15, 21.9, 23],
			"faces": {
				"north": {"uv": [0, 0, 2, 1], "texture": "#8"},
				"east": {"uv": [0, 0, 16, 1], "texture": "#8"},
				"south": {"uv": [0, 0, 2, 1], "texture": "#8"},
				"west": {"uv": [0, 0, 16, 1], "texture": "#8"},
				"up": {"uv": [0, 0, 2, 16], "texture": "#8"},
				"down": {"uv": [0, 0, 2, 16], "texture": "#8"}
			}
		},
		{
			"from": [13, 30, -3],
			"to": [15, 31, 21],
			"faces": {
				"north": {"uv": [0, 0, 2, 1], "texture": "#8"},
				"east": {"uv": [0, 0, 16, 1], "texture": "#8"},
				"south": {"uv": [0, 0, 2, 1], "texture": "#8"},
				"west": {"uv": [0, 0, 16, 1], "texture": "#8"},
				"up": {"uv": [0, 0, 2, 16], "texture": "#8"},
				"down": {"uv": [0, 0, 2, 16], "texture": "#8"}
			}
		},
		{
			"from": [13, 29, -5],
			"to": [15, 30, 23],
			"faces": {
				"north": {"uv": [0, 0, 2, 1], "texture": "#8"},
				"east": {"uv": [0, 0, 16, 1], "texture": "#8"},
				"south": {"uv": [0, 0, 2, 1], "texture": "#8"},
				"west": {"uv": [0, 0, 16, 1], "texture": "#8"},
				"up": {"uv": [0, 0, 2, 16], "texture": "#8"},
				"down": {"uv": [0, 0, 2, 16], "texture": "#8"}
			}
		},
		{
			"from": [14, 31, 2],
			"to": [15, 32, 16],
			"faces": {
				"north": {"uv": [0, 0, 1, 1], "texture": "#8"},
				"east": {"uv": [0, 0, 14, 1], "texture": "#8"},
				"south": {"uv": [0, 0, 1, 1], "texture": "#8"},
				"west": {"uv": [0, 0, 14, 1], "texture": "#8"},
				"up": {"uv": [0, 0, 1, 14], "texture": "#8"},
				"down": {"uv": [0, 0, 1, 14], "texture": "#8"}
			}
		},
		{
			"from": [14, 18.9, 2],
			"to": [15, 19.9, 16],
			"faces": {
				"north": {"uv": [0, 0, 1, 1], "texture": "#8"},
				"east": {"uv": [0, 0, 14, 1], "texture": "#8"},
				"south": {"uv": [0, 0, 1, 1], "texture": "#8"},
				"west": {"uv": [0, 0, 14, 1], "texture": "#8"},
				"up": {"uv": [0, 0, 1, 14], "texture": "#8"},
				"down": {"uv": [0, 0, 1, 14], "texture": "#8"}
			}
		},
		{
			"from": [13, 19.9, -3],
			"to": [15, 20.9, 21],
			"faces": {
				"north": {"uv": [0, 0, 2, 1], "texture": "#8"},
				"east": {"uv": [0, 0, 16, 1], "texture": "#8"},
				"south": {"uv": [0, 0, 2, 1], "texture": "#8"},
				"west": {"uv": [0, 0, 16, 1], "texture": "#8"},
				"up": {"uv": [0, 0, 2, 16], "texture": "#8"},
				"down": {"uv": [0, 0, 2, 16], "texture": "#8"}
			}
		},
		{
			"from": [1, 28, -5],
			"to": [3, 29, 23],
			"faces": {
				"north": {"uv": [0, 0, 2, 1], "texture": "#8"},
				"east": {"uv": [0, 0, 16, 1], "texture": "#8"},
				"south": {"uv": [0, 0, 2, 1], "texture": "#8"},
				"west": {"uv": [0, 0, 16, 1], "texture": "#8"},
				"up": {"uv": [0, 0, 2, 16], "texture": "#8"},
				"down": {"uv": [0, 0, 2, 16], "texture": "#8"}
			}
		},
		{
			"from": [0, 23, -5],
			"to": [2, 28, 23],
			"faces": {
				"north": {"uv": [0, 0, 2, 5], "texture": "#8"},
				"east": {"uv": [0, 0, 16, 5], "texture": "#8"},
				"south": {"uv": [0, 0, 2, 5], "texture": "#8"},
				"west": {"uv": [0, 0, 16, 5], "texture": "#8"},
				"up": {"uv": [0, 0, 2, 16], "texture": "#8"},
				"down": {"uv": [0, 0, 2, 16], "texture": "#8"}
			}
		},
		{
			"from": [14, 28, -5],
			"to": [16, 29, 23],
			"faces": {
				"north": {"uv": [0, 0, 2, 1], "texture": "#8"},
				"east": {"uv": [0, 0, 16, 1], "texture": "#8"},
				"south": {"uv": [0, 0, 2, 1], "texture": "#8"},
				"west": {"uv": [0, 0, 16, 1], "texture": "#8"},
				"up": {"uv": [0, 0, 2, 16], "texture": "#8"},
				"down": {"uv": [0, 0, 2, 16], "texture": "#8"}
			}
		},
		{
			"from": [14, 29, -1],
			"to": [16, 30, 19],
			"faces": {
				"north": {"uv": [0, 0, 2, 1], "texture": "#8"},
				"east": {"uv": [0, 0, 16, 1], "texture": "#8"},
				"south": {"uv": [0, 0, 2, 1], "texture": "#8"},
				"west": {"uv": [0, 0, 16, 1], "texture": "#8"},
				"up": {"uv": [0, 0, 2, 16], "texture": "#8"},
				"down": {"uv": [0, 0, 2, 16], "texture": "#8"}
			}
		},
		{
			"from": [15, 23, -5],
			"to": [17, 28, 23],
			"faces": {
				"north": {"uv": [0, 0, 2, 5], "texture": "#8"},
				"east": {"uv": [0, 0, 16, 5], "texture": "#8"},
				"south": {"uv": [0, 0, 2, 5], "texture": "#8"},
				"west": {"uv": [0, 0, 16, 5], "texture": "#8"},
				"up": {"uv": [0, 0, 2, 16], "texture": "#8"},
				"down": {"uv": [0, 0, 2, 16], "texture": "#8"}
			}
		},
		{
			"from": [14, 22, -5],
			"to": [16, 23, 23],
			"faces": {
				"north": {"uv": [0, 0, 2, 1], "texture": "#8"},
				"east": {"uv": [0, 0, 16, 1], "texture": "#8"},
				"south": {"uv": [0, 0, 2, 1], "texture": "#8"},
				"west": {"uv": [0, 0, 16, 1], "texture": "#8"},
				"up": {"uv": [0, 0, 2, 16], "texture": "#8"},
				"down": {"uv": [0, 0, 2, 16], "texture": "#8"}
			}
		},
		{
			"from": [14, 21, -1],
			"to": [16, 22, 19],
			"faces": {
				"north": {"uv": [0, 0, 2, 1], "texture": "#8"},
				"east": {"uv": [0, 0, 16, 1], "texture": "#8"},
				"south": {"uv": [0, 0, 2, 1], "texture": "#8"},
				"west": {"uv": [0, 0, 16, 1], "texture": "#8"},
				"up": {"uv": [0, 0, 2, 16], "texture": "#8"},
				"down": {"uv": [0, 0, 2, 16], "texture": "#8"}
			}
		},
		{
			"from": [3, 22, -11],
			"to": [14, 29, -10],
			"faces": {
				"north": {"uv": [0, 0, 11, 7], "texture": "#8"},
				"east": {"uv": [0, 0, 1, 7], "texture": "#8"},
				"south": {"uv": [0, 0, 11, 7], "texture": "#8"},
				"west": {"uv": [0, 0, 1, 7], "texture": "#8"},
				"up": {"uv": [0, 0, 11, 1], "texture": "#8"},
				"down": {"uv": [0, 0, 11, 1], "texture": "#8"}
			}
		},
		{
			"from": [4, 23, -12],
			"to": [13, 28, -11],
			"faces": {
				"north": {"uv": [0, 0, 9, 5], "texture": "#8"},
				"east": {"uv": [0, 0, 1, 5], "texture": "#8"},
				"south": {"uv": [0, 0, 9, 5], "texture": "#8"},
				"west": {"uv": [0, 0, 1, 5], "texture": "#8"},
				"up": {"uv": [0, 0, 9, 1], "texture": "#8"},
				"down": {"uv": [0, 0, 9, 1], "texture": "#8"}
			}
		},
		{
			"from": [5, 28, -12],
			"to": [12, 29, -11],
			"faces": {
				"north": {"uv": [0, 0, 7, 1], "texture": "#8"},
				"east": {"uv": [0, 0, 1, 1], "texture": "#8"},
				"south": {"uv": [0, 0, 7, 1], "texture": "#8"},
				"west": {"uv": [0, 0, 1, 1], "texture": "#8"},
				"up": {"uv": [0, 0, 7, 1], "texture": "#8"},
				"down": {"uv": [0, 0, 7, 1], "texture": "#8"}
			}
		},
		{
			"from": [5, 22, -12],
			"to": [12, 23, -11],
			"faces": {
				"north": {"uv": [0, 0, 7, 1], "texture": "#8"},
				"east": {"uv": [0, 0, 1, 1], "texture": "#8"},
				"south": {"uv": [0, 0, 7, 1], "texture": "#8"},
				"west": {"uv": [0, 0, 1, 1], "texture": "#8"},
				"up": {"uv": [0, 0, 7, 1], "texture": "#8"},
				"down": {"uv": [0, 0, 7, 1], "texture": "#8"}
			}
		},
		{
			"from": [5, 28, 29],
			"to": [12, 29, 30],
			"faces": {
				"north": {"uv": [0, 0, 7, 1], "texture": "#8"},
				"east": {"uv": [0, 0, 1, 1], "texture": "#8"},
				"south": {"uv": [0, 0, 7, 1], "texture": "#8"},
				"west": {"uv": [0, 0, 1, 1], "texture": "#8"},
				"up": {"uv": [0, 0, 7, 1], "texture": "#8"},
				"down": {"uv": [0, 0, 7, 1], "texture": "#8"}
			}
		},
		{
			"from": [4, 23, 29],
			"to": [13, 28, 30],
			"faces": {
				"north": {"uv": [0, 0, 9, 5], "texture": "#8"},
				"east": {"uv": [0, 0, 1, 5], "texture": "#8"},
				"south": {"uv": [0, 0, 9, 5], "texture": "#8"},
				"west": {"uv": [0, 0, 1, 5], "texture": "#8"},
				"up": {"uv": [0, 0, 9, 1], "texture": "#8"},
				"down": {"uv": [0, 0, 9, 1], "texture": "#8"}
			}
		},
		{
			"from": [5, 22, 29],
			"to": [12, 23, 30],
			"faces": {
				"north": {"uv": [0, 0, 7, 1], "texture": "#8"},
				"east": {"uv": [0, 0, 1, 1], "texture": "#8"},
				"south": {"uv": [0, 0, 7, 1], "texture": "#8"},
				"west": {"uv": [0, 0, 1, 1], "texture": "#8"},
				"up": {"uv": [0, 0, 7, 1], "texture": "#8"},
				"down": {"uv": [0, 0, 7, 1], "texture": "#8"}
			}
		},
		{
			"from": [7, 29, -11],
			"to": [10, 30, -10],
			"faces": {
				"north": {"uv": [0, 0, 3, 1], "texture": "#8"},
				"east": {"uv": [0, 0, 1, 1], "texture": "#8"},
				"south": {"uv": [0, 0, 3, 1], "texture": "#8"},
				"west": {"uv": [0, 0, 1, 1], "texture": "#8"},
				"up": {"uv": [0, 0, 3, 1], "texture": "#8"},
				"down": {"uv": [0, 0, 3, 1], "texture": "#8"}
			}
		},
		{
			"from": [7, 21, -11],
			"to": [10, 22, -10],
			"faces": {
				"north": {"uv": [0, 0, 3, 1], "texture": "#8"},
				"east": {"uv": [0, 0, 1, 1], "texture": "#8"},
				"south": {"uv": [0, 0, 3, 1], "texture": "#8"},
				"west": {"uv": [0, 0, 1, 1], "texture": "#8"},
				"up": {"uv": [0, 0, 3, 1], "texture": "#8"},
				"down": {"uv": [0, 0, 3, 1], "texture": "#8"}
			}
		},
		{
			"from": [14, 24, -11],
			"to": [15, 27, -10],
			"faces": {
				"north": {"uv": [0, 0, 1, 3], "texture": "#8"},
				"east": {"uv": [0, 0, 1, 3], "texture": "#8"},
				"south": {"uv": [0, 0, 1, 3], "texture": "#8"},
				"west": {"uv": [0, 0, 1, 3], "texture": "#8"},
				"up": {"uv": [0, 0, 1, 1], "texture": "#8"},
				"down": {"uv": [0, 0, 1, 1], "texture": "#8"}
			}
		},
		{
			"from": [2, 24, -11],
			"to": [3, 27, -10],
			"faces": {
				"north": {"uv": [0, 0, 1, 3], "texture": "#8"},
				"east": {"uv": [0, 0, 1, 3], "texture": "#8"},
				"south": {"uv": [0, 0, 1, 3], "texture": "#8"},
				"west": {"uv": [0, 0, 1, 3], "texture": "#8"},
				"up": {"uv": [0, 0, 1, 1], "texture": "#8"},
				"down": {"uv": [0, 0, 1, 1], "texture": "#8"}
			}
		},
		{
			"from": [7, 21, 28],
			"to": [10, 22, 29],
			"faces": {
				"north": {"uv": [0, 0, 3, 1], "texture": "#8"},
				"east": {"uv": [0, 0, 1, 1], "texture": "#8"},
				"south": {"uv": [0, 0, 3, 1], "texture": "#8"},
				"west": {"uv": [0, 0, 1, 1], "texture": "#8"},
				"up": {"uv": [0, 0, 3, 1], "texture": "#8"},
				"down": {"uv": [0, 0, 3, 1], "texture": "#8"}
			}
		},
		{
			"from": [2, 24, 28],
			"to": [3, 27, 29],
			"faces": {
				"north": {"uv": [0, 0, 1, 3], "texture": "#8"},
				"east": {"uv": [0, 0, 1, 3], "texture": "#8"},
				"south": {"uv": [0, 0, 1, 3], "texture": "#8"},
				"west": {"uv": [0, 0, 1, 3], "texture": "#8"},
				"up": {"uv": [0, 0, 1, 1], "texture": "#8"},
				"down": {"uv": [0, 0, 1, 1], "texture": "#8"}
			}
		},
		{
			"from": [3, 22, 28],
			"to": [14, 29, 29],
			"faces": {
				"north": {"uv": [0, 0, 11, 7], "texture": "#8"},
				"east": {"uv": [0, 0, 1, 7], "texture": "#8"},
				"south": {"uv": [0, 0, 11, 7], "texture": "#8"},
				"west": {"uv": [0, 0, 1, 7], "texture": "#8"},
				"up": {"uv": [0, 0, 11, 1], "texture": "#8"},
				"down": {"uv": [0, 0, 11, 1], "texture": "#8"}
			}
		},
		{
			"from": [7, 29, 28],
			"to": [10, 30, 29],
			"faces": {
				"north": {"uv": [0, 0, 3, 1], "texture": "#8"},
				"east": {"uv": [0, 0, 1, 1], "texture": "#8"},
				"south": {"uv": [0, 0, 3, 1], "texture": "#8"},
				"west": {"uv": [0, 0, 1, 1], "texture": "#8"},
				"up": {"uv": [0, 0, 3, 1], "texture": "#8"},
				"down": {"uv": [0, 0, 3, 1], "texture": "#8"}
			}
		},
		{
			"from": [14, 24, 28],
			"to": [15, 27, 29],
			"faces": {
				"north": {"uv": [0, 0, 1, 3], "texture": "#8"},
				"east": {"uv": [0, 0, 1, 3], "texture": "#8"},
				"south": {"uv": [0, 0, 1, 3], "texture": "#8"},
				"west": {"uv": [0, 0, 1, 3], "texture": "#8"},
				"up": {"uv": [0, 0, 1, 1], "texture": "#8"},
				"down": {"uv": [0, 0, 1, 1], "texture": "#8"}
			}
		},
		{
			"from": [7, -10, -16],
			"to": [8, -5, -4],
			"faces": {
				"east": {"uv": [0, 0, 16, 16], "rotation": 90, "texture": "#9"},
				"west": {"uv": [0, 0, 16, 16], "rotation": 270, "texture": "#9"}
			}
		},
		{
			"from": [5, -8, -16],
			"to": [10, -7, -4],
			"faces": {
				"up": {"uv": [0, 0, 16, 16], "texture": "#9"},
				"down": {"uv": [0, 0, 16, 16], "rotation": 180, "texture": "#9"}
			}
		},
		{
			"from": [-6.5, -8, -14],
			"to": [-5.5, -3, -2],
			"faces": {
				"east": {"uv": [0, 0, 16, 16], "rotation": 90, "texture": "#9"},
				"west": {"uv": [0, 0, 16, 16], "rotation": 270, "texture": "#9"}
			}
		},
		{
			"from": [-8.5, -6, -14],
			"to": [-3.5, -5, -2],
			"faces": {
				"up": {"uv": [0, 0, 16, 16], "texture": "#9"},
				"down": {"uv": [0, 0, 16, 16], "rotation": 180, "texture": "#9"}
			}
		},
		{
			"from": [19.5, -6, -14],
			"to": [24.5, -5, -2],
			"faces": {
				"up": {"uv": [0, 0, 16, 16], "texture": "#9"},
				"down": {"uv": [0, 0, 16, 16], "rotation": 180, "texture": "#9"}
			}
		},
		{
			"from": [21.5, -8, -14],
			"to": [22.5, -3, -2],
			"faces": {
				"east": {"uv": [0, 0, 16, 16], "rotation": 90, "texture": "#9"},
				"west": {"uv": [0, 0, 16, 16], "rotation": 270, "texture": "#9"}
			}
		}
	],
	"display": {
		"thirdperson_righthand": {
			"rotation": [-1, 0, 0]
		},
		"head": {
			"rotation": [0, -180, 0],
			"translation": [0, -25, 25],
			"scale": [2.4, 2.4, 2.4]
		}
	}
}