{
	"credit": "Made with Blockbench",
	"textures": {
		"0": "block/barrel_side",
		"1": "block/barrel_top",
		"2": "block/barrel_bottom",
		"4": "block/lime_concrete",
		"5": "block/jigsaw_bottom",
		"6": "block/command_block_back",
		"7": "mob_effect/regeneration",
		"16": "block/iron_block",
		"particle": "block/white_wool",
		"1_0": "block/white_wool",
		"1_1": "block/lime_wool",
		"1_2": "block/anvil",
		"1_3": "block/brown_wool",
		"1_4": "custom/terracotta",
		"1_5": "block/light_gray_wool",
		"1_6": "block/oak_planks",
		"1_7": "block/black_wool"
	},
	"elements": [
		{
			"from": [4, 0, 3],
			"to": [12, 7, 4],
			"faces": {
				"north": {"uv": [0, 0, 8, 7], "texture": "#0"},
				"east": {"uv": [0, 0, 1, 7], "texture": "#0"},
				"south": {"uv": [0, 0, 8, 7], "texture": "#0"},
				"west": {"uv": [0, 0, 1, 7], "texture": "#0"},
				"up": {"uv": [0, 0, 8, 1], "texture": "#0"},
				"down": {"uv": [0, 0, 8, 1], "texture": "#2"}
			}
		},
		{
			"from": [4, 0, 4],
			"to": [12, 4, 12],
			"faces": {
				"north": {"uv": [0, 0, 8, 5], "texture": "#2"},
				"east": {"uv": [0, 0, 8, 5], "texture": "#2"},
				"south": {"uv": [0, 0, 8, 5], "texture": "#2"},
				"west": {"uv": [0, 0, 8, 5], "texture": "#2"},
				"up": {"uv": [1, 1, 15, 15], "texture": "#2"},
				"down": {"uv": [1, 1, 15, 15], "texture": "#2"}
			}
		},
		{
			"from": [4, 0, 12],
			"to": [12, 7, 13],
			"faces": {
				"north": {"uv": [0, 0, 8, 7], "texture": "#0"},
				"east": {"uv": [0, 0, 1, 7], "texture": "#0"},
				"south": {"uv": [0, 0, 8, 7], "texture": "#0"},
				"west": {"uv": [0, 0, 1, 7], "texture": "#0"},
				"up": {"uv": [0, 0, 8, 1], "texture": "#0"},
				"down": {"uv": [0, 0, 8, 1], "texture": "#2"}
			}
		},
		{
			"from": [3, 0, 4],
			"to": [4, 7, 12],
			"faces": {
				"north": {"uv": [0, 0, 1, 7], "texture": "#0"},
				"east": {"uv": [0, 0, 8, 7], "texture": "#0"},
				"south": {"uv": [0, 0, 1, 7], "texture": "#0"},
				"west": {"uv": [0, 0, 8, 7], "texture": "#0"},
				"up": {"uv": [0, 0, 1, 8], "texture": "#0"},
				"down": {"uv": [0, 0, 1, 8], "texture": "#2"}
			}
		},
		{
			"from": [12, 0, 4],
			"to": [13, 7, 12],
			"faces": {
				"north": {"uv": [0, 0, 1, 7], "texture": "#0"},
				"east": {"uv": [0, 0, 8, 7], "texture": "#0"},
				"south": {"uv": [0, 0, 1, 7], "texture": "#0"},
				"west": {"uv": [0, 0, 8, 7], "texture": "#0"},
				"up": {"uv": [0, 0, 1, 8], "texture": "#0"},
				"down": {"uv": [0, 0, 1, 8], "texture": "#2"}
			}
		},
		{
			"from": [4, 4, 4],
			"to": [12, 5, 12],
			"rotation": {"angle": 0, "axis": "y", "origin": [0, 2, 0]},
			"faces": {
				"north": {"uv": [3, 0, 11, 1], "texture": "#5"},
				"east": {"uv": [3, 0, 11, 1], "texture": "#5"},
				"south": {"uv": [3, 0, 11, 1], "texture": "#5"},
				"west": {"uv": [3, 0, 11, 1], "texture": "#5"},
				"up": {"uv": [0, 0, 16, 16], "texture": "#5"},
				"down": {"uv": [0, 0, 16, 16], "texture": "#5"}
			}
		},
		{
			"from": [7, 5, 7],
			"to": [9, 6, 9],
			"rotation": {"angle": 0, "axis": "y", "origin": [0, -1, 0]},
			"faces": {
				"north": {"uv": [0, 0, 2, 1], "texture": "#16"},
				"east": {"uv": [0, 0, 2, 1], "texture": "#16"},
				"south": {"uv": [0, 0, 2, 1], "texture": "#16"},
				"west": {"uv": [0, 0, 2, 1], "texture": "#16"},
				"up": {"uv": [0, 0, 2, 2], "texture": "#16"},
				"down": {"uv": [0, 0, 2, 2], "texture": "#16"}
			}
		},
		{
			"from": [4, 14, 12],
			"to": [12, 21, 13],
			"faces": {
				"north": {"uv": [0, 0, 8, 7], "texture": "#0"},
				"east": {"uv": [0, 0, 1, 7], "texture": "#0"},
				"south": {"uv": [0, 0, 8, 7], "texture": "#0"},
				"west": {"uv": [0, 0, 1, 7], "texture": "#0"},
				"up": {"uv": [0, 0, 8, 1], "texture": "#1"},
				"down": {"uv": [0, 0, 8, 1], "texture": "#0"}
			}
		},
		{
			"from": [9, 16, 13],
			"to": [11, 18, 14],
			"faces": {
				"north": {"uv": [0, 0, 2, 2], "texture": "#4"},
				"east": {"uv": [0, 0, 1, 2], "texture": "#4"},
				"south": {"uv": [0, 0, 2, 2], "texture": "#4"},
				"west": {"uv": [0, 0, 1, 2], "texture": "#4"},
				"up": {"uv": [0, 0, 2, 1], "texture": "#4"},
				"down": {"uv": [0, 0, 2, 1], "texture": "#4"}
			}
		},
		{
			"from": [7, 14, 13],
			"to": [9, 20, 14],
			"faces": {
				"north": {"uv": [0, 0, 2, 6], "texture": "#4"},
				"east": {"uv": [0, 0, 1, 6], "texture": "#4"},
				"south": {"uv": [0, 0, 2, 6], "texture": "#4"},
				"west": {"uv": [0, 0, 1, 6], "texture": "#4"},
				"up": {"uv": [0, 0, 2, 1], "texture": "#4"},
				"down": {"uv": [0, 0, 2, 1], "texture": "#4"}
			}
		},
		{
			"from": [5, 16, 13],
			"to": [7, 18, 14],
			"faces": {
				"north": {"uv": [0, 0, 2, 2], "texture": "#4"},
				"east": {"uv": [0, 0, 1, 2], "texture": "#4"},
				"south": {"uv": [0, 0, 2, 2], "texture": "#4"},
				"west": {"uv": [0, 0, 1, 2], "texture": "#4"},
				"up": {"uv": [0, 0, 2, 1], "texture": "#4"},
				"down": {"uv": [0, 0, 2, 1], "texture": "#4"}
			}
		},
		{
			"from": [7, 16, 14],
			"to": [9, 18, 14.01],
			"faces": {
				"south": {"uv": [0.88889, 1.77778, 15.11111, 15.11111], "texture": "#7"}
			}
		},
		{
			"from": [6, 19, 6],
			"to": [10, 21.4, 10],
			"faces": {
				"north": {"uv": [4, 4, 8, 5], "texture": "#6"},
				"east": {"uv": [4, 4, 8, 5], "texture": "#6"},
				"south": {"uv": [4, 4, 8, 5], "texture": "#6"},
				"west": {"uv": [4, 4, 8, 5], "texture": "#6"},
				"up": {"uv": [4, 4, 13, 13], "texture": "#6"},
				"down": {"uv": [4, 4, 13, 13], "texture": "#6"}
			}
		},
		{
			"from": [4, 17, 4],
			"to": [12, 21, 12],
			"faces": {
				"north": {"uv": [0, 0, 8, 5], "texture": "#1"},
				"east": {"uv": [0, 0, 8, 5], "texture": "#1"},
				"south": {"uv": [0, 0, 8, 5], "texture": "#1"},
				"west": {"uv": [0, 0, 8, 5], "texture": "#1"},
				"up": {"uv": [1, 1, 15, 15], "texture": "#1"},
				"down": {"uv": [1, 1, 15, 15], "texture": "#5"}
			}
		},
		{
			"from": [12, 14, 4],
			"to": [13, 21, 12],
			"faces": {
				"north": {"uv": [0, 0, 1, 7], "texture": "#0"},
				"east": {"uv": [0, 0, 8, 7], "texture": "#0"},
				"south": {"uv": [0, 0, 1, 7], "texture": "#0"},
				"west": {"uv": [0, 0, 8, 7], "texture": "#0"},
				"up": {"uv": [0, 0, 1, 8], "texture": "#1"},
				"down": {"uv": [0, 0, 1, 8], "texture": "#0"}
			}
		},
		{
			"from": [14, 16, 7],
			"to": [14.01, 18, 9],
			"faces": {
				"east": {"uv": [0.88889, 1.77778, 15.11111, 15.11111], "texture": "#7"}
			}
		},
		{
			"from": [13, 16, 9],
			"to": [14, 18, 11],
			"faces": {
				"north": {"uv": [0, 0, 1, 2], "texture": "#4"},
				"east": {"uv": [0, 0, 2, 2], "texture": "#4"},
				"south": {"uv": [0, 0, 1, 2], "texture": "#4"},
				"west": {"uv": [0, 0, 2, 2], "texture": "#4"},
				"up": {"uv": [0, 0, 1, 2], "texture": "#4"},
				"down": {"uv": [0, 0, 1, 2], "texture": "#4"}
			}
		},
		{
			"from": [13, 14, 7],
			"to": [14, 20, 9],
			"faces": {
				"north": {"uv": [0, 0, 1, 6], "texture": "#4"},
				"east": {"uv": [0, 0, 2, 6], "texture": "#4"},
				"south": {"uv": [0, 0, 1, 6], "texture": "#4"},
				"west": {"uv": [0, 0, 2, 6], "texture": "#4"},
				"up": {"uv": [0, 0, 1, 2], "texture": "#4"},
				"down": {"uv": [0, 0, 1, 2], "texture": "#4"}
			}
		},
		{
			"from": [13, 16, 5],
			"to": [14, 18, 7],
			"faces": {
				"north": {"uv": [0, 0, 1, 2], "texture": "#4"},
				"east": {"uv": [0, 0, 2, 2], "texture": "#4"},
				"south": {"uv": [0, 0, 1, 2], "texture": "#4"},
				"west": {"uv": [0, 0, 2, 2], "texture": "#4"},
				"up": {"uv": [0, 0, 1, 2], "texture": "#4"},
				"down": {"uv": [0, 0, 1, 2], "texture": "#4"}
			}
		},
		{
			"from": [4, 14, 3],
			"to": [12, 21, 4],
			"faces": {
				"north": {"uv": [0, 0, 8, 7], "texture": "#0"},
				"east": {"uv": [0, 0, 1, 7], "texture": "#0"},
				"south": {"uv": [0, 0, 8, 7], "texture": "#0"},
				"west": {"uv": [0, 0, 1, 7], "texture": "#0"},
				"up": {"uv": [0, 0, 8, 1], "texture": "#1"},
				"down": {"uv": [0, 0, 8, 1], "texture": "#0"}
			}
		},
		{
			"from": [9, 16, 2],
			"to": [11, 18, 3],
			"faces": {
				"north": {"uv": [0, 0, 2, 2], "texture": "#4"},
				"east": {"uv": [0, 0, 1, 2], "texture": "#4"},
				"south": {"uv": [0, 0, 2, 2], "texture": "#4"},
				"west": {"uv": [0, 0, 1, 2], "texture": "#4"},
				"up": {"uv": [0, 0, 2, 1], "texture": "#4"},
				"down": {"uv": [0, 0, 2, 1], "texture": "#4"}
			}
		},
		{
			"from": [7, 16, 1.99],
			"to": [9, 18, 2],
			"faces": {
				"north": {"uv": [0.88889, 1.77778, 15.11111, 15.11111], "texture": "#7"}
			}
		},
		{
			"from": [5, 16, 2],
			"to": [7, 18, 3],
			"faces": {
				"north": {"uv": [0, 0, 2, 2], "texture": "#4"},
				"east": {"uv": [0, 0, 1, 2], "texture": "#4"},
				"south": {"uv": [0, 0, 2, 2], "texture": "#4"},
				"west": {"uv": [0, 0, 1, 2], "texture": "#4"},
				"up": {"uv": [0, 0, 2, 1], "texture": "#4"},
				"down": {"uv": [0, 0, 2, 1], "texture": "#4"}
			}
		},
		{
			"from": [7, 14, 2],
			"to": [9, 20, 3],
			"faces": {
				"north": {"uv": [0, 0, 2, 6], "texture": "#4"},
				"east": {"uv": [0, 0, 1, 6], "texture": "#4"},
				"south": {"uv": [0, 0, 2, 6], "texture": "#4"},
				"west": {"uv": [0, 0, 1, 6], "texture": "#4"},
				"up": {"uv": [0, 0, 2, 1], "texture": "#4"},
				"down": {"uv": [0, 0, 2, 1], "texture": "#4"}
			}
		},
		{
			"from": [3, 14, 4],
			"to": [4, 21, 12],
			"faces": {
				"north": {"uv": [0, 0, 1, 7], "texture": "#0"},
				"east": {"uv": [0, 0, 8, 7], "texture": "#0"},
				"south": {"uv": [0, 0, 1, 7], "texture": "#0"},
				"west": {"uv": [0, 0, 8, 7], "texture": "#0"},
				"up": {"uv": [0, 0, 1, 8], "texture": "#1"},
				"down": {"uv": [0, 0, 1, 8], "texture": "#0"}
			}
		},
		{
			"from": [2, 16, 5],
			"to": [3, 18, 7],
			"faces": {
				"north": {"uv": [0, 0, 1, 2], "texture": "#4"},
				"east": {"uv": [0, 0, 2, 2], "texture": "#4"},
				"south": {"uv": [0, 0, 1, 2], "texture": "#4"},
				"west": {"uv": [0, 0, 2, 2], "texture": "#4"},
				"up": {"uv": [0, 0, 1, 2], "texture": "#4"},
				"down": {"uv": [0, 0, 1, 2], "texture": "#4"}
			}
		},
		{
			"from": [2, 14, 7],
			"to": [3, 20, 9],
			"faces": {
				"north": {"uv": [0, 0, 1, 6], "texture": "#4"},
				"east": {"uv": [0, 0, 2, 6], "texture": "#4"},
				"south": {"uv": [0, 0, 1, 6], "texture": "#4"},
				"west": {"uv": [0, 0, 2, 6], "texture": "#4"},
				"up": {"uv": [0, 0, 1, 2], "texture": "#4"},
				"down": {"uv": [0, 0, 1, 2], "texture": "#4"}
			}
		},
		{
			"from": [1.99, 16, 7],
			"to": [2, 18, 9],
			"faces": {
				"west": {"uv": [0.88889, 1.77778, 15.11111, 15.11111], "texture": "#7"}
			}
		},
		{
			"from": [2, 16, 9],
			"to": [3, 18, 11],
			"faces": {
				"north": {"uv": [0, 0, 1, 2], "texture": "#4"},
				"east": {"uv": [0, 0, 2, 2], "texture": "#4"},
				"south": {"uv": [0, 0, 1, 2], "texture": "#4"},
				"west": {"uv": [0, 0, 2, 2], "texture": "#4"},
				"up": {"uv": [0, 0, 1, 2], "texture": "#4"},
				"down": {"uv": [0, 0, 1, 2], "texture": "#4"}
			}
		},
		{
			"from": [6, 6, 6],
			"to": [10, 12.2, 9],
			"rotation": {"angle": 0, "axis": "y", "origin": [1, 4, 3]},
			"faces": {
				"north": {"uv": [0, 0, 4, 6.2], "texture": "#1_5"},
				"east": {"uv": [0, 0, 3, 6.2], "texture": "#1_5"},
				"south": {"uv": [0, 0, 4, 6.2], "texture": "#1_5"},
				"west": {"uv": [0, 0, 3, 6.2], "texture": "#1_5"},
				"up": {"uv": [0, 0, 4, 3], "texture": "#1_5"},
				"down": {"uv": [0, 0, 4, 3], "texture": "#1_5"}
			}
		},
		{
			"from": [6, 6, 9],
			"to": [10, 9, 10],
			"rotation": {"angle": 0, "axis": "y", "origin": [1, 4, 3]},
			"faces": {
				"north": {"uv": [0, 0, 4, 3], "texture": "#1_5"},
				"east": {"uv": [0, 0, 1, 3], "texture": "#1_5"},
				"south": {"uv": [0, 0, 4, 3], "texture": "#1_5"},
				"west": {"uv": [0, 0, 1, 3], "texture": "#1_5"},
				"up": {"uv": [0, 0, 4, 1], "texture": "#1_5"},
				"down": {"uv": [0, 0, 4, 1], "texture": "#1_5"}
			}
		},
		{
			"from": [7.5, 9, 8.1],
			"to": [8.5, 12, 9.1],
			"rotation": {"angle": 0, "axis": "y", "origin": [1, 4, 3]},
			"faces": {
				"north": {"uv": [0, 0, 1, 3], "texture": "#1_1"},
				"east": {"uv": [0, 0, 1, 3], "texture": "#1_1"},
				"south": {"uv": [0, 0, 1, 3], "texture": "#1_1"},
				"west": {"uv": [0, 0, 1, 3], "texture": "#1_1"},
				"up": {"uv": [0, 0, 1, 1], "texture": "#1_1"},
				"down": {"uv": [0, 0, 1, 1], "texture": "#1_1"}
			}
		},
		{
			"from": [6.5, 10, 8.09],
			"to": [9.5, 11, 9.09],
			"rotation": {"angle": 0, "axis": "y", "origin": [1, 4, 3]},
			"faces": {
				"north": {"uv": [0, 0, 3, 1], "texture": "#1_1"},
				"east": {"uv": [0, 0, 1, 1], "texture": "#1_1"},
				"south": {"uv": [0, 0, 3, 1], "texture": "#1_1"},
				"west": {"uv": [0, 0, 1, 1], "texture": "#1_1"},
				"up": {"uv": [0, 0, 3, 1], "texture": "#1_1"},
				"down": {"uv": [0, 0, 3, 1], "texture": "#1_1"}
			}
		},
		{
			"from": [6, 7, 10],
			"to": [7, 8, 10.2],
			"rotation": {"angle": 0, "axis": "y", "origin": [1, 4, 3]},
			"faces": {
				"north": {"uv": [0, 0, 1, 1], "texture": "#1_2"},
				"east": {"uv": [0, 0, 0.2, 1], "texture": "#1_2"},
				"south": {"uv": [0, 0, 1, 1], "texture": "#1_2"},
				"west": {"uv": [0, 0, 0.2, 1], "texture": "#1_2"},
				"up": {"uv": [0, 0, 1, 0.2], "texture": "#1_2"},
				"down": {"uv": [0, 0, 1, 0.2], "texture": "#1_2"}
			}
		},
		{
			"from": [9, 7, 10],
			"to": [10, 8, 10.2],
			"rotation": {"angle": 0, "axis": "y", "origin": [1, 4, 3]},
			"faces": {
				"north": {"uv": [0, 0, 1, 1], "texture": "#1_2"},
				"east": {"uv": [0, 0, 0.2, 1], "texture": "#1_2"},
				"south": {"uv": [0, 0, 1, 1], "texture": "#1_2"},
				"west": {"uv": [0, 0, 0.2, 1], "texture": "#1_2"},
				"up": {"uv": [0, 0, 1, 0.2], "texture": "#1_2"},
				"down": {"uv": [0, 0, 1, 0.2], "texture": "#1_2"}
			}
		},
		{
			"from": [10, 10, 7],
			"to": [11, 11, 8],
			"rotation": {"angle": 0, "axis": "y", "origin": [1, 4, 3]},
			"faces": {
				"north": {"uv": [0, 0, 1, 1], "texture": "#1_3"},
				"east": {"uv": [0, 0, 1, 1], "texture": "#1_3"},
				"south": {"uv": [0, 0, 1, 1], "texture": "#1_3"},
				"west": {"uv": [0, 0, 1, 1], "texture": "#1_3"},
				"up": {"uv": [0, 0, 1, 1], "texture": "#1_3"},
				"down": {"uv": [0, 0, 1, 1], "texture": "#1_3"}
			}
		},
		{
			"from": [10, 7, 7],
			"to": [11, 8, 8],
			"rotation": {"angle": 0, "axis": "y", "origin": [1, 4, 3]},
			"faces": {
				"north": {"uv": [0, 0, 1, 1], "texture": "#1_3"},
				"east": {"uv": [0, 0, 1, 1], "texture": "#1_3"},
				"south": {"uv": [0, 0, 1, 1], "texture": "#1_3"},
				"west": {"uv": [0, 0, 1, 1], "texture": "#1_3"},
				"up": {"uv": [0, 0, 1, 1], "texture": "#1_3"},
				"down": {"uv": [0, 0, 1, 1], "texture": "#1_3"}
			}
		},
		{
			"from": [11, 7, 7],
			"to": [11.9, 11, 8],
			"rotation": {"angle": 0, "axis": "y", "origin": [1, 4, 3]},
			"faces": {
				"north": {"uv": [0, 0, 1, 4], "texture": "#1_3"},
				"east": {"uv": [0, 0, 1, 4], "texture": "#1_3"},
				"south": {"uv": [0, 0, 1, 4], "texture": "#1_3"},
				"west": {"uv": [0, 0, 1, 4], "texture": "#1_3"},
				"up": {"uv": [0, 0, 1, 1], "texture": "#1_3"},
				"down": {"uv": [0, 0, 1, 1], "texture": "#1_3"}
			}
		},
		{
			"from": [10, 4, 7],
			"to": [12, 9, 7.1],
			"rotation": {"angle": 45, "axis": "z", "origin": [1, 4, 3]},
			"faces": {
				"north": {"uv": [0, 0, 2, 5], "texture": "#1_0"},
				"east": {"uv": [0, 0, 0.1, 5], "texture": "#1_4"},
				"south": {"uv": [0, 0, 2, 5], "texture": "#1_4"},
				"west": {"uv": [0, 0, 0.1, 5], "texture": "#1_4"},
				"up": {"uv": [0, 0, 2, 0.1], "texture": "#1_4"},
				"down": {"uv": [0, 0, 2, 0.1], "texture": "#1_4"}
			}
		},
		{
			"from": [10, 5, 7.1],
			"to": [12, 8, 7.2],
			"rotation": {"angle": 45, "axis": "z", "origin": [1, 4, 3]},
			"faces": {
				"north": {"uv": [0, 0, 2, 3], "texture": "#1_4"},
				"east": {"uv": [0, 0, 0.1, 3], "texture": "#1_4"},
				"south": {"uv": [0, 0, 2, 3], "texture": "#1_4"},
				"west": {"uv": [0, 0, 0.1, 3], "texture": "#1_4"},
				"up": {"uv": [0, 0, 2, 0.1], "texture": "#1_4"},
				"down": {"uv": [0, 0, 2, 0.1], "texture": "#1_4"}
			}
		},
		{
			"from": [10.25, 7, 7.2],
			"to": [10.75, 7.5, 7.3],
			"rotation": {"angle": 45, "axis": "z", "origin": [1, 4, 3]},
			"faces": {
				"north": {"uv": [0, 0, 0.5, 0.5], "texture": "#1_0"},
				"east": {"uv": [0, 0, 0.1, 0.5], "texture": "#1_0"},
				"south": {"uv": [0, 0, 0.5, 0.5], "texture": "#1_0"},
				"west": {"uv": [0, 0, 0.1, 0.5], "texture": "#1_0"},
				"up": {"uv": [0, 0, 0.5, 0.1], "texture": "#1_0"},
				"down": {"uv": [0, 0, 0.5, 0.1], "texture": "#1_0"}
			}
		},
		{
			"from": [10.25, 5.5, 7.2],
			"to": [10.75, 6, 7.3],
			"rotation": {"angle": 45, "axis": "z", "origin": [1, 4, 3]},
			"faces": {
				"north": {"uv": [0, 0, 0.5, 0.5], "texture": "#1_0"},
				"east": {"uv": [0, 0, 0.1, 0.5], "texture": "#1_0"},
				"south": {"uv": [0, 0, 0.5, 0.5], "texture": "#1_0"},
				"west": {"uv": [0, 0, 0.1, 0.5], "texture": "#1_0"},
				"up": {"uv": [0, 0, 0.5, 0.1], "texture": "#1_0"},
				"down": {"uv": [0, 0, 0.5, 0.1], "texture": "#1_0"}
			}
		},
		{
			"from": [11.25, 5.5, 7.2],
			"to": [11.75, 6, 7.3],
			"rotation": {"angle": 45, "axis": "z", "origin": [1, 4, 3]},
			"faces": {
				"north": {"uv": [0, 0, 0.5, 0.5], "texture": "#1_0"},
				"east": {"uv": [0, 0, 0.1, 0.5], "texture": "#1_0"},
				"south": {"uv": [0, 0, 0.5, 0.5], "texture": "#1_0"},
				"west": {"uv": [0, 0, 0.1, 0.5], "texture": "#1_0"},
				"up": {"uv": [0, 0, 0.5, 0.1], "texture": "#1_0"},
				"down": {"uv": [0, 0, 0.5, 0.1], "texture": "#1_0"}
			}
		},
		{
			"from": [11.25, 7, 7.2],
			"to": [11.75, 7.5, 7.3],
			"rotation": {"angle": 45, "axis": "z", "origin": [1, 4, 3]},
			"faces": {
				"north": {"uv": [0, 0, 0.5, 0.5], "texture": "#1_0"},
				"east": {"uv": [0, 0, 0.1, 0.5], "texture": "#1_0"},
				"south": {"uv": [0, 0, 0.5, 0.5], "texture": "#1_0"},
				"west": {"uv": [0, 0, 0.1, 0.5], "texture": "#1_0"},
				"up": {"uv": [0, 0, 0.5, 0.1], "texture": "#1_0"},
				"down": {"uv": [0, 0, 0.5, 0.1], "texture": "#1_0"}
			}
		},
		{
			"from": [8, 9, 9],
			"to": [9, 11, 11],
			"rotation": {"angle": -22.5, "axis": "x", "origin": [1, 4, 3]},
			"faces": {
				"north": {"uv": [0, 0, 1, 2], "texture": "#1_6"},
				"east": {"uv": [0, 0, 2, 2], "texture": "#1_6"},
				"south": {"uv": [0, 0, 1, 2], "texture": "#1_6"},
				"west": {"uv": [0, 0, 2, 2], "texture": "#1_6"},
				"up": {"uv": [0, 0, 1, 2], "texture": "#1_6"},
				"down": {"uv": [0, 0, 1, 2], "texture": "#1_6"}
			}
		},
		{
			"from": [8, 11, 9],
			"to": [10, 15, 11],
			"rotation": {"angle": -22.5, "axis": "x", "origin": [1, 4, 3]},
			"faces": {
				"north": {"uv": [0, 0, 2, 4], "texture": "#1_6"},
				"east": {"uv": [0, 0, 2, 4], "texture": "#1_6"},
				"south": {"uv": [0, 0, 2, 4], "texture": "#1_6"},
				"west": {"uv": [0, 0, 2, 4], "texture": "#1_6"},
				"up": {"uv": [0, 0, 2, 2], "texture": "#1_6"},
				"down": {"uv": [0, 0, 2, 2], "texture": "#1_6"}
			}
		},
		{
			"from": [3, 11, 5.85],
			"to": [4, 14, 5.95],
			"rotation": {"angle": -22.5, "axis": "z", "origin": [1, 4, 3]},
			"faces": {
				"north": {"uv": [0, 0, 1, 3], "texture": "#1_7"},
				"east": {"uv": [0, 0, 0.1, 3], "texture": "#1_7"},
				"south": {"uv": [0, 0, 1, 3], "texture": "#1_7"},
				"west": {"uv": [0, 0, 0.1, 3], "texture": "#1_7"},
				"up": {"uv": [0, 0, 1, 0.1], "texture": "#1_7"},
				"down": {"uv": [0, 0, 1, 0.1], "texture": "#1_7"}
			}
		},
		{
			"from": [7, 12.2, 5.9],
			"to": [8, 12.3, 7.8],
			"rotation": {"angle": 0, "axis": "y", "origin": [1, 4, 3]},
			"faces": {
				"north": {"uv": [0, 0, 1, 0.1], "texture": "#1_7"},
				"east": {"uv": [0, 0, 1.9, 0.1], "texture": "#1_7"},
				"south": {"uv": [0, 0, 1, 0.1], "texture": "#1_7"},
				"west": {"uv": [0, 0, 1.9, 0.1], "texture": "#1_7"},
				"up": {"uv": [0, 0, 1, 1.9], "texture": "#1_7"},
				"down": {"uv": [0, 0, 1, 1.9], "texture": "#1_7"}
			}
		},
		{
			"from": [5.2, 7, 5.85],
			"to": [6.2, 10, 5.95],
			"rotation": {"angle": 0, "axis": "y", "origin": [1, 4, 3]},
			"faces": {
				"north": {"uv": [0, 0, 1, 3], "texture": "#1_7"},
				"east": {"uv": [0, 0, 0.1, 3], "texture": "#1_7"},
				"south": {"uv": [0, 0, 1, 3], "texture": "#1_7"},
				"west": {"uv": [0, 0, 0.1, 3], "texture": "#1_7"},
				"up": {"uv": [0, 0, 1, 0.1], "texture": "#1_7"},
				"down": {"uv": [0, 0, 1, 0.1], "texture": "#1_7"}
			}
		},
		{
			"from": [5, 9, 5.8],
			"to": [7, 11, 6],
			"rotation": {"angle": 0, "axis": "y", "origin": [1, 4, 3]},
			"faces": {
				"north": {"uv": [0, 0, 2, 2], "texture": "#1_7"},
				"east": {"uv": [0, 0, 0.2, 2], "texture": "#1_7"},
				"south": {"uv": [0, 0, 2, 2], "texture": "#1_7"},
				"west": {"uv": [0, 0, 0.2, 2], "texture": "#1_7"},
				"up": {"uv": [0, 0, 2, 0.2], "texture": "#1_7"},
				"down": {"uv": [0, 0, 2, 0.2], "texture": "#1_7"}
			}
		},
		{
			"from": [4, 6, 4],
			"to": [5, 8, 12],
			"faces": {
				"north": {"uv": [2, 1, 3, 3], "texture": "#5"},
				"east": {"uv": [2, 1, 10, 3], "texture": "#5"},
				"south": {"uv": [2, 1, 3, 3], "texture": "#5"},
				"west": {"uv": [2, 1, 10, 3], "texture": "#5"},
				"up": {"uv": [2, 1, 3, 9], "texture": "#5"},
				"down": {"uv": [3, 1, 4, 9], "texture": "#5"}
			}
		},
		{
			"from": [5, 6, 4],
			"to": [12, 8, 5],
			"faces": {
				"north": {"uv": [2, 1, 9, 3], "texture": "#5"},
				"east": {"uv": [2, 1, 3, 3], "texture": "#5"},
				"south": {"uv": [2, 1, 9, 3], "texture": "#5"},
				"west": {"uv": [2, 1, 3, 3], "texture": "#5"},
				"up": {"uv": [2, 1, 9, 2], "texture": "#5"},
				"down": {"uv": [3, 1, 10, 2], "texture": "#5"}
			}
		},
		{
			"from": [5, 13, 4],
			"to": [12, 15, 5],
			"faces": {
				"north": {"uv": [2, 1, 9, 3], "texture": "#5"},
				"east": {"uv": [2, 1, 3, 3], "texture": "#5"},
				"south": {"uv": [2, 1, 9, 3], "texture": "#5"},
				"west": {"uv": [2, 1, 3, 3], "texture": "#5"},
				"up": {"uv": [2, 1, 9, 2], "texture": "#5"},
				"down": {"uv": [3, 1, 10, 2], "texture": "#5"}
			}
		},
		{
			"from": [4, 13, 4],
			"to": [5, 15, 12],
			"faces": {
				"north": {"uv": [2, 1, 3, 3], "texture": "#5"},
				"east": {"uv": [2, 1, 10, 3], "texture": "#5"},
				"south": {"uv": [2, 1, 3, 3], "texture": "#5"},
				"west": {"uv": [2, 1, 10, 3], "texture": "#5"},
				"up": {"uv": [2, 1, 3, 9], "texture": "#5"},
				"down": {"uv": [3, 1, 4, 9], "texture": "#5"}
			}
		},
		{
			"from": [5, 6, 11],
			"to": [12, 8, 12],
			"faces": {
				"north": {"uv": [2, 1, 9, 3], "texture": "#5"},
				"east": {"uv": [2, 1, 3, 3], "texture": "#5"},
				"south": {"uv": [2, 1, 9, 3], "texture": "#5"},
				"west": {"uv": [0, 0, 1, 2], "texture": "#5"},
				"up": {"uv": [2, 1, 9, 2], "texture": "#5"},
				"down": {"uv": [3, 1, 10, 2], "texture": "#5"}
			}
		},
		{
			"from": [5, 13, 11],
			"to": [12, 15, 12],
			"faces": {
				"north": {"uv": [2, 1, 9, 3], "texture": "#5"},
				"east": {"uv": [2, 1, 3, 3], "texture": "#5"},
				"south": {"uv": [2, 1, 9, 3], "texture": "#5"},
				"west": {"uv": [0, 0, 1, 2], "texture": "#5"},
				"up": {"uv": [2, 1, 9, 2], "texture": "#5"},
				"down": {"uv": [3, 1, 10, 2], "texture": "#5"}
			}
		},
		{
			"from": [11, 6, 5],
			"to": [12, 8, 11],
			"faces": {
				"north": {"uv": [2, 1, 3, 3], "texture": "#5"},
				"east": {"uv": [2, 1, 8, 3], "texture": "#5"},
				"south": {"uv": [2, 1, 3, 3], "texture": "#5"},
				"west": {"uv": [2, 1, 8, 3], "texture": "#5"},
				"up": {"uv": [2, 1, 3, 7], "texture": "#5"},
				"down": {"uv": [3, 1, 4, 7], "texture": "#5"}
			}
		},
		{
			"from": [11, 13, 5],
			"to": [12, 15, 11],
			"faces": {
				"north": {"uv": [2, 1, 3, 3], "texture": "#5"},
				"east": {"uv": [2, 1, 8, 3], "texture": "#5"},
				"south": {"uv": [2, 1, 3, 3], "texture": "#5"},
				"west": {"uv": [1, 1, 7, 3], "texture": "#5"},
				"up": {"uv": [2, 1, 3, 7], "texture": "#5"},
				"down": {"uv": [3, 1, 4, 7], "texture": "#5"}
			}
		},
		{
			"from": [4, 8, 7.5],
			"to": [5, 13, 8.5],
			"faces": {
				"north": {"uv": [0, 0, 1, 5], "texture": "#16"},
				"east": {"uv": [0, 0, 1, 5], "texture": "#16"},
				"south": {"uv": [0, 0, 1, 5], "texture": "#16"},
				"west": {"uv": [0, 0, 1, 5], "texture": "#16"},
				"up": {"uv": [0, 0, 1, 1], "texture": "#16"},
				"down": {"uv": [0, 0, 1, 1], "texture": "#16"}
			}
		},
		{
			"from": [11, 8, 7.5],
			"to": [12, 13, 8.5],
			"faces": {
				"north": {"uv": [0, 0, 1, 5], "texture": "#16"},
				"east": {"uv": [0, 0, 1, 5], "texture": "#16"},
				"south": {"uv": [0, 0, 1, 5], "texture": "#16"},
				"west": {"uv": [0, 0, 1, 5], "texture": "#16"},
				"up": {"uv": [0, 0, 1, 1], "texture": "#16"},
				"down": {"uv": [0, 0, 1, 1], "texture": "#16"}
			}
		}
	],
	"gui_light": "front",
	"display": {
		"thirdperson_righthand": {
			"rotation": [79, 0, 90],
			"translation": [-5.25, 3.25, 0.25],
			"scale": [0.75, 0.75, 0.75]
		},
		"thirdperson_lefthand": {
			"rotation": [79, 0, 90],
			"translation": [-5.25, 3.25, 0.25],
			"scale": [0.75, 0.75, 0.75]
		},
		"firstperson_righthand": {
			"rotation": [-180, 0, 90],
			"translation": [-8.75, 4, 5.5],
			"scale": [0.4, 0.4, 0.4]
		},
		"firstperson_lefthand": {
			"rotation": [-180, 0, 90],
			"translation": [-8.75, 3.5, 5],
			"scale": [0.4, 0.4, 0.4]
		},
		"ground": {
			"translation": [-0.75, 0, 0],
			"scale": [0.39, 0.39, 0.39]
		},
		"gui": {
			"rotation": [8, 38, 49],
			"translation": [0.5, -0.25, 0],
			"scale": [0.57, 0.57, 0.57]
		},
		"head": {
			"translation": [0, -30.25, 0],
			"scale": [1.3, 1.3, 1.3]
		}
	},
	"groups": [
		0,
		1,
		2,
		3,
		4,
		5,
		6,
		{
			"name": "top",
			"origin": [0, 0, 0],
			"color": 0,
			"nbt": "{}",
			"armAnimationEnabled": false,
			"children": [7, 8, 9, 10, 11, 12, 13, 14, 15, 16, 17, 18, 19, 20, 21, 22, 23, 24, 25, 26, 27, 28]
		},
		{
			"name": "medkit",
			"origin": [8, 8, 8],
			"color": 0,
			"nbt": "{}",
			"armAnimationEnabled": false,
			"children": [29, 30, 31, 32, 33, 34, 35, 36, 37, 38, 39, 40, 41, 42, 43, 44, 45, 46, 47, 48, 49]
		},
		{
			"name": "group",
			"origin": [0, 0, 0],
			"color": 0,
			"nbt": "{}",
			"armAnimationEnabled": false,
			"children": [50, 51, 52, 53, 54, 55, 56, 57, 58, 59]
		}
	]
}