{
	"credit": "Made with Blockbench",
	"textures": {
		"0": "custom/pr_sight",
		"1": "block/chorus_plant",
		"2": "block/polished_basalt_side",
		"3": "block/structure_block",
		"4": "block/end_stone",
		"6": "block/cauldron_inner",
		"7": "block/fire_coral_block",
		"particle": "block/chorus_plant"
	},
	"elements": [
		{
			"from": [5, 7, -3],
			"to": [6, 9.3, 22],
			"rotation": {"angle": 0, "axis": "y", "origin": [13, 18, 18]},
			"faces": {
				"north": {"uv": [0, 0, 1, 2.3], "texture": "#7"},
				"east": {"uv": [0, 0, 16, 2.3], "texture": "#7"},
				"south": {"uv": [0, 0, 1, 2.3], "texture": "#7"},
				"west": {"uv": [0, 0, 16, 2.3], "texture": "#7"},
				"up": {"uv": [0, 0, 1, 16], "texture": "#7"},
				"down": {"uv": [0, 0, 1, 16], "texture": "#7"}
			}
		},
		{
			"from": [10, 7, -3],
			"to": [11, 9.3, 22],
			"rotation": {"angle": 0, "axis": "y", "origin": [18, 18, 18]},
			"faces": {
				"north": {"uv": [0, 0, 1, 2.3], "texture": "#7"},
				"east": {"uv": [0, 0, 16, 2.3], "texture": "#7"},
				"south": {"uv": [0, 0, 1, 2.3], "texture": "#7"},
				"west": {"uv": [0, 0, 16, 2.3], "texture": "#7"},
				"up": {"uv": [0, 0, 1, 16], "texture": "#7"},
				"down": {"uv": [0, 0, 1, 16], "texture": "#7"}
			}
		},
		{
			"from": [6, 7, 10],
			"to": [10, 11, 14],
			"rotation": {"angle": 0, "axis": "y", "origin": [17, 18, 18]},
			"faces": {
				"north": {"uv": [0, 0, 4, 4], "texture": "#7"},
				"east": {"uv": [0, 0, 4, 4], "texture": "#7"},
				"south": {"uv": [0, 0, 4, 4], "texture": "#7"},
				"west": {"uv": [0, 0, 4, 4], "texture": "#7"},
				"up": {"uv": [0, 0, 4, 4], "texture": "#7"},
				"down": {"uv": [0, 0, 4, 4], "texture": "#7"}
			}
		},
		{
			"from": [6, 6, -2],
			"to": [10, 8, 15],
			"rotation": {"angle": 0, "axis": "y", "origin": [17, 14, 18]},
			"faces": {
				"north": {"uv": [0, 0, 4, 2], "texture": "#7"},
				"east": {"uv": [0, 0, 16, 2], "texture": "#7"},
				"south": {"uv": [0, 0, 4, 1], "texture": "#7"},
				"west": {"uv": [0, 0, 16, 2], "texture": "#7"},
				"up": {"uv": [0, 0, 4, 16], "texture": "#7"},
				"down": {"uv": [0, 0, 4, 16], "texture": "#7"}
			}
		},
		{
			"from": [5.94, 10, 16.5],
			"to": [10.06, 11, 28.5],
			"rotation": {"angle": 0, "axis": "y", "origin": [17, 18, 22]},
			"faces": {
				"north": {"uv": [0, 0, 4, 1], "texture": "#1"},
				"east": {"uv": [0, 0, 9, 1], "texture": "#1"},
				"south": {"uv": [0, 0, 4, 1], "texture": "#1"},
				"west": {"uv": [0, 0, 9, 1], "texture": "#1"},
				"up": {"uv": [0, 0, 4, 9], "texture": "#1"},
				"down": {"uv": [0, 0, 4, 9], "texture": "#1"}
			}
		},
		{
			"from": [6, 5, 22],
			"to": [10, 9, 32],
			"rotation": {"angle": 22.5, "axis": "x", "origin": [17, 16, 25]},
			"faces": {
				"north": {"uv": [0, 0, 4, 4], "texture": "#1"},
				"east": {"uv": [0, 0, 10, 4], "texture": "#1"},
				"south": {"uv": [0, 0, 4, 4], "texture": "#1"},
				"west": {"uv": [0, 0, 10, 4], "texture": "#1"},
				"up": {"uv": [0, 0, 4, 10], "texture": "#1"},
				"down": {"uv": [0, 0, 4, 10], "texture": "#1"}
			}
		},
		{
			"from": [6, 4, 21],
			"to": [10, 5.3, 28],
			"rotation": {"angle": 22.5, "axis": "x", "origin": [17, 15, 24]},
			"faces": {
				"north": {"uv": [0, 0, 4, 4], "texture": "#1"},
				"east": {"uv": [0, 0, 10, 4], "texture": "#1"},
				"south": {"uv": [0, 0, 4, 4], "texture": "#1"},
				"west": {"uv": [0, 0, 10, 4], "texture": "#1"},
				"up": {"uv": [0, 0, 4, 10], "texture": "#1"},
				"down": {"uv": [0, 0, 4, 10], "texture": "#1"}
			}
		},
		{
			"from": [5.94, 7, 14],
			"to": [10.06, 10, 29],
			"rotation": {"angle": 0, "axis": "y", "origin": [17, 18, 22]},
			"faces": {
				"north": {"uv": [0, 0, 4, 4], "texture": "#1"},
				"east": {"uv": [0, 0, 15, 4], "texture": "#1"},
				"south": {"uv": [0, 0, 4, 4], "texture": "#1"},
				"west": {"uv": [0, 0, 15, 4], "texture": "#1"},
				"up": {"uv": [0, 0, 4, 15], "texture": "#1"},
				"down": {"uv": [0, 0, 4, 15], "texture": "#1"}
			}
		},
		{
			"from": [7, 3, 13],
			"to": [9, 10, 15],
			"rotation": {"angle": -22.5, "axis": "x", "origin": [15, 13, 21]},
			"faces": {
				"north": {"uv": [0, 0, 2, 7], "texture": "#2"},
				"east": {"uv": [0, 0, 2, 7], "texture": "#2"},
				"south": {"uv": [0, 0, 2, 7], "texture": "#2"},
				"west": {"uv": [0, 0, 2, 7], "texture": "#2"},
				"up": {"uv": [0, 0, 2, 2], "texture": "#2"},
				"down": {"uv": [0, 0, 2, 2], "texture": "#2"}
			}
		},
		{
			"from": [7, 5, 15],
			"to": [9, 10, 16],
			"rotation": {"angle": -22.5, "axis": "x", "origin": [15, 13, 22]},
			"faces": {
				"north": {"uv": [0, 0, 2, 5], "texture": "#2"},
				"east": {"uv": [0, 0, 1, 5], "texture": "#2"},
				"south": {"uv": [0, 0, 2, 5], "texture": "#2"},
				"west": {"uv": [0, 0, 1, 5], "texture": "#2"},
				"up": {"uv": [0, 0, 2, 1], "texture": "#2"},
				"down": {"uv": [0, 0, 2, 1], "texture": "#2"}
			}
		},
		{
			"from": [7.1, 4, 13.2],
			"to": [8.9, 4.2, 16.5],
			"rotation": {"angle": 0, "axis": "y", "origin": [15, 12, 23]},
			"faces": {
				"north": {"uv": [0, 0, 1.8, 0.2], "texture": "#7"},
				"east": {"uv": [0, 0, 3.3, 0.2], "texture": "#7"},
				"south": {"uv": [0, 0, 1.8, 0.2], "texture": "#7"},
				"west": {"uv": [0, 0, 3.3, 0.2], "texture": "#7"},
				"up": {"uv": [0, 0, 1.8, 3.3], "texture": "#7"},
				"down": {"uv": [0, 0, 1.8, 3.3], "texture": "#7"}
			}
		},
		{
			"from": [7.5, 7, 18],
			"to": [8.5, 9, 18.4],
			"rotation": {"angle": 22.5, "axis": "x", "origin": [15, 15, 11]},
			"faces": {
				"north": {"uv": [0, 0, 1, 2], "rotation": 180, "texture": "#3"},
				"east": {"uv": [0, 0, 2, 0.4], "rotation": 90, "texture": "#3"},
				"south": {"uv": [0, 0, 1, 2], "texture": "#3"},
				"west": {"uv": [0, 0, 2, 0.4], "rotation": 270, "texture": "#3"},
				"up": {"uv": [0, 0, 1, 0.4], "texture": "#3"},
				"down": {"uv": [0, 0, 1, 0.4], "rotation": 180, "texture": "#3"}
			}
		},
		{
			"from": [7, 4.2, 13],
			"to": [9, 6.1, 13.2],
			"rotation": {"angle": 0, "axis": "y", "origin": [15, 12, 22]},
			"faces": {
				"north": {"uv": [0, 0, 2, 1.9], "texture": "#7"},
				"east": {"uv": [0, 0, 0.2, 1.9], "texture": "#7"},
				"south": {"uv": [0, 0, 2, 1.9], "texture": "#7"},
				"west": {"uv": [0, 0, 0.2, 1.9], "texture": "#7"},
				"up": {"uv": [0, 0, 2, 0.2], "texture": "#7"},
				"down": {"uv": [0, 0, 2, 0.2], "texture": "#7"}
			}
		},
		{
			"from": [7.5, 5.2, 1],
			"to": [8.5, 6.1, 13.1],
			"rotation": {"angle": 0, "axis": "y", "origin": [14, 12, 22]},
			"faces": {
				"north": {"uv": [0, 0, 1, 0.9], "texture": "#7"},
				"east": {"uv": [0, 0, 12.2, 0.9], "texture": "#7"},
				"south": {"uv": [0, 0, 1, 0.9], "texture": "#7"},
				"west": {"uv": [0, 0, 12.2, 0.9], "texture": "#7"},
				"up": {"uv": [0, 0, 1, 12.2], "texture": "#7"},
				"down": {"uv": [0, 0, 1, 12.2], "texture": "#7"}
			}
		},
		{
			"from": [7.5, 11, 4],
			"to": [8.5, 12, 5],
			"rotation": {"angle": 0, "axis": "y", "origin": [15, 19, 12]},
			"faces": {
				"north": {"uv": [0, 0, 1, 1], "texture": "#3"},
				"east": {"uv": [0, 0, 1, 1], "texture": "#3"},
				"south": {"uv": [0, 0, 1, 1], "texture": "#3"},
				"west": {"uv": [0, 0, 1, 1], "texture": "#3"},
				"up": {"uv": [0, 0, 1, 1], "texture": "#3"},
				"down": {"uv": [0, 0, 1, 1], "texture": "#3"}
			}
		},
		{
			"from": [7.5, 11, 11],
			"to": [8.5, 12, 12],
			"rotation": {"angle": 0, "axis": "y", "origin": [15, 19, 19]},
			"faces": {
				"north": {"uv": [0, 0, 1, 1], "texture": "#3"},
				"east": {"uv": [0, 0, 1, 1], "texture": "#3"},
				"south": {"uv": [0, 0, 1, 1], "texture": "#3"},
				"west": {"uv": [0, 0, 1, 1], "texture": "#3"},
				"up": {"uv": [0, 0, 1, 1], "texture": "#3"},
				"down": {"uv": [0, 0, 1, 1], "texture": "#3"}
			}
		},
		{
			"from": [7, 12.2, -2],
			"to": [9, 14.2, 13],
			"rotation": {"angle": 0, "axis": "y", "origin": [15, 20, 19]},
			"faces": {
				"north": {"uv": [0, 0, 2, 2], "texture": "#0"},
				"east": {"uv": [0, 0, 5.303, 2], "texture": "#0"},
				"south": {"uv": [0, 0, 16, 16], "texture": "#0"},
				"west": {"uv": [0, 0, 5.303, 2], "texture": "#0"},
				"up": {"uv": [0, 0, 1.515, 2.394], "texture": "#0"},
				"down": {"uv": [0, 10.666, 1.515, 15], "texture": "#0"}
			}
		},
		{
			"from": [7, 12, -2],
			"to": [9, 12.2, 14],
			"rotation": {"angle": 0, "axis": "y", "origin": [15, 20, 19]},
			"faces": {
				"north": {"uv": [0, 0, 2, 0.2], "texture": "#3"},
				"east": {"uv": [0, 0, 15, 0.2], "texture": "#3"},
				"south": {"uv": [0, 0, 2, 0.2], "texture": "#3"},
				"west": {"uv": [0, 0, 15, 0.2], "texture": "#3"},
				"up": {"uv": [0, 0, 2, 15], "texture": "#3"},
				"down": {"uv": [0, 0, 2, 6], "texture": "#3"}
			}
		},
		{
			"from": [7, 14.2, -2],
			"to": [9, 14.4, 14],
			"rotation": {"angle": 0, "axis": "y", "origin": [15, 22, 19]},
			"faces": {
				"north": {"uv": [0, 0, 2, 0.2], "texture": "#3"},
				"east": {"uv": [0, 0, 15, 0.2], "texture": "#3"},
				"south": {"uv": [0, 0, 2, 0.2], "texture": "#3"},
				"west": {"uv": [0, 0, 15, 0.2], "texture": "#3"},
				"up": {"uv": [0, 0, 2, 6], "texture": "#3"},
				"down": {"uv": [0, 0, 1, 15], "texture": "#3"}
			}
		},
		{
			"from": [6.8, 12.2, -2],
			"to": [7, 14.2, 14],
			"rotation": {"angle": 0, "axis": "y", "origin": [15, 21, 19]},
			"faces": {
				"north": {"uv": [0, 0, 0.2, 2], "texture": "#3"},
				"east": {"uv": [0, 0, 15, 1], "texture": "#3"},
				"south": {"uv": [0, 0, 0.2, 2], "texture": "#3"},
				"west": {"uv": [0, 0, 3, 3], "texture": "#3"},
				"up": {"uv": [0, 0, 0.2, 15], "texture": "#3"},
				"down": {"uv": [0, 0, 0.2, 15], "texture": "#3"}
			}
		},
		{
			"from": [9, 12.2, -2],
			"to": [9.2, 14.2, 14],
			"rotation": {"angle": 0, "axis": "y", "origin": [17, 21, 19]},
			"faces": {
				"north": {"uv": [0, 0, 0.2, 2], "texture": "#3"},
				"east": {"uv": [0, 0, 6, 2], "texture": "#3"},
				"south": {"uv": [0, 0, 0.2, 2], "texture": "#3"},
				"west": {"uv": [0, 0, 15, 1], "texture": "#3"},
				"up": {"uv": [0, 0, 0.2, 15], "texture": "#3"},
				"down": {"uv": [0, 0, 0.2, 15], "texture": "#3"}
			}
		},
		{
			"from": [9, 8, -6],
			"to": [10, 10, 10],
			"rotation": {"angle": 0, "axis": "y", "origin": [17, 17, 3]},
			"faces": {
				"north": {"uv": [0, 0, 1, 2], "texture": "#2"},
				"east": {"uv": [0, 0, 16, 2], "texture": "#2"},
				"south": {"uv": [0, 0, 1, 2], "texture": "#2"},
				"west": {"uv": [0, 0, 16, 2], "texture": "#2"},
				"up": {"uv": [0, 0, 1, 16], "texture": "#2"},
				"down": {"uv": [0, 0, 1, 16], "texture": "#2"}
			}
		},
		{
			"from": [6, 8, -6],
			"to": [7, 10, 10],
			"rotation": {"angle": 0, "axis": "y", "origin": [14, 17, 3]},
			"faces": {
				"north": {"uv": [0, 0, 1, 2], "texture": "#2"},
				"east": {"uv": [0, 0, 16, 2], "texture": "#2"},
				"south": {"uv": [0, 0, 1, 2], "texture": "#2"},
				"west": {"uv": [0, 0, 16, 2], "texture": "#2"},
				"up": {"uv": [0, 0, 1, 16], "texture": "#2"},
				"down": {"uv": [0, 0, 1, 16], "texture": "#2"}
			}
		},
		{
			"from": [7, 8, -16],
			"to": [9, 10, 10],
			"rotation": {"angle": 0, "axis": "y", "origin": [15, 17, 3]},
			"faces": {
				"north": {"uv": [0, 0, 2, 2], "texture": "#2"},
				"east": {"uv": [0, 0, 16, 2], "texture": "#2"},
				"south": {"uv": [0, 0, 2, 2], "texture": "#2"},
				"west": {"uv": [0, 0, 16, 2], "texture": "#2"},
				"up": {"uv": [0, 0, 2, 16], "texture": "#2"},
				"down": {"uv": [0, 0, 2, 16], "texture": "#2"}
			}
		},
		{
			"from": [7, 7.7, -6],
			"to": [9, 8, 10],
			"rotation": {"angle": 0, "axis": "y", "origin": [16, 15, 3]},
			"faces": {
				"north": {"uv": [0, 0, 2, 1], "texture": "#2"},
				"east": {"uv": [0, 0, 16, 1], "texture": "#2"},
				"south": {"uv": [0, 0, 2, 1], "texture": "#2"},
				"west": {"uv": [0, 0, 16, 1], "texture": "#2"},
				"up": {"uv": [0, 0, 2, 16], "texture": "#2"},
				"down": {"uv": [0, 0, 2, 16], "texture": "#2"}
			}
		},
		{
			"from": [7, 10, -6],
			"to": [9, 10.3, 3],
			"rotation": {"angle": 0, "axis": "y", "origin": [16, 18, 3]},
			"faces": {
				"north": {"uv": [0, 0, 2, 1], "texture": "#2"},
				"east": {"uv": [0, 0, 16, 1], "texture": "#2"},
				"south": {"uv": [0, 0, 2, 1], "texture": "#2"},
				"west": {"uv": [0, 0, 16, 1], "texture": "#2"},
				"up": {"uv": [0, 0, 2, 16], "texture": "#2"},
				"down": {"uv": [0, 0, 2, 16], "texture": "#2"}
			}
		},
		{
			"from": [7, 10, 3],
			"to": [9, 11, 10],
			"rotation": {"angle": 0, "axis": "y", "origin": [16, 18, 9]},
			"faces": {
				"north": {"uv": [0, 0, 2, 1], "texture": "#2"},
				"east": {"uv": [0, 0, 6, 1], "texture": "#2"},
				"south": {"uv": [0, 0, 2, 1], "texture": "#2"},
				"west": {"uv": [0, 0, 6, 1], "texture": "#2"},
				"up": {"uv": [0, 0, 2, 6], "texture": "#2"},
				"down": {"uv": [0, 0, 2, 16], "texture": "#2"}
			}
		},
		{
			"from": [7.1, 9.4, 14.1],
			"to": [9.1, 10.2, 16.1],
			"rotation": {"angle": 0, "axis": "z", "origin": [0, 20, 22]},
			"faces": {
				"north": {"uv": [0, 0, 2, 0.8], "rotation": 180, "texture": "#4"},
				"east": {"uv": [0, 0, 2, 0.8], "texture": "#4"},
				"south": {"uv": [0, 0, 2, 0.8], "texture": "#4"},
				"west": {"uv": [0, 0, 2, 0.8], "texture": "#4"},
				"up": {"uv": [0, 0, 16, 16], "rotation": 270, "texture": "#6"},
				"down": {"uv": [0, 0, 2, 2], "rotation": 270, "texture": "#4"}
			}
		}
	],
	"display": {
		"thirdperson_righthand": {
			"translation": [0, 1.75, -2.5],
			"scale": [0.48, 0.48, 0.48]
		},
		"thirdperson_lefthand": {
			"translation": [0, 1, -2.75],
			"scale": [0.48, 0.48, 0.48]
		},
		"firstperson_righthand": {
			"rotation": [0, 0, 28],
			"translation": [4, 11.25, -7.25],
			"scale": [0.73, 0.73, 0.73]
		},
		"firstperson_lefthand": {
			"rotation": [0, 0, 28],
			"translation": [6.5, 11.25, -7.25],
			"scale": [0.73, 0.73, 0.73]
		},
		"ground": {
			"translation": [0, 2, 0],
			"scale": [0.74, 0.74, 0.74]
		},
		"gui": {
			"rotation": [32, 150, -4],
			"scale": [0.58, 0.58, 0.58]
		}
	},
	"groups": [
		{
			"name": "stock",
			"origin": [8, 8, 8],
			"color": 0,
			"children": [0, 1, 2, 3, 4, 5, 6, 7, 8, 9, 10, 11, 12, 13, 14, 15, 16, 17, 18, 19, 20]
		},
		{
			"name": "barrel",
			"origin": [8, 8, 8],
			"color": 0,
			"children": [21, 22, 23, 24, 25, 26]
		},
		27
	]
}