{
	"credit": "Made with Blockbench",
	"textures": {
		"0": "block/target_side",
		"2": "block/chorus_plant",
		"3": "block/lime_glazed_terracotta",
		"7": "block/netherite_block",
		"8": "block/iron_block",
		"9": "block/stonecutter_bottom",
		"10": "block/bone_block_side",
		"11": "custom/blackstone",
		"13": "block/command_block_back",
		"14": "block/lime_wool",
		"15": "block/green_wool",
		"16": "block/redstone_lamp_on",
		"17": "item/knowledge_book",
		"18": "block/end_stone_bricks",
		"particle": "block/target_side"
	},
	"elements": [
		{
			"from": [3, 7, 2],
			"to": [14, 14, 14],
			"faces": {
				"north": {"uv": [0, 0, 11, 7], "texture": "#3"},
				"east": {"uv": [0, 0, 12, 7], "texture": "#3"},
				"south": {"uv": [0, 0, 11, 7], "texture": "#3"},
				"west": {"uv": [0, 0, 12, 7], "texture": "#3"},
				"up": {"uv": [0, 0, 11, 12], "texture": "#3"},
				"down": {"uv": [0, 0, 11, 12], "texture": "#3"}
			}
		},
		{
			"from": [6, 14, 3],
			"to": [11, 20, 12],
			"faces": {
				"north": {"uv": [0, 0, 5, 6], "texture": "#3"},
				"east": {"uv": [0, 0, 9, 6], "texture": "#3"},
				"south": {"uv": [0, 0, 5, 6], "texture": "#3"},
				"west": {"uv": [0, 0, 9, 6], "texture": "#3"},
				"up": {"uv": [0, 0, 5, 9], "texture": "#3"},
				"down": {"uv": [0, 0, 5, 9], "texture": "#3"}
			}
		},
		{
			"from": [6, 14, -1],
			"to": [11, 20, 3],
			"faces": {
				"north": {"uv": [0, 0, 5, 6], "texture": "#3"},
				"east": {"uv": [0, 0, 4, 6], "texture": "#3"},
				"south": {"uv": [0, 0, 5, 6], "texture": "#3"},
				"west": {"uv": [0, 0, 4, 6], "texture": "#3"},
				"up": {"uv": [0, 0, 5, 4], "texture": "#3"},
				"down": {"uv": [0, 0, 5, 4], "texture": "#3"}
			}
		},
		{
			"from": [11, 14, 3],
			"to": [13, 20, 12],
			"faces": {
				"north": {"uv": [0, 0, 2, 6], "texture": "#3"},
				"east": {"uv": [0, 0, 9, 6], "texture": "#3"},
				"south": {"uv": [0, 0, 2, 6], "texture": "#3"},
				"west": {"uv": [0, 0, 9, 6], "texture": "#3"},
				"up": {"uv": [0, 0, 2, 9], "texture": "#3"},
				"down": {"uv": [0, 0, 2, 9], "texture": "#3"}
			}
		},
		{
			"from": [13, 15, 3],
			"to": [19, 20, 7],
			"faces": {
				"north": {"uv": [0, 0, 6, 5], "texture": "#3"},
				"east": {"uv": [0, 0, 4, 5], "texture": "#3"},
				"south": {"uv": [0, 0, 6, 5], "texture": "#3"},
				"west": {"uv": [0, 0, 4, 5], "texture": "#3"},
				"up": {"uv": [0, 0, 6, 4], "texture": "#3"},
				"down": {"uv": [0, 0, 6, 4], "texture": "#3"}
			}
		},
		{
			"from": [-2, 15, 3],
			"to": [4, 20, 7],
			"faces": {
				"north": {"uv": [0, 0, 6, 5], "texture": "#3"},
				"east": {"uv": [0, 0, 4, 5], "texture": "#3"},
				"south": {"uv": [0, 0, 6, 5], "texture": "#3"},
				"west": {"uv": [0, 0, 4, 5], "texture": "#3"},
				"up": {"uv": [0, 0, 6, 4], "texture": "#3"},
				"down": {"uv": [0, 0, 6, 4], "texture": "#3"}
			}
		},
		{
			"from": [4, 14, 3],
			"to": [6, 20, 12],
			"faces": {
				"north": {"uv": [0, 0, 2, 6], "texture": "#3"},
				"east": {"uv": [0, 0, 9, 6], "texture": "#3"},
				"south": {"uv": [0, 0, 2, 6], "texture": "#3"},
				"west": {"uv": [0, 0, 9, 6], "texture": "#3"},
				"up": {"uv": [0, 0, 2, 9], "texture": "#3"},
				"down": {"uv": [0, 0, 2, 9], "texture": "#3"}
			}
		},
		{
			"from": [5.5, 16, 17],
			"to": [7.5, 18, 19],
			"faces": {
				"north": {"uv": [0, 0, 2, 2], "texture": "#11"},
				"east": {"uv": [0, 0, 2, 2], "rotation": 270, "texture": "#11"},
				"south": {"uv": [0, 0, 2, 2], "rotation": 180, "texture": "#11"},
				"west": {"uv": [0, 0, 2, 2], "rotation": 90, "texture": "#11"},
				"up": {"uv": [0, 0, 2, 2], "rotation": 180, "texture": "#11"},
				"down": {"uv": [0, 0, 2, 2], "texture": "#11"}
			}
		},
		{
			"from": [9.5, 16, 17],
			"to": [11.5, 18, 19],
			"faces": {
				"north": {"uv": [0, 0, 2, 2], "texture": "#11"},
				"east": {"uv": [0, 0, 2, 2], "rotation": 270, "texture": "#11"},
				"south": {"uv": [0, 0, 2, 2], "rotation": 180, "texture": "#11"},
				"west": {"uv": [0, 0, 2, 2], "rotation": 90, "texture": "#11"},
				"up": {"uv": [0, 0, 2, 2], "rotation": 180, "texture": "#11"},
				"down": {"uv": [0, 0, 2, 2], "texture": "#11"}
			}
		},
		{
			"from": [5.5, 18, 17],
			"to": [11.5, 20, 18],
			"faces": {
				"north": {"uv": [0, 0, 6, 2], "texture": "#10"},
				"east": {"uv": [0, 0, 2, 1], "rotation": 270, "texture": "#10"},
				"south": {"uv": [0, 0, 6, 2], "rotation": 180, "texture": "#10"},
				"west": {"uv": [0, 0, 2, 1], "rotation": 90, "texture": "#10"},
				"up": {"uv": [0, 0, 6, 1], "rotation": 180, "texture": "#10"},
				"down": {"uv": [0, 0, 6, 1], "texture": "#10"}
			}
		},
		{
			"from": [7.5, 16, 17],
			"to": [9.5, 18, 18],
			"faces": {
				"north": {"uv": [0, 0, 2, 2], "texture": "#10"},
				"east": {"uv": [0, 0, 2, 1], "rotation": 270, "texture": "#10"},
				"south": {"uv": [0, 0, 2, 2], "rotation": 180, "texture": "#10"},
				"west": {"uv": [0, 0, 2, 1], "rotation": 90, "texture": "#10"},
				"up": {"uv": [0, 0, 2, 1], "rotation": 180, "texture": "#10"},
				"down": {"uv": [0, 0, 2, 1], "texture": "#10"}
			}
		},
		{
			"from": [11.5, 16, 12],
			"to": [12.5, 20, 18],
			"faces": {
				"north": {"uv": [0, 0, 1, 4], "texture": "#10"},
				"east": {"uv": [0, 0, 4, 6], "rotation": 270, "texture": "#10"},
				"south": {"uv": [0, 0, 1, 4], "rotation": 180, "texture": "#10"},
				"west": {"uv": [0, 0, 4, 6], "rotation": 90, "texture": "#10"},
				"up": {"uv": [0, 0, 1, 6], "rotation": 180, "texture": "#10"},
				"down": {"uv": [0, 0, 1, 6], "texture": "#10"}
			}
		},
		{
			"from": [4.5, 20, 12],
			"to": [12.5, 21, 17],
			"faces": {
				"north": {"uv": [0, 0, 8, 1], "texture": "#10"},
				"east": {"uv": [0, 0, 1, 5], "rotation": 270, "texture": "#10"},
				"south": {"uv": [0, 0, 8, 1], "rotation": 180, "texture": "#10"},
				"west": {"uv": [0, 0, 1, 5], "rotation": 90, "texture": "#10"},
				"up": {"uv": [0, 0, 8, 5], "rotation": 180, "texture": "#10"},
				"down": {"uv": [0, 0, 8, 5], "texture": "#10"}
			}
		},
		{
			"from": [5.5, 20, 17],
			"to": [11.5, 21, 18],
			"faces": {
				"north": {"uv": [0, 0, 6, 1], "texture": "#10"},
				"east": {"uv": [0, 0, 1, 1], "rotation": 270, "texture": "#10"},
				"south": {"uv": [0, 0, 6, 1], "rotation": 180, "texture": "#10"},
				"west": {"uv": [0, 0, 1, 1], "rotation": 90, "texture": "#10"},
				"up": {"uv": [0, 0, 6, 1], "rotation": 180, "texture": "#10"},
				"down": {"uv": [0, 0, 6, 1], "texture": "#10"}
			}
		},
		{
			"from": [4.5, 15, 12],
			"to": [12.5, 16, 18],
			"faces": {
				"north": {"uv": [0, 0, 8, 1], "texture": "#10"},
				"east": {"uv": [0, 0, 1, 6], "rotation": 270, "texture": "#10"},
				"south": {"uv": [0, 0, 8, 1], "rotation": 180, "texture": "#10"},
				"west": {"uv": [0, 0, 1, 6], "rotation": 90, "texture": "#10"},
				"up": {"uv": [0, 0, 8, 6], "rotation": 180, "texture": "#10"},
				"down": {"uv": [0, 0, 8, 6], "texture": "#10"}
			}
		},
		{
			"from": [6.5, 14, 16],
			"to": [10.5, 15, 18],
			"faces": {
				"north": {"uv": [0, 0, 4, 1], "texture": "#10"},
				"east": {"uv": [0, 0, 1, 2], "rotation": 270, "texture": "#10"},
				"south": {"uv": [0, 0, 4, 1], "rotation": 180, "texture": "#10"},
				"west": {"uv": [0, 0, 1, 2], "rotation": 90, "texture": "#10"},
				"up": {"uv": [0, 0, 4, 2], "rotation": 180, "texture": "#10"},
				"down": {"uv": [0, 0, 4, 2], "texture": "#10"}
			}
		},
		{
			"from": [6.5, 13, 16],
			"to": [7.5, 14, 18],
			"faces": {
				"north": {"uv": [0, 0, 1, 1], "texture": "#10"},
				"east": {"uv": [0, 0, 1, 2], "rotation": 270, "texture": "#10"},
				"south": {"uv": [0, 0, 1, 1], "rotation": 180, "texture": "#10"},
				"west": {"uv": [0, 0, 1, 2], "rotation": 90, "texture": "#10"},
				"up": {"uv": [0, 0, 1, 2], "rotation": 180, "texture": "#10"},
				"down": {"uv": [0, 0, 1, 2], "texture": "#10"}
			}
		},
		{
			"from": [7, 13, 13],
			"to": [9, 14, 14],
			"color": 7,
			"faces": {
				"north": {"uv": [0, 0, 2, 1], "texture": "#missing"},
				"east": {"uv": [0, 0, 1, 1], "rotation": 270, "texture": "#missing"},
				"south": {"uv": [0, 0, 2, 1], "rotation": 180, "texture": "#missing"},
				"west": {"uv": [0, 0, 1, 1], "rotation": 90, "texture": "#missing"},
				"up": {"uv": [0, 0, 2, 1], "rotation": 180, "texture": "#missing"},
				"down": {"uv": [0, 0, 2, 1], "texture": "#missing"}
			}
		},
		{
			"from": [7.5, 14, 12],
			"to": [9.5, 15, 14],
			"faces": {
				"north": {"uv": [0, 0, 2, 1], "texture": "#10"},
				"east": {"uv": [0, 0, 1, 2], "rotation": 270, "texture": "#10"},
				"south": {"uv": [0, 0, 2, 1], "rotation": 180, "texture": "#10"},
				"west": {"uv": [0, 0, 1, 2], "rotation": 90, "texture": "#10"},
				"up": {"uv": [0, 0, 2, 2], "rotation": 180, "texture": "#10"},
				"down": {"uv": [0, 0, 2, 2], "texture": "#10"}
			}
		},
		{
			"from": [5.5, 13, 14],
			"to": [11.5, 15, 16],
			"faces": {
				"north": {"uv": [0, 0, 6, 2], "texture": "#10"},
				"east": {"uv": [0, 0, 2, 2], "rotation": 270, "texture": "#10"},
				"south": {"uv": [0, 0, 6, 2], "rotation": 180, "texture": "#10"},
				"west": {"uv": [0, 0, 2, 2], "rotation": 90, "texture": "#10"},
				"up": {"uv": [0, 0, 6, 2], "rotation": 180, "texture": "#10"},
				"down": {"uv": [0, 0, 6, 2], "texture": "#10"}
			}
		},
		{
			"from": [9.5, 13, 16],
			"to": [10.5, 14, 18],
			"faces": {
				"north": {"uv": [0, 0, 1, 1], "texture": "#10"},
				"east": {"uv": [0, 0, 1, 2], "rotation": 270, "texture": "#10"},
				"south": {"uv": [0, 0, 1, 1], "rotation": 180, "texture": "#10"},
				"west": {"uv": [0, 0, 1, 2], "rotation": 90, "texture": "#10"},
				"up": {"uv": [0, 0, 1, 2], "rotation": 180, "texture": "#10"},
				"down": {"uv": [0, 0, 1, 2], "texture": "#10"}
			}
		},
		{
			"from": [4.5, 16, 12],
			"to": [5.5, 20, 18],
			"faces": {
				"north": {"uv": [0, 0, 1, 4], "texture": "#10"},
				"east": {"uv": [0, 0, 4, 6], "rotation": 270, "texture": "#10"},
				"south": {"uv": [0, 0, 1, 4], "rotation": 180, "texture": "#10"},
				"west": {"uv": [0, 0, 4, 6], "rotation": 90, "texture": "#10"},
				"up": {"uv": [0, 0, 1, 6], "rotation": 180, "texture": "#10"},
				"down": {"uv": [0, 0, 1, 6], "texture": "#10"}
			}
		},
		{
			"from": [14, 10, 6],
			"to": [15, 13, 9],
			"faces": {
				"north": {"uv": [5, 3, 7, 6], "texture": "#8"},
				"east": {"uv": [3, 3, 6, 6], "texture": "#8"},
				"south": {"uv": [5, 4, 7, 7], "texture": "#8"},
				"west": {"uv": [3, 3, 6, 6], "texture": "#8"},
				"up": {"uv": [3, 2, 5, 5], "texture": "#8"},
				"down": {"uv": [4, 3, 6, 6], "texture": "#8"}
			}
		},
		{
			"from": [-1, 13, 4],
			"to": [1, 15, 6],
			"faces": {
				"north": {"uv": [5, 3, 7, 5], "texture": "#8"},
				"east": {"uv": [3, 3, 5, 5], "texture": "#8"},
				"south": {"uv": [5, 4, 7, 6], "texture": "#8"},
				"west": {"uv": [3, 3, 5, 5], "texture": "#8"},
				"up": {"uv": [3, 2, 5, 4], "texture": "#8"},
				"down": {"uv": [4, 3, 6, 5], "texture": "#8"}
			}
		},
		{
			"from": [15, 11, 7],
			"to": [18, 13, 11],
			"faces": {
				"north": {"uv": [5, 3, 7, 5], "texture": "#8"},
				"east": {"uv": [3, 3, 7, 5], "texture": "#8"},
				"south": {"uv": [5, 4, 7, 6], "texture": "#8"},
				"west": {"uv": [3, 3, 7, 5], "texture": "#8"},
				"up": {"uv": [3, 2, 5, 6], "texture": "#8"},
				"down": {"uv": [4, 3, 6, 7], "texture": "#8"}
			}
		},
		{
			"from": [2, 10, 6],
			"to": [3, 13, 9],
			"faces": {
				"north": {"uv": [5, 3, 7, 6], "texture": "#8"},
				"east": {"uv": [3, 3, 6, 6], "texture": "#8"},
				"south": {"uv": [5, 4, 7, 7], "texture": "#8"},
				"west": {"uv": [3, 3, 6, 6], "texture": "#8"},
				"up": {"uv": [3, 2, 5, 5], "texture": "#8"},
				"down": {"uv": [4, 3, 6, 6], "texture": "#8"}
			}
		},
		{
			"from": [7, -8, 7],
			"to": [10, 7, 10],
			"faces": {
				"north": {"uv": [3, 0, 6, 15], "texture": "#9"},
				"east": {"uv": [4, 0, 7, 15], "texture": "#9"},
				"south": {"uv": [3, 0, 6, 15], "texture": "#9"},
				"west": {"uv": [4, 0, 7, 15], "texture": "#9"},
				"up": {"uv": [3, 3, 6, 6], "texture": "#9"},
				"down": {"uv": [4, 2, 7, 5], "texture": "#9"}
			}
		},
		{
			"from": [4, -12, 10],
			"to": [6, -10, 12],
			"faces": {
				"north": {"uv": [2, 2, 4, 4], "texture": "#8"},
				"east": {"uv": [2, 2, 4, 4], "texture": "#8"},
				"south": {"uv": [2, 2, 4, 4], "texture": "#8"},
				"west": {"uv": [2, 2, 4, 4], "texture": "#8"},
				"up": {"uv": [2, 2, 4, 4], "texture": "#8"},
				"down": {"uv": [2, 2, 4, 4], "texture": "#8"}
			}
		},
		{
			"from": [4, -12, 4],
			"to": [6, -10, 6],
			"faces": {
				"north": {"uv": [2, 2, 4, 4], "texture": "#8"},
				"east": {"uv": [2, 2, 4, 4], "texture": "#8"},
				"south": {"uv": [2, 2, 4, 4], "texture": "#8"},
				"west": {"uv": [2, 2, 4, 4], "texture": "#8"},
				"up": {"uv": [2, 2, 4, 4], "texture": "#8"},
				"down": {"uv": [2, 2, 4, 4], "texture": "#8"}
			}
		},
		{
			"from": [11, -12, 4],
			"to": [13, -10, 6],
			"faces": {
				"north": {"uv": [2, 2, 4, 4], "texture": "#8"},
				"east": {"uv": [2, 2, 4, 4], "texture": "#8"},
				"south": {"uv": [2, 2, 4, 4], "texture": "#8"},
				"west": {"uv": [2, 2, 4, 4], "texture": "#8"},
				"up": {"uv": [2, 2, 4, 4], "texture": "#8"},
				"down": {"uv": [2, 2, 4, 4], "texture": "#8"}
			}
		},
		{
			"from": [11, -12, 10],
			"to": [13, -10, 12],
			"faces": {
				"north": {"uv": [2, 2, 4, 4], "texture": "#8"},
				"east": {"uv": [2, 2, 4, 4], "texture": "#8"},
				"south": {"uv": [2, 2, 4, 4], "texture": "#8"},
				"west": {"uv": [2, 2, 4, 4], "texture": "#8"},
				"up": {"uv": [2, 2, 4, 4], "texture": "#8"},
				"down": {"uv": [2, 2, 4, 4], "texture": "#8"}
			}
		},
		{
			"from": [4, -10, 4],
			"to": [13, -8, 12],
			"faces": {
				"north": {"uv": [3, 3, 12, 5], "texture": "#9"},
				"east": {"uv": [3, 3, 11, 5], "texture": "#9"},
				"south": {"uv": [3, 3, 12, 5], "texture": "#9"},
				"west": {"uv": [3, 3, 11, 5], "texture": "#9"},
				"up": {"uv": [3, 3, 12, 11], "texture": "#9"},
				"down": {"uv": [3, 3, 12, 11], "texture": "#9"}
			}
		},
		{
			"from": [0, -16, -1],
			"to": [17, -12, 17],
			"faces": {
				"north": {"uv": [0, 0, 16, 4], "texture": "#9"},
				"east": {"uv": [0, 0, 16, 4], "texture": "#9"},
				"south": {"uv": [0, 0, 16, 4], "texture": "#9"},
				"west": {"uv": [0, 0, 16, 4], "texture": "#9"},
				"up": {"uv": [0, 0, 16, 16], "texture": "#9"},
				"down": {"uv": [0, 0, 16, 16], "texture": "#9"}
			}
		},
		{
			"from": [6, 14, -2],
			"to": [11, 19, -1],
			"faces": {
				"north": {"uv": [4, 4, 13, 13], "texture": "#13"},
				"east": {"uv": [5, 8, 6, 12], "texture": "#13"},
				"south": {"uv": [4, 4, 6, 7], "texture": "#13"},
				"west": {"uv": [5, 6, 6, 10], "texture": "#13"},
				"up": {"uv": [7, 5, 11, 6], "texture": "#13"},
				"down": {"uv": [5, 5, 9, 6], "texture": "#13"}
			}
		},
		{
			"from": [5, 21, 12],
			"to": [12, 24, 17],
			"faces": {
				"north": {"uv": [0, 0, 7, 3], "texture": "#14"},
				"east": {"uv": [0, 0, 5, 3], "texture": "#14"},
				"south": {"uv": [0, 0, 7, 3], "texture": "#14"},
				"west": {"uv": [0, 0, 5, 3], "texture": "#14"},
				"up": {"uv": [0, 0, 7, 5], "texture": "#14"},
				"down": {"uv": [0, 0, 7, 5], "texture": "#14"}
			}
		},
		{
			"from": [18.3, 11.6, 13],
			"to": [19.3, 14.6, 17],
			"rotation": {"angle": 45, "axis": "z", "origin": [0, 0, 0]},
			"faces": {
				"north": {"uv": [0, 0, 1, 3], "texture": "#15"},
				"east": {"uv": [0, 0, 4, 3], "texture": "#14"},
				"south": {"uv": [0, 0, 1, 3], "texture": "#15"},
				"west": {"uv": [0, 0, 4, 3], "texture": "#14"},
				"up": {"uv": [0, 0, 1, 4], "texture": "#15"},
				"down": {"uv": [0, 0, 1, 4], "texture": "#14"}
			}
		},
		{
			"from": [-7.3, 23.6, 13],
			"to": [-6.3, 26.6, 17],
			"rotation": {"angle": -45, "axis": "z", "origin": [0, 0, 0]},
			"faces": {
				"north": {"uv": [0, 0, 1, 3], "texture": "#15"},
				"east": {"uv": [0, 0, 4, 3], "texture": "#14"},
				"south": {"uv": [0, 0, 1, 3], "texture": "#15"},
				"west": {"uv": [0, 0, 4, 3], "texture": "#14"},
				"up": {"uv": [0, 0, 1, 4], "texture": "#15"},
				"down": {"uv": [0, 0, 1, 4], "texture": "#14"}
			}
		},
		{
			"from": [5, 26, 7],
			"to": [12, 30, 8],
			"rotation": {"angle": 22.5, "axis": "x", "origin": [0, 0, 0]},
			"faces": {
				"north": {"uv": [0, 0, 7, 4], "texture": "#14"},
				"east": {"uv": [0, 0, 1, 4], "texture": "#15"},
				"south": {"uv": [0, 0, 7, 4], "texture": "#14"},
				"west": {"uv": [0, 0, 1, 4], "texture": "#15"},
				"up": {"uv": [0, 0, 7, 1], "texture": "#15"},
				"down": {"uv": [0, 0, 7, 1], "texture": "#14"}
			}
		},
		{
			"from": [5, 20, 9],
			"to": [7, 20.5, 11],
			"faces": {
				"north": {"uv": [0, 0, 2, 0.5], "texture": "#16"},
				"east": {"uv": [0, 0, 2, 0.5], "texture": "#16"},
				"south": {"uv": [0, 0, 2, 0.5], "texture": "#16"},
				"west": {"uv": [0, 0, 2, 0.5], "texture": "#16"},
				"up": {"uv": [0, 0, 16, 16], "texture": "#16"},
				"down": {"uv": [0, 0, 2, 2], "texture": "#16"}
			}
		},
		{
			"from": [5, 20, 6],
			"to": [7, 20.5, 8],
			"faces": {
				"north": {"uv": [0, 0, 2, 0.5], "texture": "#16"},
				"east": {"uv": [0, 0, 2, 0.5], "texture": "#16"},
				"south": {"uv": [0, 0, 2, 0.5], "texture": "#16"},
				"west": {"uv": [0, 0, 2, 0.5], "texture": "#16"},
				"up": {"uv": [0, 0, 16, 16], "texture": "#16"},
				"down": {"uv": [0, 0, 2, 2], "texture": "#16"}
			}
		},
		{
			"from": [5, 20, 3],
			"to": [7, 20.5, 5],
			"faces": {
				"north": {"uv": [0, 0, 2, 0.5], "texture": "#16"},
				"east": {"uv": [0, 0, 2, 0.5], "texture": "#16"},
				"south": {"uv": [0, 0, 2, 0.5], "texture": "#16"},
				"west": {"uv": [0, 0, 2, 0.5], "texture": "#16"},
				"up": {"uv": [0, 0, 16, 16], "texture": "#16"},
				"down": {"uv": [0, 0, 2, 2], "texture": "#16"}
			}
		},
		{
			"from": [14, 20, 4],
			"to": [15, 26, 5],
			"faces": {
				"north": {"uv": [0, 0, 1, 6], "texture": "#2"},
				"east": {"uv": [0, 0, 1, 6], "texture": "#2"},
				"south": {"uv": [0, 0, 1, 6], "texture": "#2"},
				"west": {"uv": [0, 0, 1, 6], "texture": "#2"},
				"up": {"uv": [0, 0, 1, 1], "texture": "#2"},
				"down": {"uv": [0, 0, 1, 1], "texture": "#2"}
			}
		},
		{
			"from": [12, 20, 6],
			"to": [13, 24, 7],
			"faces": {
				"north": {"uv": [0, 0, 1, 4], "texture": "#2"},
				"east": {"uv": [0, 0, 1, 4], "texture": "#2"},
				"south": {"uv": [0, 0, 1, 4], "texture": "#2"},
				"west": {"uv": [0, 0, 1, 4], "texture": "#2"},
				"up": {"uv": [0, 0, 1, 1], "texture": "#2"},
				"down": {"uv": [0, 0, 1, 1], "texture": "#2"}
			}
		},
		{
			"from": [14, 26, 4],
			"to": [15, 27, 5],
			"faces": {
				"north": {"uv": [0, 0, 1, 1], "texture": "#18"},
				"east": {"uv": [0, 0, 1, 1], "texture": "#18"},
				"south": {"uv": [0, 0, 1, 1], "texture": "#18"},
				"west": {"uv": [0, 0, 1, 1], "texture": "#18"},
				"up": {"uv": [0, 0, 1, 1], "texture": "#18"},
				"down": {"uv": [0, 0, 1, 1], "texture": "#18"}
			}
		},
		{
			"from": [12, 24, 6],
			"to": [13, 25, 7],
			"faces": {
				"north": {"uv": [0, 0, 1, 1], "texture": "#18"},
				"east": {"uv": [0, 0, 1, 1], "texture": "#18"},
				"south": {"uv": [0, 0, 1, 1], "texture": "#18"},
				"west": {"uv": [0, 0, 1, 1], "texture": "#18"},
				"up": {"uv": [0, 0, 1, 1], "texture": "#18"},
				"down": {"uv": [0, 0, 1, 1], "texture": "#18"}
			}
		},
		{
			"from": [19, 7, 6],
			"to": [23, 11, 17],
			"rotation": {"angle": -22.5, "axis": "y", "origin": [0, 0, 0]},
			"faces": {
				"north": {"uv": [0, 0, 4, 4], "texture": "#3"},
				"east": {"uv": [0, 0, 11, 4], "texture": "#3"},
				"south": {"uv": [0, 0, 4, 4], "texture": "#3"},
				"west": {"uv": [0, 0, 11, 4], "texture": "#3"},
				"up": {"uv": [0, 0, 4, 11], "texture": "#3"},
				"down": {"uv": [0, 0, 4, 11], "texture": "#3"}
			}
		},
		{
			"from": [16, 15, -7],
			"to": [20, 19, -3],
			"rotation": {"angle": 45, "axis": "x", "origin": [0, 0, 0]},
			"faces": {
				"north": {"uv": [0, 0, 4, 4], "texture": "#3"},
				"east": {"uv": [0, 0, 4, 4], "texture": "#3"},
				"south": {"uv": [0, 0, 4, 4], "texture": "#3"},
				"west": {"uv": [0, 0, 4, 4], "texture": "#3"},
				"up": {"uv": [0, 0, 4, 4], "texture": "#3"},
				"down": {"uv": [0, 0, 4, 4], "texture": "#3"}
			}
		},
		{
			"from": [0, 12, 19],
			"to": [0.1, 19, 26],
			"rotation": {"angle": -45, "axis": "z", "origin": [0, 0, 0]},
			"faces": {
				"east": {"uv": [0, 0, 16, 16], "texture": "#17"},
				"west": {"uv": [0, 0, 16, 16], "texture": "#17"}
			}
		},
		{
			"from": [15, 15, -1],
			"to": [19, 19, 5],
			"rotation": {"angle": 45, "axis": "x", "origin": [0, 0, 0]},
			"faces": {
				"north": {"uv": [0, 0, 4, 4], "texture": "#3"},
				"east": {"uv": [0, 0, 6, 4], "texture": "#3"},
				"south": {"uv": [0, 0, 4, 4], "texture": "#3"},
				"west": {"uv": [0, 0, 6, 4], "texture": "#3"},
				"up": {"uv": [0, 0, 4, 6], "texture": "#3"},
				"down": {"uv": [0, 0, 4, 6], "texture": "#3"}
			}
		},
		{
			"from": [-2, 10, -1],
			"to": [2, 14, 5],
			"rotation": {"angle": 22.5, "axis": "x", "origin": [0, 0, 0]},
			"faces": {
				"north": {"uv": [0, 0, 4, 4], "texture": "#3"},
				"east": {"uv": [0, 0, 6, 4], "texture": "#3"},
				"south": {"uv": [0, 0, 4, 4], "texture": "#3"},
				"west": {"uv": [0, 0, 6, 4], "texture": "#3"},
				"up": {"uv": [0, 0, 4, 6], "texture": "#3"},
				"down": {"uv": [0, 0, 4, 6], "texture": "#3"}
			}
		},
		{
			"from": [-2, 7, 9],
			"to": [2, 11, 19],
			"faces": {
				"north": {"uv": [0, 0, 4, 4], "texture": "#3"},
				"east": {"uv": [0, 0, 10, 4], "texture": "#3"},
				"south": {"uv": [0, 0, 4, 4], "texture": "#3"},
				"west": {"uv": [0, 0, 10, 4], "texture": "#3"},
				"up": {"uv": [0, 0, 4, 10], "texture": "#3"},
				"down": {"uv": [0, 0, 4, 10], "texture": "#3"}
			}
		},
		{
			"from": [16, 16, -3],
			"to": [18, 18, -1],
			"rotation": {"angle": 45, "axis": "x", "origin": [0, 0, 0]},
			"faces": {
				"north": {"uv": [2, 1, 4, 3], "texture": "#8"},
				"east": {"uv": [2, 1, 4, 3], "texture": "#8"},
				"south": {"uv": [2, 2, 4, 4], "texture": "#8"},
				"west": {"uv": [2, 1, 4, 3], "texture": "#8"},
				"up": {"uv": [3, 2, 5, 4], "texture": "#8"},
				"down": {"uv": [2, 2, 4, 4], "texture": "#8"}
			}
		},
		{
			"from": [-2, 5, 19],
			"to": [0, 19, 21],
			"faces": {
				"north": {"uv": [4, 1, 6, 15], "texture": "#7"},
				"east": {"uv": [4, 1, 6, 15], "texture": "#7"},
				"south": {"uv": [4, 1, 6, 15], "texture": "#7"},
				"west": {"uv": [4, 1, 6, 15], "texture": "#7"},
				"up": {"uv": [5, 2, 7, 4], "texture": "#7"},
				"down": {"uv": [5, 2, 7, 4], "texture": "#7"}
			}
		},
		{
			"from": [-1.75, 19, 19.25],
			"to": [-0.25, 21, 20.75],
			"faces": {
				"north": {"uv": [2, 1, 3.5, 3], "texture": "#8"},
				"east": {"uv": [2, 1, 3.5, 3], "texture": "#8"},
				"south": {"uv": [2, 1, 3.5, 3], "texture": "#8"},
				"west": {"uv": [2, 1, 3.5, 3], "texture": "#8"},
				"up": {"uv": [2, 1, 3.5, 2.5], "texture": "#8"},
				"down": {"uv": [2, 1, 3.5, 2.5], "texture": "#8"}
			}
		},
		{
			"from": [-4, 21, 17],
			"to": [2, 27, 23],
			"faces": {
				"north": {"uv": [0, 0, 16, 16], "texture": "#0"},
				"east": {"uv": [0, 0, 16, 16], "texture": "#0"},
				"south": {"uv": [0, 0, 16, 16], "texture": "#0"},
				"west": {"uv": [0, 0, 16, 16], "texture": "#0"},
				"up": {"uv": [0, 0, 16, 16], "texture": "#0"},
				"down": {"uv": [0, 0, 16, 16], "texture": "#0"}
			}
		}
	],
	"display": {
		"thirdperson_righthand": {
			"rotation": [0, -180, 0],
			"translation": [0, 1.75, -1],
			"scale": [0.31, 0.31, 0.31]
		},
		"thirdperson_lefthand": {
			"rotation": [0, -180, 0],
			"translation": [0, 2, -1.25],
			"scale": [0.31, 0.31, 0.31]
		},
		"firstperson_righthand": {
			"rotation": [-14, -166, 0],
			"translation": [1.25, -1.75, -3.25],
			"scale": [0.63, 0.63, 0.63]
		},
		"firstperson_lefthand": {
			"rotation": [-14, -166, 0],
			"translation": [3.25, 0, -1.75],
			"scale": [0.63, 0.63, 0.63]
		},
		"gui": {
			"rotation": [46, -37, 24],
			"translation": [0, 1.75, 0],
			"scale": [0.33, 0.33, 0.33]
		},
		"head": {
			"rotation": [0, -180, 0],
			"translation": [0, -12, 0],
			"scale": [1.32, 1.32, 1.32]
		}
	}
}