{
	"parent": "item/handheld",
	"textures": {
		"layer0": "item/diamond_hoe"
	},
	"overrides": [
		{ "predicate": {"custom_model_data": 1}, "model": "weapon/rifle/recharge/rifle_rel1"},
		{ "predicate": {"custom_model_data": 2}, "model": "weapon/rifle/recharge/rifle_rel2"},
		{ "predicate": {"custom_model_data": 3}, "model": "weapon/rifle/recharge/rifle_rel3"},
		{ "predicate": {"custom_model_data": 4}, "model": "weapon/rifle/recharge/rifle_rel4"},
		{ "predicate": {"custom_model_data": 5}, "model": "weapon/rifle/recharge/rifle_rel5"},
		{ "predicate": {"custom_model_data": 6}, "model": "weapon/rifle/recharge/rifle_rel6"},
		{ "predicate": {"custom_model_data": 7}, "model": "weapon/rifle/recharge/rifle_rel7"},
		{ "predicate": {"custom_model_data": 8}, "model": "weapon/rifle/recharge/rifle_rel8"},
		{ "predicate": {"custom_model_data": 9}, "model": "weapon/rifle/recharge/rifle_rel9"},
		{ "predicate": {"custom_model_data": 10}, "model": "weapon/rifle/recharge/rifle_rel10"},
		{ "predicate": {"custom_model_data": 11}, "model": "weapon/shockwave/recharge/shockwave_rel1"},
		{ "predicate": {"custom_model_data": 12}, "model": "weapon/shockwave/recharge/shockwave_rel2"},
		{ "predicate": {"custom_model_data": 13}, "model": "weapon/shockwave/recharge/shockwave_rel3"},
		{ "predicate": {"custom_model_data": 14}, "model": "weapon/shockwave/recharge/shockwave_rel4"},
		{ "predicate": {"custom_model_data": 15}, "model": "weapon/shockwave/recharge/shockwave_rel5"},
		{ "predicate": {"custom_model_data": 16}, "model": "weapon/shockwave/recharge/shockwave_rel6"},
		{ "predicate": {"custom_model_data": 17}, "model": "weapon/shockwave/recharge/shockwave_rel7"},
		{ "predicate": {"custom_model_data": 18}, "model": "weapon/shockwave/recharge/shockwave_rel8"},
		{ "predicate": {"custom_model_data": 19}, "model": "weapon/shockwave/recharge/shockwave_rel9"},
		{ "predicate": {"custom_model_data": 20}, "model": "weapon/shockwave/recharge/shockwave_rel10"},
		{ "predicate": {"custom_model_data": 21}, "model": "weapon/shockwave/recharge/shockwave_rel11"},
		{ "predicate": {"custom_model_data": 22}, "model": "weapon/shockwave/recharge/shockwave_rel12"},
		{ "predicate": {"custom_model_data": 23}, "model": "weapon/shockwave/recharge/shockwave_rel13"},
		{ "predicate": {"custom_model_data": 24}, "model": "weapon/shockwave/recharge/shockwave_rel14"},
		{ "predicate": {"custom_model_data": 25}, "model": "weapon/shockwave/recharge/shockwave_rel15"},
		{ "predicate": {"custom_model_data": 26}, "model": "weapon/shockwave/recharge/shockwave_rel16"},
		{ "predicate": {"custom_model_data": 27}, "model": "weapon/shockwave/recharge/shockwave_rel17"},
		{ "predicate": {"custom_model_data": 28}, "model": "weapon/shockwave/recharge/shockwave_rel18"},
		{ "predicate": {"custom_model_data": 29}, "model": "weapon/shockwave/recharge/shockwave_rel19"},
		{ "predicate": {"custom_model_data": 30}, "model": "weapon/shockwave/recharge/shockwave_rel20"},
		{ "predicate": {"custom_model_data": 31}, "model": "weapon/grenadelauncher/reload/grenadelauncher_rel1"},
		{ "predicate": {"custom_model_data": 32}, "model": "weapon/grenadelauncher/reload/grenadelauncher_rel2"},
		{ "predicate": {"custom_model_data": 33}, "model": "weapon/grenadelauncher/reload/grenadelauncher_rel3"},
		{ "predicate": {"custom_model_data": 34}, "model": "weapon/grenadelauncher/reload/grenadelauncher_rel4"},
		{ "predicate": {"custom_model_data": 35}, "model": "weapon/grenadelauncher/reload/grenadelauncher_rel5"},
		{ "predicate": {"custom_model_data": 36}, "model": "weapon/grenadelauncher/reload/grenadelauncher_rel6"},
		{ "predicate": {"custom_model_data": 37}, "model": "weapon/grenadelauncher/reload/grenadelauncher_rel7"},
		{ "predicate": {"custom_model_data": 38}, "model": "weapon/grenadelauncher/reload/grenadelauncher_rel8"},
		{ "predicate": {"custom_model_data": 39}, "model": "weapon/grenadelauncher/reload/grenadelauncher_rel9"},
		{ "predicate": {"custom_model_data": 40}, "model": "weapon/grenadelauncher/reload/grenadelauncher_rel10"},
		{ "predicate": {"custom_model_data": 41}, "model": "weapon/grenadelauncher/reload/grenadelauncher_rel11"},
		{ "predicate": {"custom_model_data": 42}, "model": "weapon/grenadelauncher/reload/grenadelauncher_rel12"},
		{ "predicate": {"custom_model_data": 43}, "model": "weapon/grenadelauncher/reload/grenadelauncher_rel13"},
		{ "predicate": {"custom_model_data": 44}, "model": "weapon/grenadelauncher/reload/grenadelauncher_rel14"},
		{ "predicate": {"custom_model_data": 45}, "model": "weapon/grenadelauncher/reload/grenadelauncher_rel15"},
		{ "predicate": {"custom_model_data": 46}, "model": "weapon/grenadelauncher/reload/grenadelauncher_rel16"},
		{ "predicate": {"custom_model_data": 47}, "model": "weapon/grenadelauncher/reload/grenadelauncher_rel17"},
		{ "predicate": {"custom_model_data": 48}, "model": "weapon/grenadelauncher/reload/grenadelauncher_rel18"},
		{ "predicate": {"custom_model_data": 49}, "model": "weapon/grenadelauncher/reload/grenadelauncher_rel19"},
		{ "predicate": {"custom_model_data": 50}, "model": "weapon/grenadelauncher/reload/grenadelauncher_rel20"},
		{ "predicate": {"custom_model_data": 51}, "model": "weapon/grenadelauncher/reload/grenadelauncher_rel21"},
		{ "predicate": {"custom_model_data": 52}, "model": "weapon/grenadelauncher/reload/grenadelauncher_rel22"},
		{ "predicate": {"custom_model_data": 53}, "model": "weapon/grenadelauncher/reload/grenadelauncher_rel23"},
		{ "predicate": {"custom_model_data": 54}, "model": "weapon/pistol/recharge/pistol_rel1"},
		{ "predicate": {"custom_model_data": 55}, "model": "weapon/pistol/recharge/pistol_rel2"},
		{ "predicate": {"custom_model_data": 56}, "model": "weapon/pistol/recharge/pistol_rel3"},
		{ "predicate": {"custom_model_data": 57}, "model": "weapon/pistol/recharge/pistol_rel4"},
		{ "predicate": {"custom_model_data": 58}, "model": "weapon/pistol/recharge/pistol_rel5"},
		{ "predicate": {"custom_model_data": 59}, "model": "weapon/pistol/recharge/pistol_rel6"},
		{ "predicate": {"custom_model_data": 60}, "model": "weapon/pistol/recharge/pistol_rel7"},
		{ "predicate": {"custom_model_data": 61}, "model": "weapon/pistol/recharge/pistol_rel8"},
		{ "predicate": {"custom_model_data": 62}, "model": "weapon/pistol/recharge/pistol_rel9"},
		{ "predicate": {"custom_model_data": 63}, "model": "weapon/pistol/recharge/pistol_rel10"},
		{ "predicate": {"custom_model_data": 64}, "model": "weapon/pistol/recharge/pistol_rel11"},
		{ "predicate": {"custom_model_data": 65}, "model": "weapon/pistol/recharge/pistol_rel12"},
		{ "predicate": {"custom_model_data": 66}, "model": "weapon/pistol/recharge/pistol_rel13"},
		{ "predicate": {"custom_model_data": 67}, "model": "weapon/pistol/recharge/pistol_rel14"},
		{ "predicate": {"custom_model_data": 68}, "model": "weapon/pistol/recharge/pistol_rel15"},
		{ "predicate": {"custom_model_data": 69}, "model": "weapon/pistol/recharge/pistol_rel16"},
		{ "predicate": {"custom_model_data": 70}, "model": "weapon/pistol/recharge/pistol_rel17"},
		{ "predicate": {"custom_model_data": 71}, "model": "weapon/pistol/recharge/pistol_rel18"},
		{ "predicate": {"custom_model_data": 72}, "model": "weapon/pistol/recharge/pistol_rel19"},
		{ "predicate": {"custom_model_data": 73}, "model": "weapon/pistol/recharge/pistol_rel20"},
		{ "predicate": {"custom_model_data": 74}, "model": "weapon/pistol/recharge/pistol_rel21"},
		{ "predicate": {"custom_model_data": 75}, "model": "weapon/pistol/recharge/pistol_rel22"},
		{ "predicate": {"custom_model_data": 76}, "model": "weapon/pistol/recharge/pistol_rel23"},
		{ "predicate": {"custom_model_data": 77}, "model": "weapon/pistol/recharge/pistol_rel24"},
		{ "predicate": {"custom_model_data": 78}, "model": "weapon/pistol/recharge/pistol_rel25"},
		{ "predicate": {"custom_model_data": 79}, "model": "weapon/pistol/recharge/pistol_rel26"},
		{ "predicate": {"custom_model_data": 80}, "model": "weapon/volley/recharge/volley_rel1"},
		{ "predicate": {"custom_model_data": 81}, "model": "weapon/volley/recharge/volley_rel2"},
		{ "predicate": {"custom_model_data": 82}, "model": "weapon/volley/recharge/volley_rel3"},
		{ "predicate": {"custom_model_data": 83}, "model": "weapon/volley/recharge/volley_rel4"},
		{ "predicate": {"custom_model_data": 84}, "model": "weapon/volley/recharge/volley_rel5"},
		{ "predicate": {"custom_model_data": 85}, "model": "weapon/volley/recharge/volley_rel6"},
		{ "predicate": {"custom_model_data": 86}, "model": "weapon/volley/recharge/volley_rel7"},
		{ "predicate": {"custom_model_data": 87}, "model": "weapon/volley/recharge/volley_rel8"},
		{ "predicate": {"custom_model_data": 88}, "model": "weapon/volley/recharge/volley_rel9"},
		{ "predicate": {"custom_model_data": 89}, "model": "weapon/volley/recharge/volley_rel10"},
		{ "predicate": {"custom_model_data": 90}, "model": "weapon/volley/recharge/volley_rel11"},
		{ "predicate": {"custom_model_data": 91}, "model": "weapon/volley/recharge/volley_rel12"},
		{ "predicate": {"custom_model_data": 92}, "model": "weapon/flaregun/reload/flaregun_rel1"},
		{ "predicate": {"custom_model_data": 93}, "model": "weapon/flaregun/reload/flaregun_rel2"},
		{ "predicate": {"custom_model_data": 94}, "model": "weapon/flaregun/reload/flaregun_rel3"},
		{ "predicate": {"custom_model_data": 95}, "model": "weapon/flaregun/reload/flaregun_rel4"},
		{ "predicate": {"custom_model_data": 96}, "model": "weapon/flaregun/reload/flaregun_rel5"},
		{ "predicate": {"custom_model_data": 97}, "model": "weapon/flaregun/reload/flaregun_rel6"},
		{ "predicate": {"custom_model_data": 98}, "model": "weapon/flaregun/reload/flaregun_rel7"},
		{ "predicate": {"custom_model_data": 99}, "model": "weapon/flaregun/reload/flaregun_rel8"},
		{ "predicate": {"custom_model_data": 100}, "model": "weapon/flaregun/reload/flaregun_rel9"},
		{ "predicate": {"custom_model_data": 101}, "model": "weapon/flaregun/reload/flaregun_rel10"},
		{ "predicate": {"custom_model_data": 102}, "model": "weapon/flaregun/reload/flaregun_rel11"},
		{ "predicate": {"custom_model_data": 103}, "model": "utility/station/closed"},
		{ "predicate": {"custom_model_data": 104}, "model": "utility/station/opening_1"},
		{ "predicate": {"custom_model_data": 105}, "model": "utility/station/opening_2"},
		{ "predicate": {"custom_model_data": 106}, "model": "utility/station/opening_3"},
		{ "predicate": {"custom_model_data": 107}, "model": "utility/station/opening_4"},
		{ "predicate": {"custom_model_data": 108}, "model": "utility/station/opening_5"},
		{ "predicate": {"custom_model_data": 109}, "model": "utility/station/empty"},
		{ "predicate": {"custom_model_data": 110}, "model": "utility/station/closing_1"},
		{ "predicate": {"custom_model_data": 111}, "model": "utility/station/closing_2"},
		{ "predicate": {"custom_model_data": 112}, "model": "utility/station/closing_3"},
		{ "predicate": {"custom_model_data": 113}, "model": "utility/station/closing_4"},
		{ "predicate": {"custom_model_data": 133}, "model": "chest/chest"},
		{ "predicate": {"custom_model_data": 134}, "model": "chest/chest_key_1"},
		{ "predicate": {"custom_model_data": 135}, "model": "chest/chest_key_2"},
		{ "predicate": {"custom_model_data": 136}, "model": "chest/chest_key_3"},
		{ "predicate": {"custom_model_data": 137}, "model": "chest/chest_key_4"},
		{ "predicate": {"custom_model_data": 138}, "model": "chest/chest_key_5"},
		{ "predicate": {"custom_model_data": 139}, "model": "chest/chest_key_6"},
		{ "predicate": {"custom_model_data": 140}, "model": "chest/turn_key"},
		{ "predicate": {"custom_model_data": 141}, "model": "chest/blue_chest"},
		{ "predicate": {"custom_model_data": 142}, "model": "chest/red_chest"},
		{ "predicate": {"custom_model_data": 143}, "model": "weapon/mortarcannon"},
		{ "predicate": {"custom_model_data": 144}, "model": "weapon/cannonball"},
		{ "predicate": {"custom_model_data": 145}, "model": "weapon/airstrike/marker_on"},
		{ "predicate": {"custom_model_data": 146}, "model": "utility/boat/blue/deploy/g1"},
		{ "predicate": {"custom_model_data": 147}, "model": "utility/boat/blue/deploy/g2"},
		{ "predicate": {"custom_model_data": 148}, "model": "utility/boat/blue/deploy/g3"},
		{ "predicate": {"custom_model_data": 149}, "model": "utility/boat/blue/deploy/1"},
		{ "predicate": {"custom_model_data": 150}, "model": "utility/boat/blue/deploy/2"},
		{ "predicate": {"custom_model_data": 151}, "model": "utility/boat/blue/deploy/3"},
		{ "predicate": {"custom_model_data": 152}, "model": "utility/boat/blue/deploy/4"},
		{ "predicate": {"custom_model_data": 153}, "model": "utility/boat/blue/deploy/5"},
		{ "predicate": {"custom_model_data": 154}, "model": "utility/boat/blue/deploy/6"},
		{ "predicate": {"custom_model_data": 155}, "model": "utility/boat/blue/deploy/7"},
		{ "predicate": {"custom_model_data": 156}, "model": "utility/boat/blue/deploy/8"},
		{ "predicate": {"custom_model_data": 157}, "model": "utility/boat/blue/deploy/9"},
		{ "predicate": {"custom_model_data": 158}, "model": "utility/boat/blue/deploy/10"},
		{ "predicate": {"custom_model_data": 159}, "model": "utility/boat/blue/deploy/11"},
		{ "predicate": {"custom_model_data": 160}, "model": "utility/boat/blue/deploy/12"},
		{ "predicate": {"custom_model_data": 161}, "model": "utility/boat/blue/boatblue"},
		{ "predicate": {"custom_model_data": 162}, "model": "utility/boat/blue/boatblue_on"},
		{ "predicate": {"custom_model_data": 163}, "model": "weapon/boatcannon"},
		{ "predicate": {"custom_model_data": 164}, "model": "utility/boat/red/deploy/g1"},
		{ "predicate": {"custom_model_data": 165}, "model": "utility/boat/red/deploy/g2"},
		{ "predicate": {"custom_model_data": 166}, "model": "utility/boat/red/deploy/g3"},
		{ "predicate": {"custom_model_data": 167}, "model": "utility/boat/red/deploy/1"},
		{ "predicate": {"custom_model_data": 168}, "model": "utility/boat/red/deploy/2"},
		{ "predicate": {"custom_model_data": 169}, "model": "utility/boat/red/deploy/3"},
		{ "predicate": {"custom_model_data": 170}, "model": "utility/boat/red/deploy/4"},
		{ "predicate": {"custom_model_data": 171}, "model": "utility/boat/red/deploy/5"},
		{ "predicate": {"custom_model_data": 172}, "model": "utility/boat/red/deploy/6"},
		{ "predicate": {"custom_model_data": 173}, "model": "utility/boat/red/deploy/7"},
		{ "predicate": {"custom_model_data": 174}, "model": "utility/boat/red/deploy/8"},
		{ "predicate": {"custom_model_data": 175}, "model": "utility/boat/red/deploy/9"},
		{ "predicate": {"custom_model_data": 176}, "model": "utility/boat/red/deploy/10"},
		{ "predicate": {"custom_model_data": 177}, "model": "utility/boat/red/deploy/11"},
		{ "predicate": {"custom_model_data": 178}, "model": "utility/boat/red/deploy/12"},
		{ "predicate": {"custom_model_data": 179}, "model": "utility/boat/red/boatred"},
		{ "predicate": {"custom_model_data": 180}, "model": "utility/boat/red/boatred_on"},
		{ "predicate": {"custom_model_data": 181}, "model": "utility/boat/boatbroken"},
		{ "predicate": {"custom_model_data": 182}, "model": "demolition/squeaker_purple"},
		{ "predicate": {"custom_model_data": 183}, "model": "demolition/squeaker_red"},
		{ "predicate": {"custom_model_data": 184}, "model": "demolition/squeaker_blue"},
		{ "predicate": {"custom_model_data": 185}, "model": "demolition/satellite_blue"},
		{ "predicate": {"custom_model_data": 186}, "model": "demolition/satellite_red"},
		{ "predicate": {"custom_model_data": 187}, "model": "demolition/dish"},
		{ "predicate": {"custom_model_data": 188}, "model": "demolition/cracker"},
		{ "predicate": {"custom_model_data": 189}, "model": "utility/turret/turretstand"},
		{ "predicate": {"custom_model_data": 190}, "model": "utility/turret/blue/full"},
		{ "predicate": {"custom_model_data": 191}, "model": "utility/turret/blue/rel1"},
		{ "predicate": {"custom_model_data": 192}, "model": "utility/turret/blue/rel2"},
		{ "predicate": {"custom_model_data": 193}, "model": "utility/turret/blue/rel3"},
		{ "predicate": {"custom_model_data": 194}, "model": "utility/turret/blue/rel4"},
		{ "predicate": {"custom_model_data": 195}, "model": "utility/turret/blue/rel5"},
		{ "predicate": {"custom_model_data": 196}, "model": "utility/turret/blue/rel6"},
		{ "predicate": {"custom_model_data": 197}, "model": "utility/turret/blue/rel7"},
		{ "predicate": {"custom_model_data": 198}, "model": "utility/turret/blue/rel8"},
		{ "predicate": {"custom_model_data": 199}, "model": "utility/turret/blue/rel9"},
		{ "predicate": {"custom_model_data": 200}, "model": "utility/turret/red/full"},
		{ "predicate": {"custom_model_data": 201}, "model": "utility/turret/red/rel1"},
		{ "predicate": {"custom_model_data": 202}, "model": "utility/turret/red/rel2"},
		{ "predicate": {"custom_model_data": 203}, "model": "utility/turret/red/rel3"},
		{ "predicate": {"custom_model_data": 204}, "model": "utility/turret/red/rel4"},
		{ "predicate": {"custom_model_data": 205}, "model": "utility/turret/red/rel5"},
		{ "predicate": {"custom_model_data": 206}, "model": "utility/turret/red/rel6"},
		{ "predicate": {"custom_model_data": 207}, "model": "utility/turret/red/rel7"},
		{ "predicate": {"custom_model_data": 208}, "model": "utility/turret/red/rel8"},
		{ "predicate": {"custom_model_data": 209}, "model": "utility/turret/red/rel9"},
		{ "predicate": {"damaged": 1, "damage": 0}, "model": "item/diamond_hoe"}
	]
}