{
	"credit": "Made with Blockbench",
	"textures": {
		"0": "block/anvil",
		"1": "item/firework_rocket",
		"2": "block/campfire_log_lit",
		"3": "block/blast_furnace_top",
		"4": "custom/crying_obsidian",
		"5": "block/end_portal_frame_eye",
		"6": "block/tinted_glass",
		"7": "block/oak_log",
		"8": "block/black_wool",
		"9": "entity/skeleton/skeleton",
		"10": "block/structure_block",
		"11": "block/netherite_block",
		"12": "block/iron_block",
		"13": "block/beacon",
		"particle": "block/anvil"
	},
	"elements": [
		{
			"from": [7, 8, 2],
			"to": [9, 9, 5],
			"faces": {
				"north": {"uv": [0, 0, 2, 1], "texture": "#3"},
				"east": {"uv": [0, 0, 3, 1], "texture": "#3"},
				"south": {"uv": [0, 0, 2, 1], "texture": "#3"},
				"west": {"uv": [0, 0, 3, 1], "texture": "#3"},
				"up": {"uv": [0, 0, 2, 3], "texture": "#3"},
				"down": {"uv": [0, 0, 2, 3], "texture": "#3"}
			}
		},
		{
			"from": [7, 11, 2],
			"to": [9, 12, 5],
			"faces": {
				"north": {"uv": [0, 0, 2, 1], "texture": "#3"},
				"east": {"uv": [0, 0, 3, 1], "texture": "#3"},
				"south": {"uv": [0, 0, 2, 1], "texture": "#3"},
				"west": {"uv": [0, 0, 3, 1], "texture": "#3"},
				"up": {"uv": [0, 0, 2, 3], "texture": "#3"},
				"down": {"uv": [0, 0, 2, 3], "texture": "#3"}
			}
		},
		{
			"from": [9, 9, 2],
			"to": [10, 11, 5],
			"faces": {
				"north": {"uv": [0, 0, 1, 2], "texture": "#3"},
				"east": {"uv": [0, 0, 3, 2], "texture": "#3"},
				"south": {"uv": [0, 0, 1, 2], "texture": "#3"},
				"west": {"uv": [0, 0, 3, 2], "texture": "#3"},
				"up": {"uv": [0, 0, 1, 3], "texture": "#3"},
				"down": {"uv": [0, 0, 1, 3], "texture": "#3"}
			}
		},
		{
			"from": [6, 9, 2],
			"to": [7, 11, 5],
			"faces": {
				"north": {"uv": [0, 0, 1, 2], "texture": "#3"},
				"east": {"uv": [0, 0, 3, 2], "texture": "#3"},
				"south": {"uv": [0, 0, 1, 2], "texture": "#3"},
				"west": {"uv": [0, 0, 3, 2], "texture": "#3"},
				"up": {"uv": [0, 0, 1, 3], "texture": "#3"},
				"down": {"uv": [0, 0, 1, 3], "texture": "#3"}
			}
		},
		{
			"from": [7, 9, 4],
			"to": [9, 11, 5],
			"faces": {
				"north": {"uv": [7, 8, 11, 12], "texture": "#2"},
				"east": {"uv": [8, 9, 9, 11], "texture": "#2"},
				"south": {"uv": [7, 8, 9, 10], "texture": "#2"},
				"west": {"uv": [8, 8, 9, 10], "texture": "#2"},
				"up": {"uv": [9, 9, 11, 10], "texture": "#2"},
				"down": {"uv": [8, 9, 10, 10], "texture": "#2"}
			}
		},
		{
			"from": [6, 8, 5],
			"to": [10, 12, 11],
			"faces": {
				"north": {"uv": [7, 6, 10, 10], "texture": "#1"},
				"east": {"uv": [7, 6, 10, 12], "rotation": 90, "texture": "#1"},
				"south": {"uv": [7, 6, 10, 10], "texture": "#1"},
				"west": {"uv": [7, 6, 10, 12], "rotation": 90, "texture": "#1"},
				"up": {"uv": [7, 6, 10, 12], "texture": "#1"},
				"down": {"uv": [7, 6, 10, 12], "texture": "#1"}
			}
		},
		{
			"from": [-1, 9, 13],
			"to": [5, 11, 17],
			"faces": {
				"north": {"uv": [0, 0, 6, 2], "texture": "#0"},
				"east": {"uv": [0, 0, 4, 2], "texture": "#0"},
				"south": {"uv": [0, 0, 6, 2], "texture": "#0"},
				"west": {"uv": [0, 0, 4, 2], "texture": "#0"},
				"up": {"uv": [0, 0, 6, 4], "texture": "#0"},
				"down": {"uv": [0, 0, 6, 4], "texture": "#0"}
			}
		},
		{
			"from": [17, 9, 13],
			"to": [19, 11, 15],
			"faces": {
				"north": {"uv": [0, 0, 2, 2], "texture": "#0"},
				"east": {"uv": [0, 0, 2, 2], "texture": "#0"},
				"south": {"uv": [0, 0, 2, 2], "texture": "#0"},
				"west": {"uv": [0, 0, 2, 2], "texture": "#0"},
				"up": {"uv": [0, 0, 2, 2], "texture": "#0"},
				"down": {"uv": [0, 0, 2, 2], "texture": "#0"}
			}
		},
		{
			"from": [16, 9, 8],
			"to": [20, 11, 13],
			"faces": {
				"north": {"uv": [0, 0, 4, 2], "texture": "#0"},
				"east": {"uv": [0, 0, 5, 2], "texture": "#0"},
				"south": {"uv": [0, 0, 4, 2], "texture": "#0"},
				"west": {"uv": [0, 0, 5, 2], "texture": "#0"},
				"up": {"uv": [0, 0, 4, 5], "texture": "#0"},
				"down": {"uv": [0, 0, 4, 5], "texture": "#0"}
			}
		},
		{
			"from": [-3, 9, 13],
			"to": [-1, 11, 15],
			"faces": {
				"north": {"uv": [0, 0, 2, 2], "texture": "#0"},
				"east": {"uv": [0, 0, 2, 2], "texture": "#0"},
				"south": {"uv": [0, 0, 2, 2], "texture": "#0"},
				"west": {"uv": [0, 0, 2, 2], "texture": "#0"},
				"up": {"uv": [0, 0, 2, 2], "texture": "#0"},
				"down": {"uv": [0, 0, 2, 2], "texture": "#0"}
			}
		},
		{
			"from": [-4, 9, 8],
			"to": [0, 11, 13],
			"faces": {
				"north": {"uv": [0, 0, 4, 2], "texture": "#0"},
				"east": {"uv": [0, 0, 5, 2], "texture": "#0"},
				"south": {"uv": [0, 0, 4, 2], "texture": "#0"},
				"west": {"uv": [0, 0, 5, 2], "texture": "#0"},
				"up": {"uv": [0, 0, 4, 5], "texture": "#0"},
				"down": {"uv": [0, 0, 4, 5], "texture": "#0"}
			}
		},
		{
			"from": [11, 9, 13],
			"to": [17, 11, 17],
			"faces": {
				"north": {"uv": [0, 0, 6, 2], "texture": "#0"},
				"east": {"uv": [0, 0, 4, 2], "texture": "#0"},
				"south": {"uv": [0, 0, 6, 2], "texture": "#0"},
				"west": {"uv": [0, 0, 4, 2], "texture": "#0"},
				"up": {"uv": [0, 0, 6, 4], "texture": "#0"},
				"down": {"uv": [0, 0, 6, 4], "texture": "#0"}
			}
		},
		{
			"from": [5, 7, 11],
			"to": [11, 13, 17],
			"faces": {
				"north": {"uv": [0, 0, 6, 6], "texture": "#0"},
				"east": {"uv": [0, 0, 6, 6], "texture": "#0"},
				"south": {"uv": [0, 0, 6, 6], "texture": "#0"},
				"west": {"uv": [0, 0, 6, 6], "texture": "#0"},
				"up": {"uv": [0, 0, 6, 6], "texture": "#0"},
				"down": {"uv": [0, 0, 6, 6], "texture": "#0"}
			}
		},
		{
			"from": [6, 8, 17],
			"to": [10, 12, 20],
			"faces": {
				"north": {"uv": [0, 0, 4, 4], "texture": "#10"},
				"east": {"uv": [0, 0, 3, 4], "texture": "#10"},
				"south": {"uv": [0, 0, 4, 4], "texture": "#10"},
				"west": {"uv": [0, 0, 3, 4], "texture": "#10"},
				"up": {"uv": [0, 0, 4, 3], "texture": "#10"},
				"down": {"uv": [0, 0, 4, 3], "texture": "#10"}
			}
		},
		{
			"from": [5, 7, 20],
			"to": [11, 13, 23],
			"faces": {
				"north": {"uv": [4, 2, 10, 8], "texture": "#4"},
				"east": {"uv": [4, 2, 7, 8], "texture": "#4"},
				"south": {"uv": [4, 2, 10, 8], "texture": "#4"},
				"west": {"uv": [4, 2, 7, 8], "texture": "#4"},
				"up": {"uv": [4, 2, 10, 5], "texture": "#4"},
				"down": {"uv": [4, 2, 10, 5], "texture": "#4"}
			}
		},
		{
			"from": [7, 8, 23],
			"to": [9, 12, 24],
			"faces": {
				"north": {"uv": [6, 5, 9, 7], "texture": "#5"},
				"east": {"uv": [6, 6, 7, 10], "texture": "#5"},
				"south": {"uv": [6, 5, 10, 11], "texture": "#5"},
				"west": {"uv": [6, 5, 7, 9], "texture": "#5"},
				"up": {"uv": [7, 5, 9, 6], "texture": "#5"},
				"down": {"uv": [7, 5, 9, 6], "texture": "#5"}
			}
		},
		{
			"from": [6, 9, 23],
			"to": [7, 11, 24],
			"faces": {
				"north": {"uv": [4, 6, 5, 8], "texture": "#5"},
				"east": {"uv": [4, 6, 5, 8], "texture": "#5"},
				"south": {"uv": [4, 6, 5, 8], "texture": "#5"},
				"west": {"uv": [4, 6, 5, 8], "texture": "#5"},
				"up": {"uv": [4, 6, 5, 7], "texture": "#5"},
				"down": {"uv": [4, 7, 5, 8], "texture": "#5"}
			}
		},
		{
			"from": [9, 9, 23],
			"to": [10, 11, 24],
			"faces": {
				"north": {"uv": [4, 6, 5, 8], "texture": "#5"},
				"east": {"uv": [4, 6, 5, 8], "texture": "#5"},
				"south": {"uv": [4, 6, 5, 8], "texture": "#5"},
				"west": {"uv": [4, 6, 5, 8], "texture": "#5"},
				"up": {"uv": [4, 6, 5, 7], "texture": "#5"},
				"down": {"uv": [4, 7, 5, 8], "texture": "#5"}
			}
		},
		{
			"from": [5, 7, 23],
			"to": [11, 8, 24],
			"faces": {
				"north": {"uv": [0, 0, 6, 1], "texture": "#6"},
				"east": {"uv": [0, 0, 1, 1], "texture": "#6"},
				"south": {"uv": [0, 0, 6, 1], "texture": "#6"},
				"west": {"uv": [0, 0, 1, 1], "texture": "#6"},
				"up": {"uv": [0, 0, 6, 1], "texture": "#6"},
				"down": {"uv": [0, 0, 6, 1], "texture": "#6"}
			}
		},
		{
			"from": [5, 12, 23],
			"to": [11, 13, 24],
			"faces": {
				"north": {"uv": [0, 0, 6, 1], "texture": "#6"},
				"east": {"uv": [0, 0, 1, 1], "texture": "#6"},
				"south": {"uv": [0, 0, 6, 1], "texture": "#6"},
				"west": {"uv": [0, 0, 1, 1], "texture": "#6"},
				"up": {"uv": [0, 0, 6, 1], "texture": "#6"},
				"down": {"uv": [0, 0, 6, 1], "texture": "#6"}
			}
		},
		{
			"from": [5, 11, 23],
			"to": [7, 12, 24],
			"faces": {
				"north": {"uv": [0, 0, 2, 1], "texture": "#6"},
				"east": {"uv": [0, 0, 1, 1], "texture": "#6"},
				"south": {"uv": [0, 0, 2, 1], "texture": "#6"},
				"west": {"uv": [0, 0, 1, 1], "texture": "#6"},
				"up": {"uv": [0, 0, 2, 1], "texture": "#6"},
				"down": {"uv": [0, 0, 2, 1], "texture": "#6"}
			}
		},
		{
			"from": [9, 11, 23],
			"to": [11, 12, 24],
			"faces": {
				"north": {"uv": [0, 0, 2, 1], "texture": "#6"},
				"east": {"uv": [0, 0, 1, 1], "texture": "#6"},
				"south": {"uv": [0, 0, 2, 1], "texture": "#6"},
				"west": {"uv": [0, 0, 1, 1], "texture": "#6"},
				"up": {"uv": [0, 0, 2, 1], "texture": "#6"},
				"down": {"uv": [0, 0, 2, 1], "texture": "#6"}
			}
		},
		{
			"from": [9, 8, 23],
			"to": [11, 9, 24],
			"faces": {
				"north": {"uv": [0, 0, 2, 1], "texture": "#6"},
				"east": {"uv": [0, 0, 1, 1], "texture": "#6"},
				"south": {"uv": [0, 0, 2, 1], "texture": "#6"},
				"west": {"uv": [0, 0, 1, 1], "texture": "#6"},
				"up": {"uv": [0, 0, 2, 1], "texture": "#6"},
				"down": {"uv": [0, 0, 2, 1], "texture": "#6"}
			}
		},
		{
			"from": [5, 8, 23],
			"to": [7, 9, 24],
			"faces": {
				"north": {"uv": [0, 0, 2, 1], "texture": "#6"},
				"east": {"uv": [0, 0, 1, 1], "texture": "#6"},
				"south": {"uv": [0, 0, 2, 1], "texture": "#6"},
				"west": {"uv": [0, 0, 1, 1], "texture": "#6"},
				"up": {"uv": [0, 0, 2, 1], "texture": "#6"},
				"down": {"uv": [0, 0, 2, 1], "texture": "#6"}
			}
		},
		{
			"from": [5, 9, 23],
			"to": [6, 11, 24],
			"faces": {
				"north": {"uv": [0, 0, 1, 2], "texture": "#6"},
				"east": {"uv": [0, 0, 1, 2], "texture": "#6"},
				"south": {"uv": [0, 0, 1, 2], "texture": "#6"},
				"west": {"uv": [0, 0, 1, 2], "texture": "#6"},
				"up": {"uv": [0, 0, 1, 1], "texture": "#6"},
				"down": {"uv": [0, 0, 1, 1], "texture": "#6"}
			}
		},
		{
			"from": [10, 9, 23],
			"to": [11, 11, 24],
			"faces": {
				"north": {"uv": [0, 0, 1, 2], "texture": "#6"},
				"east": {"uv": [0, 0, 1, 2], "texture": "#6"},
				"south": {"uv": [0, 0, 1, 2], "texture": "#6"},
				"west": {"uv": [0, 0, 1, 2], "texture": "#6"},
				"up": {"uv": [0, 0, 1, 1], "texture": "#6"},
				"down": {"uv": [0, 0, 1, 1], "texture": "#6"}
			}
		},
		{
			"from": [11, 7, 20],
			"to": [12, 13, 23],
			"faces": {
				"north": {"uv": [3, 1, 4, 7], "texture": "#6"},
				"east": {"uv": [3, 2, 6, 8], "texture": "#6"},
				"south": {"uv": [4, 2, 5, 8], "texture": "#6"},
				"west": {"uv": [3, 2, 6, 8], "texture": "#6"},
				"up": {"uv": [2, 2, 3, 5], "texture": "#6"},
				"down": {"uv": [3, 2, 4, 5], "texture": "#6"}
			}
		},
		{
			"from": [4, 7, 20],
			"to": [5, 13, 23],
			"faces": {
				"north": {"uv": [4, 3, 5, 9], "texture": "#6"},
				"east": {"uv": [2, 3, 5, 9], "texture": "#6"},
				"south": {"uv": [3, 2, 4, 8], "texture": "#6"},
				"west": {"uv": [2, 2, 5, 8], "texture": "#6"},
				"up": {"uv": [3, 2, 4, 5], "texture": "#6"},
				"down": {"uv": [3, 3, 4, 6], "texture": "#6"}
			}
		},
		{
			"from": [5, 13, 20],
			"to": [11, 14, 23],
			"faces": {
				"north": {"uv": [2, 3, 8, 4], "texture": "#6"},
				"east": {"uv": [3, 2, 6, 3], "texture": "#6"},
				"south": {"uv": [3, 3, 9, 4], "texture": "#6"},
				"west": {"uv": [3, 3, 6, 4], "texture": "#6"},
				"up": {"uv": [3, 3, 9, 6], "texture": "#6"},
				"down": {"uv": [2, 2, 8, 5], "texture": "#6"}
			}
		},
		{
			"from": [5, 6, 20],
			"to": [11, 7, 23],
			"faces": {
				"north": {"uv": [2, 2, 8, 3], "texture": "#6"},
				"east": {"uv": [3, 2, 6, 3], "texture": "#6"},
				"south": {"uv": [2, 2, 8, 3], "texture": "#6"},
				"west": {"uv": [4, 3, 7, 4], "texture": "#6"},
				"up": {"uv": [2, 2, 8, 5], "texture": "#6"},
				"down": {"uv": [2, 2, 8, 5], "texture": "#6"}
			}
		},
		{
			"from": [5, 7, 19],
			"to": [11, 8, 20],
			"faces": {
				"north": {"uv": [0, 0, 6, 1], "texture": "#6"},
				"east": {"uv": [0, 0, 1, 1], "texture": "#6"},
				"south": {"uv": [0, 0, 6, 1], "texture": "#6"},
				"west": {"uv": [0, 0, 1, 1], "texture": "#6"},
				"up": {"uv": [0, 0, 6, 1], "texture": "#6"},
				"down": {"uv": [0, 0, 6, 1], "texture": "#6"}
			}
		},
		{
			"from": [5, 12, 19],
			"to": [11, 13, 20],
			"faces": {
				"north": {"uv": [0, 0, 6, 1], "texture": "#6"},
				"east": {"uv": [0, 0, 1, 1], "texture": "#6"},
				"south": {"uv": [0, 0, 6, 1], "texture": "#6"},
				"west": {"uv": [0, 0, 1, 1], "texture": "#6"},
				"up": {"uv": [0, 0, 6, 1], "texture": "#6"},
				"down": {"uv": [0, 0, 6, 1], "texture": "#6"}
			}
		},
		{
			"from": [5, 8, 19],
			"to": [6, 12, 20],
			"faces": {
				"north": {"uv": [0, 0, 1, 4], "texture": "#6"},
				"east": {"uv": [0, 0, 1, 4], "texture": "#6"},
				"south": {"uv": [0, 0, 1, 4], "texture": "#6"},
				"west": {"uv": [0, 0, 1, 4], "texture": "#6"},
				"up": {"uv": [0, 0, 1, 1], "texture": "#6"},
				"down": {"uv": [0, 0, 1, 1], "texture": "#6"}
			}
		},
		{
			"from": [10, 8, 19],
			"to": [11, 12, 20],
			"faces": {
				"north": {"uv": [0, 0, 1, 4], "texture": "#6"},
				"east": {"uv": [0, 0, 1, 4], "texture": "#6"},
				"south": {"uv": [0, 0, 1, 4], "texture": "#6"},
				"west": {"uv": [0, 0, 1, 4], "texture": "#6"},
				"up": {"uv": [0, 0, 1, 1], "texture": "#6"},
				"down": {"uv": [0, 0, 1, 1], "texture": "#6"}
			}
		},
		{
			"from": [8, 13, 15],
			"to": [9, 19, 16],
			"faces": {
				"north": {"uv": [1, 0, 2, 6], "texture": "#7"},
				"east": {"uv": [1, 0, 2, 6], "texture": "#7"},
				"south": {"uv": [1, 0, 2, 6], "texture": "#7"},
				"west": {"uv": [1, 0, 2, 6], "texture": "#7"},
				"up": {"uv": [0, 0, 1, 1], "texture": "#7"},
				"down": {"uv": [0, 0, 1, 1], "texture": "#7"}
			}
		},
		{
			"from": [8, 16, 12],
			"to": [9, 19, 15],
			"faces": {
				"north": {"uv": [0, 0, 1, 3], "texture": "#8"},
				"east": {"uv": [0, 0, 3, 3], "texture": "#8"},
				"south": {"uv": [0, 0, 1, 3], "texture": "#8"},
				"west": {"uv": [0, 0, 3, 3], "texture": "#8"},
				"up": {"uv": [0, 0, 1, 3], "texture": "#8"},
				"down": {"uv": [0, 0, 1, 3], "texture": "#8"}
			}
		},
		{
			"from": [9, 16, 11],
			"to": [10, 18, 12],
			"faces": {
				"north": {"uv": [0, 0, 1, 2], "texture": "#8"},
				"east": {"uv": [0, 0, 1, 2], "texture": "#8"},
				"south": {"uv": [0, 0, 1, 2], "texture": "#8"},
				"west": {"uv": [0, 0, 1, 2], "texture": "#8"},
				"up": {"uv": [0, 0, 1, 1], "texture": "#8"},
				"down": {"uv": [0, 0, 1, 1], "texture": "#8"}
			}
		},
		{
			"from": [8, 17, 9],
			"to": [9, 19, 11],
			"faces": {
				"north": {"uv": [0, 0, 1, 2], "texture": "#8"},
				"east": {"uv": [0, 0, 2, 2], "texture": "#8"},
				"south": {"uv": [0, 0, 1, 2], "texture": "#8"},
				"west": {"uv": [0, 0, 2, 2], "texture": "#8"},
				"up": {"uv": [0, 0, 1, 2], "texture": "#8"},
				"down": {"uv": [0, 0, 1, 2], "texture": "#8"}
			}
		},
		{
			"from": [9, 16.5, 12.5],
			"to": [9.01, 18.5, 14.5],
			"faces": {
				"east": {"uv": [2, 4, 4, 8], "texture": "#9"}
			}
		},
		{
			"from": [7.99, 16.5, 12.5],
			"to": [8, 18.5, 14.5],
			"faces": {
				"west": {"uv": [2, 4, 4, 8], "texture": "#9"}
			}
		},
		{
			"from": [17, 11, 10],
			"to": [20, 14, 11],
			"rotation": {"angle": 22.5, "axis": "x", "origin": [0, 0, 0]},
			"faces": {
				"north": {"uv": [0, 0, 3, 3], "texture": "#11"},
				"east": {"uv": [0, 0, 1, 3], "texture": "#11"},
				"south": {"uv": [0, 0, 3, 3], "texture": "#11"},
				"west": {"uv": [0, 0, 1, 3], "texture": "#11"},
				"up": {"uv": [0, 0, 3, 1], "texture": "#11"},
				"down": {"uv": [0, 0, 3, 1], "texture": "#11"}
			}
		},
		{
			"from": [17, 14, 11],
			"to": [20, 15, 12],
			"rotation": {"angle": 22.5, "axis": "x", "origin": [0, 0, 0]},
			"faces": {
				"north": {"uv": [0, 0, 3, 1], "texture": "#11"},
				"east": {"uv": [0, 0, 1, 1], "texture": "#11"},
				"south": {"uv": [0, 0, 3, 1], "texture": "#11"},
				"west": {"uv": [0, 0, 1, 1], "texture": "#11"},
				"up": {"uv": [0, 0, 3, 1], "texture": "#11"},
				"down": {"uv": [0, 0, 3, 1], "texture": "#11"}
			}
		},
		{
			"from": [17, 15, 12],
			"to": [20, 16, 13],
			"rotation": {"angle": 22.5, "axis": "x", "origin": [0, 0, 0]},
			"faces": {
				"north": {"uv": [0, 0, 3, 1], "texture": "#11"},
				"east": {"uv": [0, 0, 1, 1], "texture": "#11"},
				"south": {"uv": [0, 0, 3, 1], "texture": "#11"},
				"west": {"uv": [0, 0, 1, 1], "texture": "#11"},
				"up": {"uv": [0, 0, 3, 1], "texture": "#11"},
				"down": {"uv": [0, 0, 3, 1], "texture": "#11"}
			}
		},
		{
			"from": [17, 9, 12],
			"to": [20, 10, 13],
			"rotation": {"angle": 22.5, "axis": "x", "origin": [0, 0, 0]},
			"faces": {
				"north": {"uv": [0, 0, 3, 1], "texture": "#11"},
				"east": {"uv": [0, 0, 1, 1], "texture": "#11"},
				"south": {"uv": [0, 0, 3, 1], "texture": "#11"},
				"west": {"uv": [0, 0, 1, 1], "texture": "#11"},
				"up": {"uv": [0, 0, 3, 1], "texture": "#11"},
				"down": {"uv": [0, 0, 3, 1], "texture": "#11"}
			}
		},
		{
			"from": [18, 12, 11],
			"to": [19, 13, 15],
			"rotation": {"angle": 22.5, "axis": "x", "origin": [0, 0, 0]},
			"faces": {
				"north": {"uv": [0, 0, 1, 1], "texture": "#12"},
				"east": {"uv": [0, 0, 4, 1], "texture": "#12"},
				"south": {"uv": [0, 0, 1, 1], "texture": "#12"},
				"west": {"uv": [0, 0, 4, 1], "texture": "#12"},
				"up": {"uv": [0, 0, 1, 4], "texture": "#12"},
				"down": {"uv": [0, 0, 1, 4], "texture": "#12"}
			}
		},
		{
			"from": [18, 12, 15],
			"to": [19, 13, 16],
			"rotation": {"angle": 22.5, "axis": "x", "origin": [0, 0, 0]},
			"faces": {
				"north": {"uv": [0, 0, 16, 16], "texture": "#13"},
				"east": {"uv": [0, 0, 16, 16], "texture": "#13"},
				"south": {"uv": [0, 0, 16, 16], "texture": "#13"},
				"west": {"uv": [0, 0, 16, 16], "texture": "#13"},
				"up": {"uv": [0, 0, 16, 16], "texture": "#13"},
				"down": {"uv": [0, 0, 16, 16], "texture": "#13"}
			}
		},
		{
			"from": [17, 10, 11],
			"to": [20, 11, 12],
			"rotation": {"angle": 22.5, "axis": "x", "origin": [0, 0, 0]},
			"faces": {
				"north": {"uv": [0, 0, 3, 1], "texture": "#11"},
				"east": {"uv": [0, 0, 1, 1], "texture": "#11"},
				"south": {"uv": [0, 0, 3, 1], "texture": "#11"},
				"west": {"uv": [0, 0, 1, 1], "texture": "#11"},
				"up": {"uv": [0, 0, 3, 1], "texture": "#11"},
				"down": {"uv": [0, 0, 3, 1], "texture": "#11"}
			}
		},
		{
			"from": [20, 11, 11],
			"to": [21, 14, 12],
			"rotation": {"angle": 22.5, "axis": "x", "origin": [0, 0, 0]},
			"faces": {
				"north": {"uv": [0, 0, 1, 3], "texture": "#11"},
				"east": {"uv": [0, 0, 1, 3], "texture": "#11"},
				"south": {"uv": [0, 0, 1, 3], "texture": "#11"},
				"west": {"uv": [0, 0, 1, 3], "texture": "#11"},
				"up": {"uv": [0, 0, 1, 1], "texture": "#11"},
				"down": {"uv": [0, 0, 1, 1], "texture": "#11"}
			}
		},
		{
			"from": [16, 11, 11],
			"to": [17, 14, 12],
			"rotation": {"angle": 22.5, "axis": "x", "origin": [0, 0, 0]},
			"faces": {
				"north": {"uv": [0, 0, 1, 3], "texture": "#11"},
				"east": {"uv": [0, 0, 1, 3], "texture": "#11"},
				"south": {"uv": [0, 0, 1, 3], "texture": "#11"},
				"west": {"uv": [0, 0, 1, 3], "texture": "#11"},
				"up": {"uv": [0, 0, 1, 1], "texture": "#11"},
				"down": {"uv": [0, 0, 1, 1], "texture": "#11"}
			}
		},
		{
			"from": [16, 14, 12],
			"to": [17, 15, 13],
			"rotation": {"angle": 22.5, "axis": "x", "origin": [0, 0, 0]},
			"faces": {
				"north": {"uv": [0, 0, 1, 1], "texture": "#11"},
				"east": {"uv": [0, 0, 1, 1], "texture": "#11"},
				"south": {"uv": [0, 0, 1, 1], "texture": "#11"},
				"west": {"uv": [0, 0, 1, 1], "texture": "#11"},
				"up": {"uv": [0, 0, 1, 1], "texture": "#11"},
				"down": {"uv": [0, 0, 1, 1], "texture": "#11"}
			}
		},
		{
			"from": [20, 14, 12],
			"to": [21, 15, 13],
			"rotation": {"angle": 22.5, "axis": "x", "origin": [0, 0, 0]},
			"faces": {
				"north": {"uv": [0, 0, 1, 1], "texture": "#11"},
				"east": {"uv": [0, 0, 1, 1], "texture": "#11"},
				"south": {"uv": [0, 0, 1, 1], "texture": "#11"},
				"west": {"uv": [0, 0, 1, 1], "texture": "#11"},
				"up": {"uv": [0, 0, 1, 1], "texture": "#11"},
				"down": {"uv": [0, 0, 1, 1], "texture": "#11"}
			}
		},
		{
			"from": [20, 10, 12],
			"to": [21, 11, 13],
			"rotation": {"angle": 22.5, "axis": "x", "origin": [0, 0, 0]},
			"faces": {
				"north": {"uv": [0, 0, 1, 1], "texture": "#11"},
				"east": {"uv": [0, 0, 1, 1], "texture": "#11"},
				"south": {"uv": [0, 0, 1, 1], "texture": "#11"},
				"west": {"uv": [0, 0, 1, 1], "texture": "#11"},
				"up": {"uv": [0, 0, 1, 1], "texture": "#11"},
				"down": {"uv": [0, 0, 1, 1], "texture": "#11"}
			}
		},
		{
			"from": [16, 10, 12],
			"to": [17, 11, 13],
			"rotation": {"angle": 22.5, "axis": "x", "origin": [0, 0, 0]},
			"faces": {
				"north": {"uv": [0, 0, 1, 1], "texture": "#11"},
				"east": {"uv": [0, 0, 1, 1], "texture": "#11"},
				"south": {"uv": [0, 0, 1, 1], "texture": "#11"},
				"west": {"uv": [0, 0, 1, 1], "texture": "#11"},
				"up": {"uv": [0, 0, 1, 1], "texture": "#11"},
				"down": {"uv": [0, 0, 1, 1], "texture": "#11"}
			}
		},
		{
			"from": [21, 11, 12],
			"to": [22, 14, 13],
			"rotation": {"angle": 22.5, "axis": "x", "origin": [0, 0, 0]},
			"faces": {
				"north": {"uv": [0, 0, 1, 3], "texture": "#11"},
				"east": {"uv": [0, 0, 1, 3], "texture": "#11"},
				"south": {"uv": [0, 0, 1, 3], "texture": "#11"},
				"west": {"uv": [0, 0, 1, 3], "texture": "#11"},
				"up": {"uv": [0, 0, 1, 1], "texture": "#11"},
				"down": {"uv": [0, 0, 1, 1], "texture": "#11"}
			}
		},
		{
			"from": [15, 11, 12],
			"to": [16, 14, 13],
			"rotation": {"angle": 22.5, "axis": "x", "origin": [0, 0, 0]},
			"faces": {
				"north": {"uv": [0, 0, 1, 3], "texture": "#11"},
				"east": {"uv": [0, 0, 1, 3], "texture": "#11"},
				"south": {"uv": [0, 0, 1, 3], "texture": "#11"},
				"west": {"uv": [0, 0, 1, 3], "texture": "#11"},
				"up": {"uv": [0, 0, 1, 1], "texture": "#11"},
				"down": {"uv": [0, 0, 1, 1], "texture": "#11"}
			}
		},
		{
			"from": [-4, 11, 10],
			"to": [-1, 14, 11],
			"rotation": {"angle": 22.5, "axis": "x", "origin": [0, 0, 0]},
			"faces": {
				"north": {"uv": [0, 0, 3, 3], "texture": "#11"},
				"east": {"uv": [0, 0, 1, 3], "texture": "#11"},
				"south": {"uv": [0, 0, 3, 3], "texture": "#11"},
				"west": {"uv": [0, 0, 1, 3], "texture": "#11"},
				"up": {"uv": [0, 0, 3, 1], "texture": "#11"},
				"down": {"uv": [0, 0, 3, 1], "texture": "#11"}
			}
		},
		{
			"from": [-1, 11, 11],
			"to": [0, 14, 12],
			"rotation": {"angle": 22.5, "axis": "x", "origin": [0, 0, 0]},
			"faces": {
				"north": {"uv": [0, 0, 1, 3], "texture": "#11"},
				"east": {"uv": [0, 0, 1, 3], "texture": "#11"},
				"south": {"uv": [0, 0, 1, 3], "texture": "#11"},
				"west": {"uv": [0, 0, 1, 3], "texture": "#11"},
				"up": {"uv": [0, 0, 1, 1], "texture": "#11"},
				"down": {"uv": [0, 0, 1, 1], "texture": "#11"}
			}
		},
		{
			"from": [-4, 14, 11],
			"to": [-1, 15, 12],
			"rotation": {"angle": 22.5, "axis": "x", "origin": [0, 0, 0]},
			"faces": {
				"north": {"uv": [0, 0, 3, 1], "texture": "#11"},
				"east": {"uv": [0, 0, 1, 1], "texture": "#11"},
				"south": {"uv": [0, 0, 3, 1], "texture": "#11"},
				"west": {"uv": [0, 0, 1, 1], "texture": "#11"},
				"up": {"uv": [0, 0, 3, 1], "texture": "#11"},
				"down": {"uv": [0, 0, 3, 1], "texture": "#11"}
			}
		},
		{
			"from": [-4, 15, 12],
			"to": [-1, 16, 13],
			"rotation": {"angle": 22.5, "axis": "x", "origin": [0, 0, 0]},
			"faces": {
				"north": {"uv": [0, 0, 3, 1], "texture": "#11"},
				"east": {"uv": [0, 0, 1, 1], "texture": "#11"},
				"south": {"uv": [0, 0, 3, 1], "texture": "#11"},
				"west": {"uv": [0, 0, 1, 1], "texture": "#11"},
				"up": {"uv": [0, 0, 3, 1], "texture": "#11"},
				"down": {"uv": [0, 0, 3, 1], "texture": "#11"}
			}
		},
		{
			"from": [-1, 14, 12],
			"to": [0, 15, 13],
			"rotation": {"angle": 22.5, "axis": "x", "origin": [0, 0, 0]},
			"faces": {
				"north": {"uv": [0, 0, 1, 1], "texture": "#11"},
				"east": {"uv": [0, 0, 1, 1], "texture": "#11"},
				"south": {"uv": [0, 0, 1, 1], "texture": "#11"},
				"west": {"uv": [0, 0, 1, 1], "texture": "#11"},
				"up": {"uv": [0, 0, 1, 1], "texture": "#11"},
				"down": {"uv": [0, 0, 1, 1], "texture": "#11"}
			}
		},
		{
			"from": [0, 11, 12],
			"to": [1, 14, 13],
			"rotation": {"angle": 22.5, "axis": "x", "origin": [0, 0, 0]},
			"faces": {
				"north": {"uv": [0, 0, 1, 3], "texture": "#11"},
				"east": {"uv": [0, 0, 1, 3], "texture": "#11"},
				"south": {"uv": [0, 0, 1, 3], "texture": "#11"},
				"west": {"uv": [0, 0, 1, 3], "texture": "#11"},
				"up": {"uv": [0, 0, 1, 1], "texture": "#11"},
				"down": {"uv": [0, 0, 1, 1], "texture": "#11"}
			}
		},
		{
			"from": [-1, 10, 12],
			"to": [0, 11, 13],
			"rotation": {"angle": 22.5, "axis": "x", "origin": [0, 0, 0]},
			"faces": {
				"north": {"uv": [0, 0, 1, 1], "texture": "#11"},
				"east": {"uv": [0, 0, 1, 1], "texture": "#11"},
				"south": {"uv": [0, 0, 1, 1], "texture": "#11"},
				"west": {"uv": [0, 0, 1, 1], "texture": "#11"},
				"up": {"uv": [0, 0, 1, 1], "texture": "#11"},
				"down": {"uv": [0, 0, 1, 1], "texture": "#11"}
			}
		},
		{
			"from": [-4, 9, 12],
			"to": [-1, 10, 13],
			"rotation": {"angle": 22.5, "axis": "x", "origin": [0, 0, 0]},
			"faces": {
				"north": {"uv": [0, 0, 3, 1], "texture": "#11"},
				"east": {"uv": [0, 0, 1, 1], "texture": "#11"},
				"south": {"uv": [0, 0, 3, 1], "texture": "#11"},
				"west": {"uv": [0, 0, 1, 1], "texture": "#11"},
				"up": {"uv": [0, 0, 3, 1], "texture": "#11"},
				"down": {"uv": [0, 0, 3, 1], "texture": "#11"}
			}
		},
		{
			"from": [-4, 10, 11],
			"to": [-1, 11, 12],
			"rotation": {"angle": 22.5, "axis": "x", "origin": [0, 0, 0]},
			"faces": {
				"north": {"uv": [0, 0, 3, 1], "texture": "#11"},
				"east": {"uv": [0, 0, 1, 1], "texture": "#11"},
				"south": {"uv": [0, 0, 3, 1], "texture": "#11"},
				"west": {"uv": [0, 0, 1, 1], "texture": "#11"},
				"up": {"uv": [0, 0, 3, 1], "texture": "#11"},
				"down": {"uv": [0, 0, 3, 1], "texture": "#11"}
			}
		},
		{
			"from": [-5, 10, 12],
			"to": [-4, 11, 13],
			"rotation": {"angle": 22.5, "axis": "x", "origin": [0, 0, 0]},
			"faces": {
				"north": {"uv": [0, 0, 1, 1], "texture": "#11"},
				"east": {"uv": [0, 0, 1, 1], "texture": "#11"},
				"south": {"uv": [0, 0, 1, 1], "texture": "#11"},
				"west": {"uv": [0, 0, 1, 1], "texture": "#11"},
				"up": {"uv": [0, 0, 1, 1], "texture": "#11"},
				"down": {"uv": [0, 0, 1, 1], "texture": "#11"}
			}
		},
		{
			"from": [-5, 11, 11],
			"to": [-4, 14, 12],
			"rotation": {"angle": 22.5, "axis": "x", "origin": [0, 0, 0]},
			"faces": {
				"north": {"uv": [0, 0, 1, 3], "texture": "#11"},
				"east": {"uv": [0, 0, 1, 3], "texture": "#11"},
				"south": {"uv": [0, 0, 1, 3], "texture": "#11"},
				"west": {"uv": [0, 0, 1, 3], "texture": "#11"},
				"up": {"uv": [0, 0, 1, 1], "texture": "#11"},
				"down": {"uv": [0, 0, 1, 1], "texture": "#11"}
			}
		},
		{
			"from": [-6, 11, 12],
			"to": [-5, 14, 13],
			"rotation": {"angle": 22.5, "axis": "x", "origin": [0, 0, 0]},
			"faces": {
				"north": {"uv": [0, 0, 1, 3], "texture": "#11"},
				"east": {"uv": [0, 0, 1, 3], "texture": "#11"},
				"south": {"uv": [0, 0, 1, 3], "texture": "#11"},
				"west": {"uv": [0, 0, 1, 3], "texture": "#11"},
				"up": {"uv": [0, 0, 1, 1], "texture": "#11"},
				"down": {"uv": [0, 0, 1, 1], "texture": "#11"}
			}
		},
		{
			"from": [-5, 14, 12],
			"to": [-4, 15, 13],
			"rotation": {"angle": 22.5, "axis": "x", "origin": [0, 0, 0]},
			"faces": {
				"north": {"uv": [0, 0, 1, 1], "texture": "#11"},
				"east": {"uv": [0, 0, 1, 1], "texture": "#11"},
				"south": {"uv": [0, 0, 1, 1], "texture": "#11"},
				"west": {"uv": [0, 0, 1, 1], "texture": "#11"},
				"up": {"uv": [0, 0, 1, 1], "texture": "#11"},
				"down": {"uv": [0, 0, 1, 1], "texture": "#11"}
			}
		},
		{
			"from": [-3, 12, 11],
			"to": [-2, 13, 15],
			"rotation": {"angle": 22.5, "axis": "x", "origin": [0, 0, 0]},
			"faces": {
				"north": {"uv": [0, 0, 1, 1], "texture": "#12"},
				"east": {"uv": [0, 0, 4, 1], "texture": "#12"},
				"south": {"uv": [0, 0, 1, 1], "texture": "#12"},
				"west": {"uv": [0, 0, 4, 1], "texture": "#12"},
				"up": {"uv": [0, 0, 1, 4], "texture": "#12"},
				"down": {"uv": [0, 0, 1, 4], "texture": "#12"}
			}
		},
		{
			"from": [-3, 12, 15],
			"to": [-2, 13, 16],
			"rotation": {"angle": 22.5, "axis": "x", "origin": [0, 0, 0]},
			"faces": {
				"north": {"uv": [0, 0, 16, 16], "texture": "#13"},
				"east": {"uv": [0, 0, 16, 16], "texture": "#13"},
				"south": {"uv": [0, 0, 16, 16], "texture": "#13"},
				"west": {"uv": [0, 0, 16, 16], "texture": "#13"},
				"up": {"uv": [0, 0, 16, 16], "texture": "#13"},
				"down": {"uv": [0, 0, 16, 16], "texture": "#13"}
			}
		},
		{
			"from": [-3, 8, 14],
			"to": [-2, 9, 15],
			"faces": {
				"north": {"uv": [0, 0, 1, 1], "texture": "#0"},
				"east": {"uv": [0, 0, 1, 1], "texture": "#0"},
				"south": {"uv": [0, 0, 1, 1], "texture": "#0"},
				"west": {"uv": [0, 0, 1, 1], "texture": "#0"},
				"up": {"uv": [0, 0, 1, 1], "texture": "#0"},
				"down": {"uv": [0, 0, 1, 1], "texture": "#0"}
			}
		},
		{
			"from": [18, 8, 14],
			"to": [19, 9, 15],
			"faces": {
				"north": {"uv": [0, 0, 1, 1], "texture": "#0"},
				"east": {"uv": [0, 0, 1, 1], "texture": "#0"},
				"south": {"uv": [0, 0, 1, 1], "texture": "#0"},
				"west": {"uv": [0, 0, 1, 1], "texture": "#0"},
				"up": {"uv": [0, 0, 1, 1], "texture": "#0"},
				"down": {"uv": [0, 0, 1, 1], "texture": "#0"}
			}
		}
	],
	"display": {
		"thirdperson_righthand": {
			"rotation": [0, -180, 0],
			"translation": [0, 0, 5.5],
			"scale": [0.69, 0.69, 0.69]
		},
		"thirdperson_lefthand": {
			"rotation": [0, -180, 0],
			"translation": [0, 0, 6.25],
			"scale": [0.69, 0.69, 0.69]
		},
		"firstperson_righthand": {
			"rotation": [45, -180, 0],
			"translation": [3.5, 1, -2],
			"scale": [0.75, 0.75, 0.75]
		},
		"firstperson_lefthand": {
			"rotation": [45, -180, 0],
			"translation": [3.5, 1, -2],
			"scale": [0.75, 0.75, 0.75]
		},
		"ground": {
			"translation": [0, 0, -2.25],
			"scale": [0.67, 0.67, 0.67]
		},
		"gui": {
			"rotation": [45, -37, 0],
			"translation": [1.5, 0.25, 0],
			"scale": [0.62, 0.62, 0.62]
		},
		"head": {
			"rotation": [0, -180, 0],
			"translation": [0, -41.5, 5],
			"scale": [1.17, 1.17, 1.17]
		}
	}
}