{
	"credit": "Made with Blockbench",
	"textures": {
		"0": "block/oak_planks",
		"1": "block/stonecutter_bottom",
		"2": "block/soul_campfire_log_lit",
		"3": "block/oak_log",
		"4": "block/dark_oak_planks",
		"5": "block/anvil",
		"6": "block/brown_wool",
		"7": "block/andesite",
		"8": "block/blue_wool",
		"particle": "block/oak_planks"
	},
	"elements": [
		{
			"from": [3, -16, -16],
			"to": [13, -13, -2],
			"faces": {
				"north": {"uv": [0, 0, 10, 3], "texture": "#0"},
				"east": {"uv": [0, 0, 14, 3], "texture": "#0"},
				"south": {"uv": [0, 0, 10, 3], "texture": "#0"},
				"west": {"uv": [0, 0, 14, 3], "texture": "#0"},
				"up": {"uv": [0, 0, 10, 14], "texture": "#0"},
				"down": {"uv": [0, 0, 10, 14], "texture": "#0"}
			}
		},
		{
			"from": [1, -13, -9],
			"to": [15, -10, 5],
			"faces": {
				"north": {"uv": [0, 0, 14, 3], "texture": "#0"},
				"east": {"uv": [0, 0, 14, 3], "texture": "#0"},
				"south": {"uv": [0, 0, 14, 3], "texture": "#0"},
				"west": {"uv": [0, 0, 14, 3], "texture": "#0"},
				"up": {"uv": [0, 0, 14, 14], "texture": "#0"},
				"down": {"uv": [0, 0, 14, 14], "texture": "#0"}
			}
		},
		{
			"from": [4, -13, 5],
			"to": [12, -10, 15],
			"faces": {
				"north": {"uv": [0, 0, 8, 3], "texture": "#0"},
				"east": {"uv": [0, 0, 10, 3], "texture": "#0"},
				"south": {"uv": [0, 0, 8, 3], "texture": "#0"},
				"west": {"uv": [0, 0, 10, 3], "texture": "#0"},
				"up": {"uv": [0, 0, 8, 10], "texture": "#0"},
				"down": {"uv": [0, 0, 8, 10], "texture": "#0"}
			}
		},
		{
			"from": [1, -10, -3],
			"to": [15, -1, 18],
			"faces": {
				"north": {"uv": [0, 0, 14, 9], "texture": "#0"},
				"east": {"uv": [0, 0, 16, 9], "texture": "#0"},
				"south": {"uv": [0, 0, 14, 9], "texture": "#0"},
				"west": {"uv": [0, 0, 16, 9], "texture": "#0"},
				"up": {"uv": [0, 0, 14, 16], "texture": "#0"},
				"down": {"uv": [0, 0, 14, 16], "texture": "#0"}
			}
		},
		{
			"from": [-1, -10, -3],
			"to": [1, -1, 11],
			"faces": {
				"north": {"uv": [0, 0, 2, 9], "texture": "#0"},
				"east": {"uv": [0, 0, 14, 9], "texture": "#0"},
				"south": {"uv": [0, 0, 2, 9], "texture": "#0"},
				"west": {"uv": [0, 0, 14, 9], "texture": "#0"},
				"up": {"uv": [0, 0, 2, 14], "texture": "#0"},
				"down": {"uv": [0, 0, 2, 14], "texture": "#0"}
			}
		},
		{
			"from": [-1, -7, 11],
			"to": [1, -1, 17],
			"faces": {
				"north": {"uv": [0, 0, 2, 6], "texture": "#0"},
				"east": {"uv": [0, 0, 6, 6], "texture": "#0"},
				"south": {"uv": [0, 0, 2, 6], "texture": "#0"},
				"west": {"uv": [0, 0, 6, 6], "texture": "#0"},
				"up": {"uv": [0, 0, 2, 6], "texture": "#0"},
				"down": {"uv": [0, 0, 2, 6], "texture": "#0"}
			}
		},
		{
			"from": [15, -10, -3],
			"to": [17, -1, 11],
			"faces": {
				"north": {"uv": [0, 0, 2, 9], "texture": "#0"},
				"east": {"uv": [0, 0, 14, 9], "texture": "#0"},
				"south": {"uv": [0, 0, 2, 9], "texture": "#0"},
				"west": {"uv": [0, 0, 14, 9], "texture": "#0"},
				"up": {"uv": [0, 0, 2, 14], "texture": "#0"},
				"down": {"uv": [0, 0, 2, 14], "texture": "#0"}
			}
		},
		{
			"from": [15, -7, 11],
			"to": [17, -1, 17],
			"faces": {
				"north": {"uv": [0, 0, 2, 6], "texture": "#0"},
				"east": {"uv": [0, 0, 6, 6], "texture": "#0"},
				"south": {"uv": [0, 0, 2, 6], "texture": "#0"},
				"west": {"uv": [0, 0, 6, 6], "texture": "#0"},
				"up": {"uv": [0, 0, 2, 6], "texture": "#0"},
				"down": {"uv": [0, 0, 2, 6], "texture": "#0"}
			}
		},
		{
			"from": [-1, -5, -16],
			"to": [17, -1, -3],
			"faces": {
				"north": {"uv": [0, 0, 16, 4], "texture": "#0"},
				"east": {"uv": [0, 0, 13, 4], "texture": "#0"},
				"south": {"uv": [0, 0, 16, 4], "texture": "#0"},
				"west": {"uv": [0, 0, 13, 4], "texture": "#0"},
				"up": {"uv": [0, 0, 16, 13], "texture": "#0"},
				"down": {"uv": [0, 0, 16, 13], "texture": "#0"}
			}
		},
		{
			"from": [-1, -1, -16],
			"to": [17, 6, -12],
			"faces": {
				"north": {"uv": [0, 0, 16, 7], "texture": "#0"},
				"east": {"uv": [0, 0, 4, 7], "texture": "#0"},
				"south": {"uv": [0, 0, 16, 7], "texture": "#0"},
				"west": {"uv": [0, 0, 4, 7], "texture": "#0"},
				"up": {"uv": [0, 0, 16, 4], "texture": "#0"},
				"down": {"uv": [0, 0, 16, 4], "texture": "#0"}
			}
		},
		{
			"from": [-1, -1, -7],
			"to": [17, 6, -3],
			"faces": {
				"north": {"uv": [0, 0, 16, 7], "texture": "#0"},
				"east": {"uv": [0, 0, 4, 7], "texture": "#0"},
				"south": {"uv": [0, 0, 16, 7], "texture": "#0"},
				"west": {"uv": [0, 0, 4, 7], "texture": "#0"},
				"up": {"uv": [0, 0, 16, 4], "texture": "#0"},
				"down": {"uv": [0, 0, 16, 4], "texture": "#0"}
			}
		},
		{
			"from": [-1, 2, -12],
			"to": [17, 6, -7],
			"faces": {
				"north": {"uv": [0, 0, 16, 4], "texture": "#0"},
				"east": {"uv": [0, 0, 5, 4], "texture": "#0"},
				"south": {"uv": [0, 0, 16, 4], "texture": "#0"},
				"west": {"uv": [0, 0, 5, 4], "texture": "#0"},
				"up": {"uv": [0, 0, 16, 5], "texture": "#0"},
				"down": {"uv": [0, 0, 16, 5], "texture": "#0"}
			}
		},
		{
			"from": [1, -7, 18],
			"to": [15, -1, 24],
			"faces": {
				"north": {"uv": [0, 0, 14, 6], "texture": "#0"},
				"east": {"uv": [0, 0, 6, 6], "texture": "#0"},
				"south": {"uv": [0, 0, 14, 6], "texture": "#0"},
				"west": {"uv": [0, 0, 6, 6], "texture": "#0"},
				"up": {"uv": [0, 0, 14, 6], "texture": "#0"},
				"down": {"uv": [0, 0, 14, 6], "texture": "#0"}
			}
		},
		{
			"from": [3, -1, 18],
			"to": [13, 2, 27],
			"faces": {
				"north": {"uv": [0, 0, 10, 3], "texture": "#0"},
				"east": {"uv": [0, 0, 9, 3], "texture": "#0"},
				"south": {"uv": [0, 0, 10, 3], "texture": "#0"},
				"west": {"uv": [0, 0, 9, 3], "texture": "#0"},
				"up": {"uv": [0, 0, 10, 9], "texture": "#0"},
				"down": {"uv": [0, 0, 10, 9], "texture": "#0"}
			}
		},
		{
			"from": [3, -5, 23],
			"to": [13, -1, 27],
			"faces": {
				"north": {"uv": [0, 0, 10, 4], "texture": "#0"},
				"east": {"uv": [0, 0, 4, 4], "texture": "#0"},
				"south": {"uv": [0, 0, 10, 4], "texture": "#0"},
				"west": {"uv": [0, 0, 4, 4], "texture": "#0"},
				"up": {"uv": [0, 0, 10, 4], "texture": "#0"},
				"down": {"uv": [0, 0, 10, 4], "texture": "#0"}
			}
		},
		{
			"from": [3, 2, 25],
			"to": [13, 4, 31],
			"faces": {
				"north": {"uv": [0, 0, 10, 2], "texture": "#0"},
				"east": {"uv": [0, 0, 6, 2], "texture": "#0"},
				"south": {"uv": [0, 0, 10, 2], "texture": "#0"},
				"west": {"uv": [0, 0, 6, 2], "texture": "#0"},
				"up": {"uv": [0, 0, 10, 6], "texture": "#0"},
				"down": {"uv": [0, 0, 10, 6], "texture": "#0"}
			}
		},
		{
			"from": [3, 4, 29],
			"to": [13, 6, 32],
			"faces": {
				"north": {"uv": [0, 0, 10, 2], "texture": "#0"},
				"east": {"uv": [0, 0, 3, 2], "texture": "#0"},
				"south": {"uv": [0, 0, 10, 2], "texture": "#0"},
				"west": {"uv": [0, 0, 3, 2], "texture": "#0"},
				"up": {"uv": [0, 0, 10, 3], "texture": "#0"},
				"down": {"uv": [0, 0, 10, 3], "texture": "#0"}
			}
		},
		{
			"from": [3, -2, 27],
			"to": [13, 2, 30],
			"faces": {
				"north": {"uv": [0, 0, 10, 4], "texture": "#0"},
				"east": {"uv": [0, 0, 3, 4], "texture": "#0"},
				"south": {"uv": [0, 0, 10, 4], "texture": "#0"},
				"west": {"uv": [0, 0, 3, 4], "texture": "#0"},
				"up": {"uv": [0, 0, 10, 3], "texture": "#0"},
				"down": {"uv": [0, 0, 10, 3], "texture": "#0"}
			}
		},
		{
			"from": [6, -10, -4],
			"to": [10, -5, -3],
			"faces": {
				"north": {"uv": [2, 6, 12, 16], "texture": "#2"},
				"east": {"uv": [0, 0, 1, 5], "texture": "#1"},
				"south": {"uv": [0, 0, 4, 5], "texture": "#1"},
				"west": {"uv": [0, 0, 1, 5], "texture": "#1"},
				"up": {"uv": [0, 0, 4, 1], "texture": "#1"},
				"down": {"uv": [0, 0, 4, 1], "texture": "#1"}
			}
		},
		{
			"from": [5, -10, -11],
			"to": [6, -5, -3],
			"faces": {
				"north": {"uv": [0, 0, 1, 5], "texture": "#1"},
				"east": {"uv": [0, 0, 8, 5], "texture": "#1"},
				"south": {"uv": [0, 0, 1, 5], "texture": "#1"},
				"west": {"uv": [0, 0, 8, 5], "texture": "#1"},
				"up": {"uv": [0, 0, 1, 8], "texture": "#1"},
				"down": {"uv": [0, 0, 1, 8], "texture": "#1"}
			}
		},
		{
			"from": [9, -10, -11],
			"to": [10, -5, -3],
			"faces": {
				"north": {"uv": [0, 0, 1, 5], "texture": "#1"},
				"east": {"uv": [0, 0, 8, 5], "texture": "#1"},
				"south": {"uv": [0, 0, 1, 5], "texture": "#1"},
				"west": {"uv": [0, 0, 8, 5], "texture": "#1"},
				"up": {"uv": [0, 0, 1, 8], "texture": "#1"},
				"down": {"uv": [0, 0, 1, 8], "texture": "#1"}
			}
		},
		{
			"from": [6, -6, -11],
			"to": [9, -5, -3],
			"faces": {
				"north": {"uv": [0, 0, 3, 1], "texture": "#1"},
				"east": {"uv": [0, 0, 8, 1], "texture": "#1"},
				"south": {"uv": [0, 0, 3, 1], "texture": "#1"},
				"west": {"uv": [0, 0, 8, 1], "texture": "#1"},
				"up": {"uv": [0, 0, 3, 8], "texture": "#1"},
				"down": {"uv": [0, 0, 3, 8], "texture": "#1"}
			}
		},
		{
			"from": [6, -10, -11],
			"to": [9, -9, -3],
			"faces": {
				"north": {"uv": [0, 0, 3, 1], "texture": "#1"},
				"east": {"uv": [0, 0, 8, 1], "texture": "#1"},
				"south": {"uv": [0, 0, 3, 1], "texture": "#1"},
				"west": {"uv": [0, 0, 8, 1], "texture": "#1"},
				"up": {"uv": [0, 0, 3, 8], "texture": "#1"},
				"down": {"uv": [0, 0, 3, 8], "texture": "#1"}
			}
		},
		{
			"from": [-3, -7, -5],
			"to": [-2, -4, 9],
			"faces": {
				"north": {"uv": [0, 0, 1, 3], "texture": "#1"},
				"east": {"uv": [0, 0, 14, 3], "texture": "#1"},
				"south": {"uv": [0, 0, 1, 3], "texture": "#1"},
				"west": {"uv": [0, 0, 14, 3], "texture": "#1"},
				"up": {"uv": [0, 0, 1, 14], "texture": "#1"},
				"down": {"uv": [0, 0, 1, 14], "texture": "#1"}
			}
		},
		{
			"from": [-8, -8, 9],
			"to": [-4, -3, 10],
			"faces": {
				"north": {"uv": [0, 0, 4, 5], "texture": "#1"},
				"east": {"uv": [0, 0, 1, 5], "texture": "#1"},
				"south": {"uv": [6, 6, 10, 11], "texture": "#1"},
				"west": {"uv": [0, 0, 1, 5], "texture": "#1"},
				"up": {"uv": [0, 0, 4, 1], "texture": "#1"},
				"down": {"uv": [0, 0, 4, 1], "texture": "#1"}
			}
		},
		{
			"from": [-9, -7, 9],
			"to": [-8, -4, 10],
			"faces": {
				"north": {"uv": [0, 0, 1, 3], "texture": "#1"},
				"east": {"uv": [0, 0, 1, 3], "texture": "#1"},
				"south": {"uv": [0, 0, 1, 3], "texture": "#1"},
				"west": {"uv": [0, 0, 1, 3], "texture": "#1"},
				"up": {"uv": [0, 0, 1, 1], "texture": "#1"},
				"down": {"uv": [0, 0, 1, 1], "texture": "#1"}
			}
		},
		{
			"from": [-4, -7, 9],
			"to": [-3, -4, 10],
			"faces": {
				"north": {"uv": [0, 0, 1, 3], "texture": "#1"},
				"east": {"uv": [0, 0, 1, 3], "texture": "#1"},
				"south": {"uv": [0, 0, 1, 3], "texture": "#1"},
				"west": {"uv": [0, 0, 1, 3], "texture": "#1"},
				"up": {"uv": [0, 0, 1, 1], "texture": "#1"},
				"down": {"uv": [0, 0, 1, 1], "texture": "#1"}
			}
		},
		{
			"from": [-10, -7, -5],
			"to": [-9, -4, 9],
			"faces": {
				"north": {"uv": [0, 0, 1, 3], "texture": "#1"},
				"east": {"uv": [0, 0, 14, 3], "texture": "#1"},
				"south": {"uv": [0, 0, 1, 3], "texture": "#1"},
				"west": {"uv": [0, 2, 14, 5], "texture": "#1"},
				"up": {"uv": [0, 0, 1, 14], "texture": "#1"},
				"down": {"uv": [0, 0, 1, 14], "texture": "#1"}
			}
		},
		{
			"from": [-9, -8, -5],
			"to": [-8, -7, 9],
			"faces": {
				"north": {"uv": [0, 0, 1, 1], "texture": "#1"},
				"east": {"uv": [0, 0, 14, 1], "texture": "#1"},
				"south": {"uv": [0, 0, 1, 1], "texture": "#1"},
				"west": {"uv": [0, 0, 14, 1], "texture": "#1"},
				"up": {"uv": [0, 0, 1, 14], "texture": "#1"},
				"down": {"uv": [0, 0, 1, 14], "texture": "#1"}
			}
		},
		{
			"from": [-9, -4, -5],
			"to": [-8, -3, 9],
			"faces": {
				"north": {"uv": [0, 0, 1, 1], "texture": "#1"},
				"east": {"uv": [0, 0, 14, 1], "texture": "#1"},
				"south": {"uv": [0, 0, 1, 1], "texture": "#1"},
				"west": {"uv": [0, 0, 14, 1], "texture": "#1"},
				"up": {"uv": [0, 0, 1, 14], "texture": "#1"},
				"down": {"uv": [0, 0, 1, 14], "texture": "#1"}
			}
		},
		{
			"from": [-4, -4, -5],
			"to": [-3, -3, 9],
			"faces": {
				"north": {"uv": [0, 0, 1, 1], "texture": "#1"},
				"east": {"uv": [0, 0, 14, 1], "texture": "#1"},
				"south": {"uv": [0, 0, 1, 1], "texture": "#1"},
				"west": {"uv": [0, 0, 14, 1], "texture": "#1"},
				"up": {"uv": [0, 0, 1, 14], "texture": "#1"},
				"down": {"uv": [0, 0, 1, 14], "texture": "#1"}
			}
		},
		{
			"from": [-4, -8, -5],
			"to": [-3, -7, 9],
			"faces": {
				"north": {"uv": [0, 0, 1, 1], "texture": "#1"},
				"east": {"uv": [0, 0, 14, 1], "texture": "#1"},
				"south": {"uv": [0, 0, 1, 1], "texture": "#1"},
				"west": {"uv": [0, 0, 14, 1], "texture": "#1"},
				"up": {"uv": [0, 0, 1, 14], "texture": "#1"},
				"down": {"uv": [0, 0, 1, 14], "texture": "#1"}
			}
		},
		{
			"from": [-8, -3, -5],
			"to": [-4, -2, 9],
			"faces": {
				"north": {"uv": [0, 0, 4, 1], "texture": "#1"},
				"east": {"uv": [0, 0, 14, 1], "texture": "#1"},
				"south": {"uv": [0, 0, 4, 1], "texture": "#1"},
				"west": {"uv": [0, 0, 14, 1], "texture": "#1"},
				"up": {"uv": [0, 0, 4, 14], "texture": "#1"},
				"down": {"uv": [0, 0, 4, 14], "texture": "#1"}
			}
		},
		{
			"from": [-8, -9, -5],
			"to": [-4, -8, 9],
			"faces": {
				"north": {"uv": [0, 0, 4, 1], "texture": "#1"},
				"east": {"uv": [0, 0, 14, 1], "texture": "#1"},
				"south": {"uv": [0, 0, 4, 1], "texture": "#1"},
				"west": {"uv": [0, 0, 14, 1], "texture": "#1"},
				"up": {"uv": [0, 0, 4, 14], "texture": "#1"},
				"down": {"uv": [2, 0, 6, 14], "texture": "#1"}
			}
		},
		{
			"from": [20, -9, -5],
			"to": [24, -8, 9],
			"faces": {
				"north": {"uv": [0, 0, 4, 1], "texture": "#1"},
				"east": {"uv": [0, 0, 14, 1], "texture": "#1"},
				"south": {"uv": [0, 0, 4, 1], "texture": "#1"},
				"west": {"uv": [0, 0, 14, 1], "texture": "#1"},
				"up": {"uv": [0, 0, 4, 14], "texture": "#1"},
				"down": {"uv": [3, 0, 7, 14], "texture": "#1"}
			}
		},
		{
			"from": [24, -8, -5],
			"to": [25, -7, 9],
			"faces": {
				"north": {"uv": [0, 0, 1, 1], "texture": "#1"},
				"east": {"uv": [0, 0, 14, 1], "texture": "#1"},
				"south": {"uv": [0, 0, 1, 1], "texture": "#1"},
				"west": {"uv": [0, 0, 14, 1], "texture": "#1"},
				"up": {"uv": [0, 0, 1, 14], "texture": "#1"},
				"down": {"uv": [0, 0, 1, 14], "texture": "#1"}
			}
		},
		{
			"from": [25, -7, -5],
			"to": [26, -4, 9],
			"faces": {
				"north": {"uv": [0, 0, 1, 3], "texture": "#1"},
				"east": {"uv": [0, 2, 14, 5], "texture": "#1"},
				"south": {"uv": [0, 0, 1, 3], "texture": "#1"},
				"west": {"uv": [0, 0, 14, 3], "texture": "#1"},
				"up": {"uv": [0, 0, 1, 14], "texture": "#1"},
				"down": {"uv": [0, 0, 1, 14], "texture": "#1"}
			}
		},
		{
			"from": [20, -3, -5],
			"to": [24, -2, 9],
			"faces": {
				"north": {"uv": [0, 0, 4, 1], "texture": "#1"},
				"east": {"uv": [0, 0, 14, 1], "texture": "#1"},
				"south": {"uv": [0, 0, 4, 1], "texture": "#1"},
				"west": {"uv": [0, 0, 14, 1], "texture": "#1"},
				"up": {"uv": [0, 0, 4, 14], "texture": "#1"},
				"down": {"uv": [0, 0, 4, 14], "texture": "#1"}
			}
		},
		{
			"from": [24, -4, -5],
			"to": [25, -3, 9],
			"faces": {
				"north": {"uv": [0, 0, 1, 1], "texture": "#1"},
				"east": {"uv": [0, 0, 14, 1], "texture": "#1"},
				"south": {"uv": [0, 0, 1, 1], "texture": "#1"},
				"west": {"uv": [0, 0, 14, 1], "texture": "#1"},
				"up": {"uv": [0, 0, 1, 14], "texture": "#1"},
				"down": {"uv": [0, 0, 1, 14], "texture": "#1"}
			}
		},
		{
			"from": [19, -4, -5],
			"to": [20, -3, 9],
			"faces": {
				"north": {"uv": [0, 0, 1, 1], "texture": "#1"},
				"east": {"uv": [0, 0, 14, 1], "texture": "#1"},
				"south": {"uv": [0, 0, 1, 1], "texture": "#1"},
				"west": {"uv": [0, 0, 14, 1], "texture": "#1"},
				"up": {"uv": [0, 0, 1, 14], "texture": "#1"},
				"down": {"uv": [0, 0, 1, 14], "texture": "#1"}
			}
		},
		{
			"from": [18, -7, -5],
			"to": [19, -4, 9],
			"faces": {
				"north": {"uv": [0, 0, 1, 3], "texture": "#1"},
				"east": {"uv": [0, 0, 14, 3], "texture": "#1"},
				"south": {"uv": [0, 0, 1, 3], "texture": "#1"},
				"west": {"uv": [0, 0, 14, 3], "texture": "#1"},
				"up": {"uv": [0, 0, 1, 14], "texture": "#1"},
				"down": {"uv": [0, 0, 1, 14], "texture": "#1"}
			}
		},
		{
			"from": [19, -7, 9],
			"to": [20, -4, 10],
			"faces": {
				"north": {"uv": [0, 0, 1, 3], "texture": "#1"},
				"east": {"uv": [0, 0, 1, 3], "texture": "#1"},
				"south": {"uv": [0, 0, 1, 3], "texture": "#1"},
				"west": {"uv": [0, 0, 1, 3], "texture": "#1"},
				"up": {"uv": [0, 0, 1, 1], "texture": "#1"},
				"down": {"uv": [0, 0, 1, 1], "texture": "#1"}
			}
		},
		{
			"from": [24, -7, 9],
			"to": [25, -4, 10],
			"faces": {
				"north": {"uv": [0, 0, 1, 3], "texture": "#1"},
				"east": {"uv": [0, 0, 1, 3], "texture": "#1"},
				"south": {"uv": [0, 0, 1, 3], "texture": "#1"},
				"west": {"uv": [0, 0, 1, 3], "texture": "#1"},
				"up": {"uv": [0, 0, 1, 1], "texture": "#1"},
				"down": {"uv": [0, 0, 1, 1], "texture": "#1"}
			}
		},
		{
			"from": [20, -8, 9],
			"to": [24, -3, 10],
			"faces": {
				"north": {"uv": [0, 0, 4, 5], "texture": "#1"},
				"east": {"uv": [0, 0, 1, 5], "texture": "#1"},
				"south": {"uv": [6, 6, 10, 11], "texture": "#1"},
				"west": {"uv": [0, 0, 1, 5], "texture": "#1"},
				"up": {"uv": [0, 0, 4, 1], "texture": "#1"},
				"down": {"uv": [0, 0, 4, 1], "texture": "#1"}
			}
		},
		{
			"from": [19, -8, -5],
			"to": [20, -7, 9],
			"faces": {
				"north": {"uv": [0, 0, 1, 1], "texture": "#1"},
				"east": {"uv": [0, 0, 14, 1], "texture": "#1"},
				"south": {"uv": [0, 0, 1, 1], "texture": "#1"},
				"west": {"uv": [0, 0, 14, 1], "texture": "#1"},
				"up": {"uv": [0, 0, 1, 14], "texture": "#1"},
				"down": {"uv": [0, 0, 1, 14], "texture": "#1"}
			}
		},
		{
			"from": [-2, -7, -3],
			"to": [-1, -5, 1],
			"faces": {
				"north": {"uv": [0, 0, 1, 2], "texture": "#3"},
				"east": {"uv": [0, 0, 4, 2], "texture": "#3"},
				"south": {"uv": [0, 0, 1, 2], "texture": "#3"},
				"west": {"uv": [0, 0, 4, 2], "texture": "#3"},
				"up": {"uv": [0, 0, 1, 4], "texture": "#3"},
				"down": {"uv": [0, 0, 1, 4], "texture": "#3"}
			}
		},
		{
			"from": [-2, -7, 4],
			"to": [-1, -5, 8],
			"faces": {
				"north": {"uv": [0, 0, 1, 2], "texture": "#3"},
				"east": {"uv": [0, 0, 4, 2], "texture": "#3"},
				"south": {"uv": [0, 0, 1, 2], "texture": "#3"},
				"west": {"uv": [0, 0, 4, 2], "texture": "#3"},
				"up": {"uv": [0, 0, 1, 4], "texture": "#3"},
				"down": {"uv": [0, 0, 1, 4], "texture": "#3"}
			}
		},
		{
			"from": [17, -7, -3],
			"to": [18, -5, 1],
			"faces": {
				"north": {"uv": [0, 0, 1, 2], "texture": "#3"},
				"east": {"uv": [0, 0, 4, 2], "texture": "#3"},
				"south": {"uv": [0, 0, 1, 2], "texture": "#3"},
				"west": {"uv": [0, 0, 4, 2], "texture": "#3"},
				"up": {"uv": [0, 0, 1, 4], "texture": "#3"},
				"down": {"uv": [0, 0, 1, 4], "texture": "#3"}
			}
		},
		{
			"from": [17, -7, 4],
			"to": [18, -5, 8],
			"faces": {
				"north": {"uv": [0, 0, 1, 2], "texture": "#3"},
				"east": {"uv": [0, 0, 4, 2], "texture": "#3"},
				"south": {"uv": [0, 0, 1, 2], "texture": "#3"},
				"west": {"uv": [0, 0, 4, 2], "texture": "#3"},
				"up": {"uv": [0, 0, 1, 4], "texture": "#3"},
				"down": {"uv": [0, 0, 1, 4], "texture": "#3"}
			}
		},
		{
			"from": [-8, -8, 0],
			"to": [-4, -3, 1],
			"faces": {
				"north": {"uv": [6, 7, 10, 12], "texture": "#2"},
				"east": {"uv": [0, 0, 1, 5], "texture": "#2"},
				"south": {"uv": [0, 0, 4, 5], "texture": "#2"},
				"west": {"uv": [0, 0, 1, 5], "texture": "#2"},
				"up": {"uv": [0, 0, 4, 1], "texture": "#2"},
				"down": {"uv": [0, 0, 4, 1], "texture": "#2"}
			}
		},
		{
			"from": [-4, -7, 0],
			"to": [-3, -4, 1],
			"faces": {
				"north": {"uv": [9, 6, 10, 9], "texture": "#2"},
				"east": {"uv": [0, 0, 1, 3], "texture": "#2"},
				"south": {"uv": [0, 0, 1, 3], "texture": "#2"},
				"west": {"uv": [0, 0, 1, 3], "texture": "#2"},
				"up": {"uv": [0, 0, 1, 1], "texture": "#2"},
				"down": {"uv": [0, 0, 1, 1], "texture": "#2"}
			}
		},
		{
			"from": [-9, -7, 0],
			"to": [-8, -4, 1],
			"faces": {
				"north": {"uv": [9, 6, 10, 9], "texture": "#2"},
				"east": {"uv": [0, 0, 1, 3], "texture": "#2"},
				"south": {"uv": [0, 0, 1, 3], "texture": "#2"},
				"west": {"uv": [0, 0, 1, 3], "texture": "#2"},
				"up": {"uv": [0, 0, 1, 1], "texture": "#2"},
				"down": {"uv": [0, 0, 1, 1], "texture": "#2"}
			}
		},
		{
			"from": [24, -7, 0],
			"to": [25, -4, 1],
			"faces": {
				"north": {"uv": [9, 6, 10, 9], "texture": "#2"},
				"east": {"uv": [0, 0, 1, 3], "texture": "#2"},
				"south": {"uv": [0, 0, 1, 3], "texture": "#2"},
				"west": {"uv": [0, 0, 1, 3], "texture": "#2"},
				"up": {"uv": [0, 0, 1, 1], "texture": "#2"},
				"down": {"uv": [0, 0, 1, 1], "texture": "#2"}
			}
		},
		{
			"from": [19, -7, 0],
			"to": [20, -4, 1],
			"faces": {
				"north": {"uv": [9, 6, 10, 9], "texture": "#2"},
				"east": {"uv": [0, 0, 1, 3], "texture": "#2"},
				"south": {"uv": [0, 0, 1, 3], "texture": "#2"},
				"west": {"uv": [0, 0, 1, 3], "texture": "#2"},
				"up": {"uv": [0, 0, 1, 1], "texture": "#2"},
				"down": {"uv": [0, 0, 1, 1], "texture": "#2"}
			}
		},
		{
			"from": [20, -8, 0],
			"to": [24, -3, 1],
			"faces": {
				"north": {"uv": [6, 7, 10, 12], "texture": "#2"},
				"east": {"uv": [0, 0, 1, 5], "texture": "#2"},
				"south": {"uv": [0, 0, 4, 5], "texture": "#2"},
				"west": {"uv": [0, 0, 1, 5], "texture": "#2"},
				"up": {"uv": [0, 0, 4, 1], "texture": "#2"},
				"down": {"uv": [0, 0, 4, 1], "texture": "#2"}
			}
		},
		{
			"from": [-1, -1, -3],
			"to": [1, 1, -1],
			"faces": {
				"north": {"uv": [0, 0, 2, 2], "texture": "#4"},
				"east": {"uv": [0, 0, 2, 2], "texture": "#4"},
				"south": {"uv": [0, 0, 2, 2], "texture": "#4"},
				"west": {"uv": [0, 0, 2, 2], "texture": "#4"},
				"up": {"uv": [0, 0, 2, 2], "texture": "#4"},
				"down": {"uv": [0, 0, 2, 2], "texture": "#4"}
			}
		},
		{
			"from": [-1, -1, 15],
			"to": [1, 1, 17],
			"faces": {
				"north": {"uv": [0, 0, 2, 2], "texture": "#4"},
				"east": {"uv": [0, 0, 2, 2], "texture": "#4"},
				"south": {"uv": [0, 0, 2, 2], "texture": "#4"},
				"west": {"uv": [0, 0, 2, 2], "texture": "#4"},
				"up": {"uv": [0, 0, 2, 2], "texture": "#4"},
				"down": {"uv": [0, 0, 2, 2], "texture": "#4"}
			}
		},
		{
			"from": [-1, -1, 6],
			"to": [1, 1, 8],
			"faces": {
				"north": {"uv": [0, 0, 2, 2], "texture": "#4"},
				"east": {"uv": [0, 0, 2, 2], "texture": "#4"},
				"south": {"uv": [0, 0, 2, 2], "texture": "#4"},
				"west": {"uv": [0, 0, 2, 2], "texture": "#4"},
				"up": {"uv": [0, 0, 2, 2], "texture": "#4"},
				"down": {"uv": [0, 0, 2, 2], "texture": "#4"}
			}
		},
		{
			"from": [15, -1, 6],
			"to": [17, 1, 8],
			"faces": {
				"north": {"uv": [0, 0, 2, 2], "texture": "#4"},
				"east": {"uv": [0, 0, 2, 2], "texture": "#4"},
				"south": {"uv": [0, 0, 2, 2], "texture": "#4"},
				"west": {"uv": [0, 0, 2, 2], "texture": "#4"},
				"up": {"uv": [0, 0, 2, 2], "texture": "#4"},
				"down": {"uv": [0, 0, 2, 2], "texture": "#4"}
			}
		},
		{
			"from": [15, 1, -3],
			"to": [17, 2, 17],
			"faces": {
				"north": {"uv": [0, 0, 2, 1], "texture": "#4"},
				"east": {"uv": [0, 0, 16, 1], "texture": "#4"},
				"south": {"uv": [0, 0, 2, 1], "texture": "#4"},
				"west": {"uv": [0, 0, 16, 1], "texture": "#4"},
				"up": {"uv": [0, 0, 2, 16], "texture": "#4"},
				"down": {"uv": [0, 0, 2, 16], "texture": "#4"}
			}
		},
		{
			"from": [-1, 1, -3],
			"to": [1, 2, 17],
			"faces": {
				"north": {"uv": [0, 0, 2, 1], "texture": "#4"},
				"east": {"uv": [0, 0, 16, 1], "texture": "#4"},
				"south": {"uv": [0, 0, 2, 1], "texture": "#4"},
				"west": {"uv": [0, 0, 16, 1], "texture": "#4"},
				"up": {"uv": [0, 0, 2, 16], "texture": "#4"},
				"down": {"uv": [0, 0, 2, 16], "texture": "#4"}
			}
		},
		{
			"from": [1, 1, 15],
			"to": [3, 2, 24],
			"faces": {
				"north": {"uv": [0, 0, 2, 1], "texture": "#4"},
				"east": {"uv": [0, 0, 9, 1], "texture": "#4"},
				"south": {"uv": [0, 0, 2, 1], "texture": "#4"},
				"west": {"uv": [0, 0, 9, 1], "texture": "#4"},
				"up": {"uv": [0, 0, 2, 9], "texture": "#4"},
				"down": {"uv": [0, 0, 2, 9], "texture": "#4"}
			}
		},
		{
			"from": [13, 1, 15],
			"to": [15, 2, 24],
			"faces": {
				"north": {"uv": [0, 0, 2, 1], "texture": "#4"},
				"east": {"uv": [0, 0, 9, 1], "texture": "#4"},
				"south": {"uv": [0, 0, 2, 1], "texture": "#4"},
				"west": {"uv": [0, 0, 9, 1], "texture": "#4"},
				"up": {"uv": [0, 0, 2, 9], "texture": "#4"},
				"down": {"uv": [0, 0, 2, 9], "texture": "#4"}
			}
		},
		{
			"from": [1, -1, 22],
			"to": [3, 1, 24],
			"faces": {
				"north": {"uv": [0, 0, 2, 2], "texture": "#4"},
				"east": {"uv": [0, 0, 2, 2], "texture": "#4"},
				"south": {"uv": [0, 0, 2, 2], "texture": "#4"},
				"west": {"uv": [0, 0, 2, 2], "texture": "#4"},
				"up": {"uv": [0, 0, 2, 2], "texture": "#4"},
				"down": {"uv": [0, 0, 2, 2], "texture": "#4"}
			}
		},
		{
			"from": [15, -1, -3],
			"to": [17, 1, -1],
			"faces": {
				"north": {"uv": [0, 0, 2, 2], "texture": "#4"},
				"east": {"uv": [0, 0, 2, 2], "texture": "#4"},
				"south": {"uv": [0, 0, 2, 2], "texture": "#4"},
				"west": {"uv": [0, 0, 2, 2], "texture": "#4"},
				"up": {"uv": [0, 0, 2, 2], "texture": "#4"},
				"down": {"uv": [0, 0, 2, 2], "texture": "#4"}
			}
		},
		{
			"from": [15, -1, 15],
			"to": [17, 1, 17],
			"faces": {
				"north": {"uv": [0, 0, 2, 2], "texture": "#4"},
				"east": {"uv": [0, 0, 2, 2], "texture": "#4"},
				"south": {"uv": [0, 0, 2, 2], "texture": "#4"},
				"west": {"uv": [0, 0, 2, 2], "texture": "#4"},
				"up": {"uv": [0, 0, 2, 2], "texture": "#4"},
				"down": {"uv": [0, 0, 2, 2], "texture": "#4"}
			}
		},
		{
			"from": [13, -1, 22],
			"to": [15, 1, 24],
			"faces": {
				"north": {"uv": [0, 0, 2, 2], "texture": "#4"},
				"east": {"uv": [0, 0, 2, 2], "texture": "#4"},
				"south": {"uv": [0, 0, 2, 2], "texture": "#4"},
				"west": {"uv": [0, 0, 2, 2], "texture": "#4"},
				"up": {"uv": [0, 0, 2, 2], "texture": "#4"},
				"down": {"uv": [0, 0, 2, 2], "texture": "#4"}
			}
		},
		{
			"from": [7, 6, 29],
			"to": [9, 8, 31],
			"faces": {
				"north": {"uv": [0, 0, 2, 2], "texture": "#5"},
				"east": {"uv": [0, 0, 2, 2], "texture": "#5"},
				"south": {"uv": [0, 0, 2, 2], "texture": "#5"},
				"west": {"uv": [0, 0, 2, 2], "texture": "#5"},
				"up": {"uv": [0, 0, 2, 2], "texture": "#5"},
				"down": {"uv": [0, 0, 2, 2], "texture": "#5"}
			}
		},
		{
			"from": [3.5, 6, -13],
			"to": [5.5, 8, -11],
			"faces": {
				"north": {"uv": [0, 0, 2, 2], "texture": "#5"},
				"east": {"uv": [0, 0, 2, 2], "texture": "#5"},
				"south": {"uv": [0, 0, 2, 2], "texture": "#5"},
				"west": {"uv": [0, 0, 2, 2], "texture": "#5"},
				"up": {"uv": [0, 0, 2, 2], "texture": "#5"},
				"down": {"uv": [0, 0, 2, 2], "texture": "#5"}
			}
		},
		{
			"from": [11.5, 6, -13],
			"to": [13.5, 8, -11],
			"faces": {
				"north": {"uv": [0, 0, 2, 2], "texture": "#5"},
				"east": {"uv": [0, 0, 2, 2], "texture": "#5"},
				"south": {"uv": [0, 0, 2, 2], "texture": "#5"},
				"west": {"uv": [0, 0, 2, 2], "texture": "#5"},
				"up": {"uv": [0, 0, 2, 2], "texture": "#5"},
				"down": {"uv": [0, 0, 2, 2], "texture": "#5"}
			}
		},
		{
			"from": [7.5, -5, 30],
			"to": [8.5, 5, 31],
			"rotation": {"angle": -22.5, "axis": "x", "origin": [0, 0, 0]},
			"faces": {
				"north": {"uv": [0, 0, 1, 15], "texture": "#6"},
				"east": {"uv": [0, 0, 1, 15], "texture": "#6"},
				"south": {"uv": [0, 0, 1, 15], "texture": "#6"},
				"west": {"uv": [0, 0, 1, 15], "texture": "#6"},
				"up": {"uv": [0, 0, 1, 1], "texture": "#6"},
				"down": {"uv": [0, 0, 1, 1], "texture": "#6"}
			}
		},
		{
			"from": [4, 0, -14],
			"to": [5, 12, -13],
			"rotation": {"angle": 22.5, "axis": "x", "origin": [0, 0, 0]},
			"faces": {
				"north": {"uv": [0, 0, 1, 16], "texture": "#6"},
				"east": {"uv": [0, 0, 1, 16], "texture": "#6"},
				"south": {"uv": [0, 0, 1, 16], "texture": "#6"},
				"west": {"uv": [0, 0, 1, 16], "texture": "#6"},
				"up": {"uv": [0, 0, 1, 1], "texture": "#6"},
				"down": {"uv": [0, 0, 1, 1], "texture": "#6"}
			}
		},
		{
			"from": [12, 0, -14],
			"to": [13, 12, -13],
			"rotation": {"angle": 22.5, "axis": "x", "origin": [0, 0, 0]},
			"faces": {
				"north": {"uv": [0, 0, 1, 16], "texture": "#6"},
				"east": {"uv": [0, 0, 1, 16], "texture": "#6"},
				"south": {"uv": [0, 0, 1, 16], "texture": "#6"},
				"west": {"uv": [0, 0, 1, 16], "texture": "#6"},
				"up": {"uv": [0, 0, 1, 1], "texture": "#6"},
				"down": {"uv": [0, 0, 1, 1], "texture": "#6"}
			}
		},
		{
			"from": [5, 18, 29],
			"to": [12, 19, 30],
			"faces": {
				"north": {"uv": [0, 0, 7, 1], "texture": "#8"},
				"east": {"uv": [0, 0, 1, 1], "texture": "#8"},
				"south": {"uv": [0, 0, 7, 1], "texture": "#8"},
				"west": {"uv": [0, 0, 1, 1], "texture": "#8"},
				"up": {"uv": [0, 0, 7, 1], "texture": "#8"},
				"down": {"uv": [0, 0, 7, 1], "texture": "#8"}
			}
		},
		{
			"from": [7, 17, 28],
			"to": [10, 18, 29],
			"faces": {
				"north": {"uv": [0, 0, 3, 1], "texture": "#8"},
				"east": {"uv": [0, 0, 1, 1], "texture": "#8"},
				"south": {"uv": [0, 0, 3, 1], "texture": "#8"},
				"west": {"uv": [0, 0, 1, 1], "texture": "#8"},
				"up": {"uv": [0, 0, 3, 1], "texture": "#8"},
				"down": {"uv": [0, 0, 3, 1], "texture": "#8"}
			}
		},
		{
			"from": [4, 19, 29],
			"to": [13, 24, 30],
			"faces": {
				"north": {"uv": [0, 0, 9, 5], "texture": "#8"},
				"east": {"uv": [0, 0, 1, 5], "texture": "#8"},
				"south": {"uv": [0, 0, 9, 5], "texture": "#8"},
				"west": {"uv": [0, 0, 1, 5], "texture": "#8"},
				"up": {"uv": [0, 0, 9, 1], "texture": "#8"},
				"down": {"uv": [0, 0, 9, 1], "texture": "#8"}
			}
		},
		{
			"from": [5, 24, 29],
			"to": [12, 25, 30],
			"faces": {
				"north": {"uv": [0, 0, 7, 1], "texture": "#8"},
				"east": {"uv": [0, 0, 1, 1], "texture": "#8"},
				"south": {"uv": [0, 0, 7, 1], "texture": "#8"},
				"west": {"uv": [0, 0, 1, 1], "texture": "#8"},
				"up": {"uv": [0, 0, 7, 1], "texture": "#8"},
				"down": {"uv": [0, 0, 7, 1], "texture": "#8"}
			}
		},
		{
			"from": [7, 25, 28],
			"to": [10, 26, 29],
			"faces": {
				"north": {"uv": [0, 0, 3, 1], "texture": "#8"},
				"east": {"uv": [0, 0, 1, 1], "texture": "#8"},
				"south": {"uv": [0, 0, 3, 1], "texture": "#8"},
				"west": {"uv": [0, 0, 1, 1], "texture": "#8"},
				"up": {"uv": [0, 0, 3, 1], "texture": "#8"},
				"down": {"uv": [0, 0, 3, 1], "texture": "#8"}
			}
		},
		{
			"from": [14, 20, 28],
			"to": [15, 23, 29],
			"faces": {
				"north": {"uv": [0, 0, 1, 3], "texture": "#8"},
				"east": {"uv": [0, 0, 1, 3], "texture": "#8"},
				"south": {"uv": [0, 0, 1, 3], "texture": "#8"},
				"west": {"uv": [0, 0, 1, 3], "texture": "#8"},
				"up": {"uv": [0, 0, 1, 1], "texture": "#8"},
				"down": {"uv": [0, 0, 1, 1], "texture": "#8"}
			}
		},
		{
			"from": [14, 18, 27],
			"to": [15, 25, 28],
			"faces": {
				"north": {"uv": [0, 0, 1, 7], "texture": "#8"},
				"east": {"uv": [0, 0, 1, 7], "texture": "#8"},
				"south": {"uv": [0, 0, 1, 7], "texture": "#8"},
				"west": {"uv": [0, 0, 1, 7], "texture": "#8"},
				"up": {"uv": [0, 0, 1, 1], "texture": "#8"},
				"down": {"uv": [0, 0, 1, 1], "texture": "#8"}
			}
		},
		{
			"from": [3, 18, 28],
			"to": [14, 25, 29],
			"faces": {
				"north": {"uv": [0, 0, 11, 7], "texture": "#8"},
				"east": {"uv": [0, 0, 1, 7], "texture": "#8"},
				"south": {"uv": [0, 0, 11, 7], "texture": "#8"},
				"west": {"uv": [0, 0, 1, 7], "texture": "#8"},
				"up": {"uv": [0, 0, 11, 1], "texture": "#8"},
				"down": {"uv": [0, 0, 11, 1], "texture": "#8"}
			}
		},
		{
			"from": [3, 17, 27],
			"to": [14, 26, 28],
			"faces": {
				"north": {"uv": [0, 0, 11, 9], "texture": "#8"},
				"east": {"uv": [0, 0, 1, 9], "texture": "#8"},
				"south": {"uv": [0, 0, 11, 9], "texture": "#8"},
				"west": {"uv": [0, 0, 1, 9], "texture": "#8"},
				"up": {"uv": [0, 0, 11, 1], "texture": "#8"},
				"down": {"uv": [0, 0, 11, 1], "texture": "#8"}
			}
		},
		{
			"from": [3, 16, 25],
			"to": [6, 17, 27],
			"faces": {
				"north": {"uv": [0, 0, 3, 1], "texture": "#8"},
				"east": {"uv": [0, 0, 2, 1], "texture": "#8"},
				"south": {"uv": [0, 0, 3, 1], "texture": "#8"},
				"west": {"uv": [0, 0, 2, 1], "texture": "#8"},
				"up": {"uv": [0, 0, 3, 2], "texture": "#8"},
				"down": {"uv": [0, 0, 3, 2], "texture": "#8"}
			}
		},
		{
			"from": [6, 16, 27],
			"to": [11, 17, 28],
			"faces": {
				"north": {"uv": [0, 0, 5, 1], "texture": "#8"},
				"east": {"uv": [0, 0, 1, 1], "texture": "#8"},
				"south": {"uv": [0, 0, 5, 1], "texture": "#8"},
				"west": {"uv": [0, 0, 1, 1], "texture": "#8"},
				"up": {"uv": [0, 0, 5, 1], "texture": "#8"},
				"down": {"uv": [0, 0, 5, 1], "texture": "#8"}
			}
		},
		{
			"from": [6, 15, 25],
			"to": [11, 16, 27],
			"faces": {
				"north": {"uv": [0, 0, 5, 1], "texture": "#8"},
				"east": {"uv": [0, 0, 2, 1], "texture": "#8"},
				"south": {"uv": [0, 0, 5, 1], "texture": "#8"},
				"west": {"uv": [0, 0, 2, 1], "texture": "#8"},
				"up": {"uv": [0, 0, 5, 2], "texture": "#8"},
				"down": {"uv": [0, 0, 5, 2], "texture": "#8"}
			}
		},
		{
			"from": [2, 17, 25],
			"to": [3, 18, 27],
			"faces": {
				"north": {"uv": [0, 0, 1, 1], "texture": "#8"},
				"east": {"uv": [0, 0, 2, 1], "texture": "#8"},
				"south": {"uv": [0, 0, 1, 1], "texture": "#8"},
				"west": {"uv": [0, 0, 2, 1], "texture": "#8"},
				"up": {"uv": [0, 0, 1, 2], "texture": "#8"},
				"down": {"uv": [0, 0, 1, 2], "texture": "#8"}
			}
		},
		{
			"from": [1, 18, 25],
			"to": [2, 20, 27],
			"faces": {
				"north": {"uv": [0, 0, 1, 2], "texture": "#8"},
				"east": {"uv": [0, 0, 2, 2], "texture": "#8"},
				"south": {"uv": [0, 0, 1, 2], "texture": "#8"},
				"west": {"uv": [0, 0, 2, 2], "texture": "#8"},
				"up": {"uv": [0, 0, 1, 2], "texture": "#8"},
				"down": {"uv": [0, 0, 1, 2], "texture": "#8"}
			}
		},
		{
			"from": [2, 18, 27],
			"to": [3, 25, 28],
			"faces": {
				"north": {"uv": [0, 0, 1, 7], "texture": "#8"},
				"east": {"uv": [0, 0, 1, 7], "texture": "#8"},
				"south": {"uv": [0, 0, 1, 7], "texture": "#8"},
				"west": {"uv": [0, 0, 1, 7], "texture": "#8"},
				"up": {"uv": [0, 0, 1, 1], "texture": "#8"},
				"down": {"uv": [0, 0, 1, 1], "texture": "#8"}
			}
		},
		{
			"from": [2, 20, 28],
			"to": [3, 23, 29],
			"faces": {
				"north": {"uv": [0, 0, 1, 3], "texture": "#8"},
				"east": {"uv": [0, 0, 1, 3], "texture": "#8"},
				"south": {"uv": [0, 0, 1, 3], "texture": "#8"},
				"west": {"uv": [0, 0, 1, 3], "texture": "#8"},
				"up": {"uv": [0, 0, 1, 1], "texture": "#8"},
				"down": {"uv": [0, 0, 1, 1], "texture": "#8"}
			}
		},
		{
			"from": [1, 20, 27],
			"to": [2, 23, 28],
			"faces": {
				"north": {"uv": [0, 0, 1, 3], "texture": "#8"},
				"east": {"uv": [0, 0, 1, 3], "texture": "#8"},
				"south": {"uv": [0, 0, 1, 3], "texture": "#8"},
				"west": {"uv": [0, 0, 1, 3], "texture": "#8"},
				"up": {"uv": [0, 0, 1, 1], "texture": "#8"},
				"down": {"uv": [0, 0, 1, 1], "texture": "#8"}
			}
		},
		{
			"from": [0, 20, 25],
			"to": [1, 23, 27],
			"faces": {
				"north": {"uv": [0, 0, 1, 3], "texture": "#8"},
				"east": {"uv": [0, 0, 2, 3], "texture": "#8"},
				"south": {"uv": [0, 0, 1, 3], "texture": "#8"},
				"west": {"uv": [0, 0, 2, 3], "texture": "#8"},
				"up": {"uv": [0, 0, 1, 2], "texture": "#8"},
				"down": {"uv": [0, 0, 1, 2], "texture": "#8"}
			}
		},
		{
			"from": [1, 23, 25],
			"to": [2, 25, 27],
			"faces": {
				"north": {"uv": [0, 0, 1, 2], "texture": "#8"},
				"east": {"uv": [0, 0, 2, 2], "texture": "#8"},
				"south": {"uv": [0, 0, 1, 2], "texture": "#8"},
				"west": {"uv": [0, 0, 2, 2], "texture": "#8"},
				"up": {"uv": [0, 0, 1, 2], "texture": "#8"},
				"down": {"uv": [0, 0, 1, 2], "texture": "#8"}
			}
		},
		{
			"from": [2, 25, 25],
			"to": [3, 26, 27],
			"faces": {
				"north": {"uv": [0, 0, 1, 1], "texture": "#8"},
				"east": {"uv": [0, 0, 2, 1], "texture": "#8"},
				"south": {"uv": [0, 0, 1, 1], "texture": "#8"},
				"west": {"uv": [0, 0, 2, 1], "texture": "#8"},
				"up": {"uv": [0, 0, 1, 2], "texture": "#8"},
				"down": {"uv": [0, 0, 1, 2], "texture": "#8"}
			}
		},
		{
			"from": [3, 26, 25],
			"to": [6, 27, 27],
			"faces": {
				"north": {"uv": [0, 0, 3, 1], "texture": "#8"},
				"east": {"uv": [0, 0, 2, 1], "texture": "#8"},
				"south": {"uv": [0, 0, 3, 1], "texture": "#8"},
				"west": {"uv": [0, 0, 2, 1], "texture": "#8"},
				"up": {"uv": [0, 0, 3, 2], "texture": "#8"},
				"down": {"uv": [0, 0, 3, 2], "texture": "#8"}
			}
		},
		{
			"from": [6, 26, 27],
			"to": [11, 27, 28],
			"faces": {
				"north": {"uv": [0, 0, 5, 1], "texture": "#8"},
				"east": {"uv": [0, 0, 1, 1], "texture": "#8"},
				"south": {"uv": [0, 0, 5, 1], "texture": "#8"},
				"west": {"uv": [0, 0, 1, 1], "texture": "#8"},
				"up": {"uv": [0, 0, 5, 1], "texture": "#8"},
				"down": {"uv": [0, 0, 5, 1], "texture": "#8"}
			}
		},
		{
			"from": [6, 27, 25],
			"to": [11, 28, 27],
			"faces": {
				"north": {"uv": [0, 0, 5, 1], "texture": "#8"},
				"east": {"uv": [0, 0, 2, 1], "texture": "#8"},
				"south": {"uv": [0, 0, 5, 1], "texture": "#8"},
				"west": {"uv": [0, 0, 2, 1], "texture": "#8"},
				"up": {"uv": [0, 0, 5, 2], "texture": "#8"},
				"down": {"uv": [0, 0, 5, 2], "texture": "#8"}
			}
		},
		{
			"from": [11, 26, 25],
			"to": [14, 27, 27],
			"faces": {
				"north": {"uv": [0, 0, 3, 1], "texture": "#8"},
				"east": {"uv": [0, 0, 2, 1], "texture": "#8"},
				"south": {"uv": [0, 0, 3, 1], "texture": "#8"},
				"west": {"uv": [0, 0, 2, 1], "texture": "#8"},
				"up": {"uv": [0, 0, 3, 2], "texture": "#8"},
				"down": {"uv": [0, 0, 3, 2], "texture": "#8"}
			}
		},
		{
			"from": [14, 25, 25],
			"to": [15, 26, 27],
			"faces": {
				"north": {"uv": [0, 0, 1, 1], "texture": "#8"},
				"east": {"uv": [0, 0, 2, 1], "texture": "#8"},
				"south": {"uv": [0, 0, 1, 1], "texture": "#8"},
				"west": {"uv": [0, 0, 2, 1], "texture": "#8"},
				"up": {"uv": [0, 0, 1, 2], "texture": "#8"},
				"down": {"uv": [0, 0, 1, 2], "texture": "#8"}
			}
		},
		{
			"from": [15, 23, 25],
			"to": [16, 25, 27],
			"faces": {
				"north": {"uv": [0, 0, 1, 2], "texture": "#8"},
				"east": {"uv": [0, 0, 2, 2], "texture": "#8"},
				"south": {"uv": [0, 0, 1, 2], "texture": "#8"},
				"west": {"uv": [0, 0, 2, 2], "texture": "#8"},
				"up": {"uv": [0, 0, 1, 2], "texture": "#8"},
				"down": {"uv": [0, 0, 1, 2], "texture": "#8"}
			}
		},
		{
			"from": [15, 20, 27],
			"to": [16, 23, 28],
			"faces": {
				"north": {"uv": [0, 0, 1, 3], "texture": "#8"},
				"east": {"uv": [0, 0, 1, 3], "texture": "#8"},
				"south": {"uv": [0, 0, 1, 3], "texture": "#8"},
				"west": {"uv": [0, 0, 1, 3], "texture": "#8"},
				"up": {"uv": [0, 0, 1, 1], "texture": "#8"},
				"down": {"uv": [0, 0, 1, 1], "texture": "#8"}
			}
		},
		{
			"from": [16, 20, 25],
			"to": [17, 23, 27],
			"faces": {
				"north": {"uv": [0, 0, 1, 3], "texture": "#8"},
				"east": {"uv": [0, 0, 2, 3], "texture": "#8"},
				"south": {"uv": [0, 0, 1, 3], "texture": "#8"},
				"west": {"uv": [0, 0, 2, 3], "texture": "#8"},
				"up": {"uv": [0, 0, 1, 2], "texture": "#8"},
				"down": {"uv": [0, 0, 1, 2], "texture": "#8"}
			}
		},
		{
			"from": [15, 18, 25],
			"to": [16, 20, 27],
			"faces": {
				"north": {"uv": [0, 0, 1, 2], "texture": "#8"},
				"east": {"uv": [0, 0, 2, 2], "texture": "#8"},
				"south": {"uv": [0, 0, 1, 2], "texture": "#8"},
				"west": {"uv": [0, 0, 2, 2], "texture": "#8"},
				"up": {"uv": [0, 0, 1, 2], "texture": "#8"},
				"down": {"uv": [0, 0, 1, 2], "texture": "#8"}
			}
		},
		{
			"from": [14, 17, 25],
			"to": [15, 18, 27],
			"faces": {
				"north": {"uv": [0, 0, 1, 1], "texture": "#8"},
				"east": {"uv": [0, 0, 2, 1], "texture": "#8"},
				"south": {"uv": [0, 0, 1, 1], "texture": "#8"},
				"west": {"uv": [0, 0, 2, 1], "texture": "#8"},
				"up": {"uv": [0, 0, 1, 2], "texture": "#8"},
				"down": {"uv": [0, 0, 1, 2], "texture": "#8"}
			}
		},
		{
			"from": [11, 16, 25],
			"to": [14, 17, 27],
			"faces": {
				"north": {"uv": [0, 0, 3, 1], "texture": "#8"},
				"east": {"uv": [0, 0, 2, 1], "texture": "#8"},
				"south": {"uv": [0, 0, 3, 1], "texture": "#8"},
				"west": {"uv": [0, 0, 2, 1], "texture": "#8"},
				"up": {"uv": [0, 0, 3, 2], "texture": "#8"},
				"down": {"uv": [0, 0, 3, 2], "texture": "#8"}
			}
		},
		{
			"from": [3, 26, -5],
			"to": [14, 28, 23],
			"faces": {
				"north": {"uv": [0, 0, 11, 2], "texture": "#8"},
				"east": {"uv": [0, 0, 16, 2], "texture": "#8"},
				"south": {"uv": [0, 0, 11, 2], "texture": "#8"},
				"west": {"uv": [0, 0, 16, 2], "texture": "#8"},
				"up": {"uv": [0, 0, 11, 16], "texture": "#8"},
				"down": {"uv": [0, 0, 11, 16], "texture": "#8"}
			}
		},
		{
			"from": [2, 27, 2],
			"to": [3, 28, 16],
			"faces": {
				"north": {"uv": [0, 0, 1, 1], "texture": "#8"},
				"east": {"uv": [0, 0, 14, 1], "texture": "#8"},
				"south": {"uv": [0, 0, 1, 1], "texture": "#8"},
				"west": {"uv": [0, 0, 14, 1], "texture": "#8"},
				"up": {"uv": [0, 0, 1, 14], "texture": "#8"},
				"down": {"uv": [0, 0, 1, 14], "texture": "#8"}
			}
		},
		{
			"from": [14, 27, 2],
			"to": [15, 28, 16],
			"faces": {
				"north": {"uv": [0, 0, 1, 1], "texture": "#8"},
				"east": {"uv": [0, 0, 14, 1], "texture": "#8"},
				"south": {"uv": [0, 0, 1, 1], "texture": "#8"},
				"west": {"uv": [0, 0, 14, 1], "texture": "#8"},
				"up": {"uv": [0, 0, 1, 14], "texture": "#8"},
				"down": {"uv": [0, 0, 1, 14], "texture": "#8"}
			}
		},
		{
			"from": [13, 26, -3],
			"to": [15, 27, 21],
			"faces": {
				"north": {"uv": [0, 0, 2, 1], "texture": "#8"},
				"east": {"uv": [0, 0, 16, 1], "texture": "#8"},
				"south": {"uv": [0, 0, 2, 1], "texture": "#8"},
				"west": {"uv": [0, 0, 16, 1], "texture": "#8"},
				"up": {"uv": [0, 0, 2, 16], "texture": "#8"},
				"down": {"uv": [0, 0, 2, 16], "texture": "#8"}
			}
		},
		{
			"from": [13, 25, -5],
			"to": [15, 26, 23],
			"faces": {
				"north": {"uv": [0, 0, 2, 1], "texture": "#8"},
				"east": {"uv": [0, 0, 16, 1], "texture": "#8"},
				"south": {"uv": [0, 0, 2, 1], "texture": "#8"},
				"west": {"uv": [0, 0, 16, 1], "texture": "#8"},
				"up": {"uv": [0, 0, 2, 16], "texture": "#8"},
				"down": {"uv": [0, 0, 2, 16], "texture": "#8"}
			}
		},
		{
			"from": [14, 24, -5],
			"to": [16, 25, 23],
			"faces": {
				"north": {"uv": [0, 0, 2, 1], "texture": "#8"},
				"east": {"uv": [0, 0, 16, 1], "texture": "#8"},
				"south": {"uv": [0, 0, 2, 1], "texture": "#8"},
				"west": {"uv": [0, 0, 16, 1], "texture": "#8"},
				"up": {"uv": [0, 0, 2, 16], "texture": "#8"},
				"down": {"uv": [0, 0, 2, 16], "texture": "#8"}
			}
		},
		{
			"from": [14, 25, -1],
			"to": [16, 26, 19],
			"faces": {
				"north": {"uv": [0, 0, 2, 1], "texture": "#8"},
				"east": {"uv": [0, 0, 16, 1], "texture": "#8"},
				"south": {"uv": [0, 0, 2, 1], "texture": "#8"},
				"west": {"uv": [0, 0, 16, 1], "texture": "#8"},
				"up": {"uv": [0, 0, 2, 16], "texture": "#8"},
				"down": {"uv": [0, 0, 2, 16], "texture": "#8"}
			}
		},
		{
			"from": [15, 19, -5],
			"to": [17, 24, 23],
			"faces": {
				"north": {"uv": [0, 0, 2, 5], "texture": "#8"},
				"east": {"uv": [0, 0, 16, 5], "texture": "#8"},
				"south": {"uv": [0, 0, 2, 5], "texture": "#8"},
				"west": {"uv": [0, 0, 16, 5], "texture": "#8"},
				"up": {"uv": [0, 0, 2, 16], "texture": "#8"},
				"down": {"uv": [0, 0, 2, 16], "texture": "#8"}
			}
		},
		{
			"from": [14, 18, -5],
			"to": [16, 19, 23],
			"faces": {
				"north": {"uv": [0, 0, 2, 1], "texture": "#8"},
				"east": {"uv": [0, 0, 16, 1], "texture": "#8"},
				"south": {"uv": [0, 0, 2, 1], "texture": "#8"},
				"west": {"uv": [0, 0, 16, 1], "texture": "#8"},
				"up": {"uv": [0, 0, 2, 16], "texture": "#8"},
				"down": {"uv": [0, 0, 2, 16], "texture": "#8"}
			}
		},
		{
			"from": [14, 17, -1],
			"to": [16, 18, 19],
			"faces": {
				"north": {"uv": [0, 0, 2, 1], "texture": "#8"},
				"east": {"uv": [0, 0, 16, 1], "texture": "#8"},
				"south": {"uv": [0, 0, 2, 1], "texture": "#8"},
				"west": {"uv": [0, 0, 16, 1], "texture": "#8"},
				"up": {"uv": [0, 0, 2, 16], "texture": "#8"},
				"down": {"uv": [0, 0, 2, 16], "texture": "#8"}
			}
		},
		{
			"from": [13, 15.9, -3],
			"to": [15, 16.9, 21],
			"faces": {
				"north": {"uv": [0, 0, 2, 1], "texture": "#8"},
				"east": {"uv": [0, 0, 16, 1], "texture": "#8"},
				"south": {"uv": [0, 0, 2, 1], "texture": "#8"},
				"west": {"uv": [0, 0, 16, 1], "texture": "#8"},
				"up": {"uv": [0, 0, 2, 16], "texture": "#8"},
				"down": {"uv": [0, 0, 2, 16], "texture": "#8"}
			}
		},
		{
			"from": [13, 16.9, -5],
			"to": [15, 17.9, 23],
			"faces": {
				"north": {"uv": [0, 0, 2, 1], "texture": "#8"},
				"east": {"uv": [0, 0, 16, 1], "texture": "#8"},
				"south": {"uv": [0, 0, 2, 1], "texture": "#8"},
				"west": {"uv": [0, 0, 16, 1], "texture": "#8"},
				"up": {"uv": [0, 0, 2, 16], "texture": "#8"},
				"down": {"uv": [0, 0, 2, 16], "texture": "#8"}
			}
		},
		{
			"from": [3, 15, -5],
			"to": [14, 17, 23],
			"faces": {
				"north": {"uv": [0, 0, 11, 2], "texture": "#8"},
				"east": {"uv": [0, 0, 16, 2], "texture": "#8"},
				"south": {"uv": [0, 0, 11, 2], "texture": "#8"},
				"west": {"uv": [0, 0, 16, 2], "texture": "#8"},
				"up": {"uv": [0, 0, 11, 16], "texture": "#8"},
				"down": {"uv": [0, 0, 11, 16], "texture": "#8"}
			}
		},
		{
			"from": [5, 14, 0],
			"to": [12, 15, 18],
			"faces": {
				"north": {"uv": [0, 0, 7, 1], "texture": "#8"},
				"east": {"uv": [0, 0, 16, 1], "texture": "#8"},
				"south": {"uv": [0, 0, 7, 1], "texture": "#8"},
				"west": {"uv": [0, 0, 16, 1], "texture": "#8"},
				"up": {"uv": [0, 0, 7, 16], "texture": "#8"},
				"down": {"uv": [0, 0, 7, 16], "texture": "#8"}
			}
		},
		{
			"from": [12, 14, 4],
			"to": [14, 15, 14],
			"faces": {
				"north": {"uv": [0, 0, 2, 1], "texture": "#8"},
				"east": {"uv": [0, 0, 10, 1], "texture": "#8"},
				"south": {"uv": [0, 0, 2, 1], "texture": "#8"},
				"west": {"uv": [0, 0, 10, 1], "texture": "#8"},
				"up": {"uv": [0, 0, 2, 10], "texture": "#8"},
				"down": {"uv": [0, 0, 2, 10], "texture": "#8"}
			}
		},
		{
			"from": [3, 14, 4],
			"to": [5, 15, 14],
			"faces": {
				"north": {"uv": [0, 0, 2, 1], "texture": "#8"},
				"east": {"uv": [0, 0, 10, 1], "texture": "#8"},
				"south": {"uv": [0, 0, 2, 1], "texture": "#8"},
				"west": {"uv": [0, 0, 10, 1], "texture": "#8"},
				"up": {"uv": [0, 0, 2, 10], "texture": "#8"},
				"down": {"uv": [0, 0, 2, 10], "texture": "#8"}
			}
		},
		{
			"from": [2, 14.9, 2],
			"to": [3, 15.9, 16],
			"faces": {
				"north": {"uv": [0, 0, 1, 1], "texture": "#8"},
				"east": {"uv": [0, 0, 14, 1], "texture": "#8"},
				"south": {"uv": [0, 0, 1, 1], "texture": "#8"},
				"west": {"uv": [0, 0, 14, 1], "texture": "#8"},
				"up": {"uv": [0, 0, 1, 14], "texture": "#8"},
				"down": {"uv": [0, 0, 1, 14], "texture": "#8"}
			}
		},
		{
			"from": [2, 15.9, -3],
			"to": [4, 16.9, 21],
			"faces": {
				"north": {"uv": [0, 0, 2, 1], "texture": "#8"},
				"east": {"uv": [0, 0, 16, 1], "texture": "#8"},
				"south": {"uv": [0, 0, 2, 1], "texture": "#8"},
				"west": {"uv": [0, 0, 16, 1], "texture": "#8"},
				"up": {"uv": [0, 0, 2, 16], "texture": "#8"},
				"down": {"uv": [0, 0, 2, 16], "texture": "#8"}
			}
		},
		{
			"from": [2, 16.9, -5],
			"to": [4, 17.9, 23],
			"faces": {
				"north": {"uv": [0, 0, 2, 1], "texture": "#8"},
				"east": {"uv": [0, 0, 16, 1], "texture": "#8"},
				"south": {"uv": [0, 0, 2, 1], "texture": "#8"},
				"west": {"uv": [0, 0, 16, 1], "texture": "#8"},
				"up": {"uv": [0, 0, 2, 16], "texture": "#8"},
				"down": {"uv": [0, 0, 2, 16], "texture": "#8"}
			}
		},
		{
			"from": [1, 17, -1],
			"to": [3, 18, 19],
			"faces": {
				"north": {"uv": [0, 0, 2, 1], "texture": "#8"},
				"east": {"uv": [0, 0, 16, 1], "texture": "#8"},
				"south": {"uv": [0, 0, 2, 1], "texture": "#8"},
				"west": {"uv": [0, 0, 16, 1], "texture": "#8"},
				"up": {"uv": [0, 0, 2, 16], "texture": "#8"},
				"down": {"uv": [0, 0, 2, 16], "texture": "#8"}
			}
		},
		{
			"from": [0, 18, 0],
			"to": [1, 19, 18],
			"faces": {
				"north": {"uv": [0, 0, 1, 1], "texture": "#8"},
				"east": {"uv": [0, 0, 16, 1], "texture": "#8"},
				"south": {"uv": [0, 0, 1, 1], "texture": "#8"},
				"west": {"uv": [0, 0, 16, 1], "texture": "#8"},
				"up": {"uv": [0, 0, 1, 16], "texture": "#8"},
				"down": {"uv": [0, 0, 1, 16], "texture": "#8"}
			}
		},
		{
			"from": [1, 18, -5],
			"to": [3, 19, 23],
			"faces": {
				"north": {"uv": [0, 0, 2, 1], "texture": "#8"},
				"east": {"uv": [0, 0, 16, 1], "texture": "#8"},
				"south": {"uv": [0, 0, 2, 1], "texture": "#8"},
				"west": {"uv": [0, 0, 16, 1], "texture": "#8"},
				"up": {"uv": [0, 0, 2, 16], "texture": "#8"},
				"down": {"uv": [0, 0, 2, 16], "texture": "#8"}
			}
		},
		{
			"from": [0, 19, -5],
			"to": [2, 24, 23],
			"faces": {
				"north": {"uv": [0, 0, 2, 5], "texture": "#8"},
				"east": {"uv": [0, 0, 16, 5], "texture": "#8"},
				"south": {"uv": [0, 0, 2, 5], "texture": "#8"},
				"west": {"uv": [0, 0, 16, 5], "texture": "#8"},
				"up": {"uv": [0, 0, 2, 16], "texture": "#8"},
				"down": {"uv": [0, 0, 2, 16], "texture": "#8"}
			}
		},
		{
			"from": [0, 24, 0],
			"to": [1, 25, 18],
			"faces": {
				"north": {"uv": [0, 0, 1, 1], "texture": "#8"},
				"east": {"uv": [0, 0, 16, 1], "texture": "#8"},
				"south": {"uv": [0, 0, 1, 1], "texture": "#8"},
				"west": {"uv": [0, 0, 16, 1], "texture": "#8"},
				"up": {"uv": [0, 0, 1, 16], "texture": "#8"},
				"down": {"uv": [0, 0, 1, 16], "texture": "#8"}
			}
		},
		{
			"from": [1, 24, -5],
			"to": [3, 25, 23],
			"faces": {
				"north": {"uv": [0, 0, 2, 1], "texture": "#8"},
				"east": {"uv": [0, 0, 16, 1], "texture": "#8"},
				"south": {"uv": [0, 0, 2, 1], "texture": "#8"},
				"west": {"uv": [0, 0, 16, 1], "texture": "#8"},
				"up": {"uv": [0, 0, 2, 16], "texture": "#8"},
				"down": {"uv": [0, 0, 2, 16], "texture": "#8"}
			}
		},
		{
			"from": [1, 25, -1],
			"to": [3, 26, 19],
			"faces": {
				"north": {"uv": [0, 0, 2, 1], "texture": "#8"},
				"east": {"uv": [0, 0, 16, 1], "texture": "#8"},
				"south": {"uv": [0, 0, 2, 1], "texture": "#8"},
				"west": {"uv": [0, 0, 16, 1], "texture": "#8"},
				"up": {"uv": [0, 0, 2, 16], "texture": "#8"},
				"down": {"uv": [0, 0, 2, 16], "texture": "#8"}
			}
		},
		{
			"from": [2, 26, -3],
			"to": [4, 27, 21],
			"faces": {
				"north": {"uv": [0, 0, 2, 1], "texture": "#8"},
				"east": {"uv": [0, 0, 16, 1], "texture": "#8"},
				"south": {"uv": [0, 0, 2, 1], "texture": "#8"},
				"west": {"uv": [0, 0, 16, 1], "texture": "#8"},
				"up": {"uv": [0, 0, 2, 16], "texture": "#8"},
				"down": {"uv": [0, 0, 2, 16], "texture": "#8"}
			}
		},
		{
			"from": [2, 25, -5],
			"to": [4, 26, 23],
			"faces": {
				"north": {"uv": [0, 0, 2, 1], "texture": "#8"},
				"east": {"uv": [0, 0, 16, 1], "texture": "#8"},
				"south": {"uv": [0, 0, 2, 1], "texture": "#8"},
				"west": {"uv": [0, 0, 16, 1], "texture": "#8"},
				"up": {"uv": [0, 0, 2, 16], "texture": "#8"},
				"down": {"uv": [0, 0, 2, 16], "texture": "#8"}
			}
		},
		{
			"from": [14, 14.9, 2],
			"to": [15, 15.9, 16],
			"faces": {
				"north": {"uv": [0, 0, 1, 1], "texture": "#8"},
				"east": {"uv": [0, 0, 14, 1], "texture": "#8"},
				"south": {"uv": [0, 0, 1, 1], "texture": "#8"},
				"west": {"uv": [0, 0, 14, 1], "texture": "#8"},
				"up": {"uv": [0, 0, 1, 14], "texture": "#8"},
				"down": {"uv": [0, 0, 1, 14], "texture": "#8"}
			}
		},
		{
			"from": [0, 20, -9],
			"to": [1, 23, -7],
			"faces": {
				"north": {"uv": [0, 0, 1, 3], "texture": "#8"},
				"east": {"uv": [0, 0, 2, 3], "texture": "#8"},
				"south": {"uv": [0, 0, 1, 3], "texture": "#8"},
				"west": {"uv": [0, 0, 2, 3], "texture": "#8"},
				"up": {"uv": [0, 0, 1, 2], "texture": "#8"},
				"down": {"uv": [0, 0, 1, 2], "texture": "#8"}
			}
		},
		{
			"from": [1, 23, -9],
			"to": [2, 25, -7],
			"faces": {
				"north": {"uv": [0, 0, 1, 2], "texture": "#8"},
				"east": {"uv": [0, 0, 2, 2], "texture": "#8"},
				"south": {"uv": [0, 0, 1, 2], "texture": "#8"},
				"west": {"uv": [0, 0, 2, 2], "texture": "#8"},
				"up": {"uv": [0, 0, 1, 2], "texture": "#8"},
				"down": {"uv": [0, 0, 1, 2], "texture": "#8"}
			}
		},
		{
			"from": [2, 25, -9],
			"to": [3, 26, -7],
			"faces": {
				"north": {"uv": [0, 0, 1, 1], "texture": "#8"},
				"east": {"uv": [0, 0, 2, 1], "texture": "#8"},
				"south": {"uv": [0, 0, 1, 1], "texture": "#8"},
				"west": {"uv": [0, 0, 2, 1], "texture": "#8"},
				"up": {"uv": [0, 0, 1, 2], "texture": "#8"},
				"down": {"uv": [0, 0, 1, 2], "texture": "#8"}
			}
		},
		{
			"from": [3, 26, -9],
			"to": [6, 27, -7],
			"faces": {
				"north": {"uv": [0, 0, 3, 1], "texture": "#8"},
				"east": {"uv": [0, 0, 2, 1], "texture": "#8"},
				"south": {"uv": [0, 0, 3, 1], "texture": "#8"},
				"west": {"uv": [0, 0, 2, 1], "texture": "#8"},
				"up": {"uv": [0, 0, 3, 2], "texture": "#8"},
				"down": {"uv": [0, 0, 3, 2], "texture": "#8"}
			}
		},
		{
			"from": [6, 27, -9],
			"to": [11, 28, -7],
			"faces": {
				"north": {"uv": [0, 0, 5, 1], "texture": "#8"},
				"east": {"uv": [0, 0, 2, 1], "texture": "#8"},
				"south": {"uv": [0, 0, 5, 1], "texture": "#8"},
				"west": {"uv": [0, 0, 2, 1], "texture": "#8"},
				"up": {"uv": [0, 0, 5, 2], "texture": "#8"},
				"down": {"uv": [0, 0, 5, 2], "texture": "#8"}
			}
		},
		{
			"from": [6, 26, -10],
			"to": [11, 27, -9],
			"faces": {
				"north": {"uv": [0, 0, 5, 1], "texture": "#8"},
				"east": {"uv": [0, 0, 1, 1], "texture": "#8"},
				"south": {"uv": [0, 0, 5, 1], "texture": "#8"},
				"west": {"uv": [0, 0, 1, 1], "texture": "#8"},
				"up": {"uv": [0, 0, 5, 1], "texture": "#8"},
				"down": {"uv": [0, 0, 5, 1], "texture": "#8"}
			}
		},
		{
			"from": [3, 17, -10],
			"to": [14, 26, -9],
			"faces": {
				"north": {"uv": [0, 0, 11, 9], "texture": "#8"},
				"east": {"uv": [0, 0, 1, 9], "texture": "#8"},
				"south": {"uv": [0, 0, 11, 9], "texture": "#8"},
				"west": {"uv": [0, 0, 1, 9], "texture": "#8"},
				"up": {"uv": [0, 0, 11, 1], "texture": "#8"},
				"down": {"uv": [0, 0, 11, 1], "texture": "#8"}
			}
		},
		{
			"from": [7, 25, -11],
			"to": [10, 26, -10],
			"faces": {
				"north": {"uv": [0, 0, 3, 1], "texture": "#8"},
				"east": {"uv": [0, 0, 1, 1], "texture": "#8"},
				"south": {"uv": [0, 0, 3, 1], "texture": "#8"},
				"west": {"uv": [0, 0, 1, 1], "texture": "#8"},
				"up": {"uv": [0, 0, 3, 1], "texture": "#8"},
				"down": {"uv": [0, 0, 3, 1], "texture": "#8"}
			}
		},
		{
			"from": [3, 18, -11],
			"to": [14, 25, -10],
			"faces": {
				"north": {"uv": [0, 0, 11, 7], "texture": "#8"},
				"east": {"uv": [0, 0, 1, 7], "texture": "#8"},
				"south": {"uv": [0, 0, 11, 7], "texture": "#8"},
				"west": {"uv": [0, 0, 1, 7], "texture": "#8"},
				"up": {"uv": [0, 0, 11, 1], "texture": "#8"},
				"down": {"uv": [0, 0, 11, 1], "texture": "#8"}
			}
		},
		{
			"from": [5, 24, -12],
			"to": [12, 25, -11],
			"faces": {
				"north": {"uv": [0, 0, 7, 1], "texture": "#8"},
				"east": {"uv": [0, 0, 1, 1], "texture": "#8"},
				"south": {"uv": [0, 0, 7, 1], "texture": "#8"},
				"west": {"uv": [0, 0, 1, 1], "texture": "#8"},
				"up": {"uv": [0, 0, 7, 1], "texture": "#8"},
				"down": {"uv": [0, 0, 7, 1], "texture": "#8"}
			}
		},
		{
			"from": [4, 19, -12],
			"to": [13, 24, -11],
			"faces": {
				"north": {"uv": [0, 0, 9, 5], "texture": "#8"},
				"east": {"uv": [0, 0, 1, 5], "texture": "#8"},
				"south": {"uv": [0, 0, 9, 5], "texture": "#8"},
				"west": {"uv": [0, 0, 1, 5], "texture": "#8"},
				"up": {"uv": [0, 0, 9, 1], "texture": "#8"},
				"down": {"uv": [0, 0, 9, 1], "texture": "#8"}
			}
		},
		{
			"from": [1, 20, -10],
			"to": [2, 23, -9],
			"faces": {
				"north": {"uv": [0, 0, 1, 3], "texture": "#8"},
				"east": {"uv": [0, 0, 1, 3], "texture": "#8"},
				"south": {"uv": [0, 0, 1, 3], "texture": "#8"},
				"west": {"uv": [0, 0, 1, 3], "texture": "#8"},
				"up": {"uv": [0, 0, 1, 1], "texture": "#8"},
				"down": {"uv": [0, 0, 1, 1], "texture": "#8"}
			}
		},
		{
			"from": [2, 20, -11],
			"to": [3, 23, -10],
			"faces": {
				"north": {"uv": [0, 0, 1, 3], "texture": "#8"},
				"east": {"uv": [0, 0, 1, 3], "texture": "#8"},
				"south": {"uv": [0, 0, 1, 3], "texture": "#8"},
				"west": {"uv": [0, 0, 1, 3], "texture": "#8"},
				"up": {"uv": [0, 0, 1, 1], "texture": "#8"},
				"down": {"uv": [0, 0, 1, 1], "texture": "#8"}
			}
		},
		{
			"from": [2, 18, -10],
			"to": [3, 25, -9],
			"faces": {
				"north": {"uv": [0, 0, 1, 7], "texture": "#8"},
				"east": {"uv": [0, 0, 1, 7], "texture": "#8"},
				"south": {"uv": [0, 0, 1, 7], "texture": "#8"},
				"west": {"uv": [0, 0, 1, 7], "texture": "#8"},
				"up": {"uv": [0, 0, 1, 1], "texture": "#8"},
				"down": {"uv": [0, 0, 1, 1], "texture": "#8"}
			}
		},
		{
			"from": [1, 18, -9],
			"to": [2, 20, -7],
			"faces": {
				"north": {"uv": [0, 0, 1, 2], "texture": "#8"},
				"east": {"uv": [0, 0, 2, 2], "texture": "#8"},
				"south": {"uv": [0, 0, 1, 2], "texture": "#8"},
				"west": {"uv": [0, 0, 2, 2], "texture": "#8"},
				"up": {"uv": [0, 0, 1, 2], "texture": "#8"},
				"down": {"uv": [0, 0, 1, 2], "texture": "#8"}
			}
		},
		{
			"from": [2, 17, -9],
			"to": [3, 18, -7],
			"faces": {
				"north": {"uv": [0, 0, 1, 1], "texture": "#8"},
				"east": {"uv": [0, 0, 2, 1], "texture": "#8"},
				"south": {"uv": [0, 0, 1, 1], "texture": "#8"},
				"west": {"uv": [0, 0, 2, 1], "texture": "#8"},
				"up": {"uv": [0, 0, 1, 2], "texture": "#8"},
				"down": {"uv": [0, 0, 1, 2], "texture": "#8"}
			}
		},
		{
			"from": [3, 16, -9],
			"to": [6, 17, -7],
			"faces": {
				"north": {"uv": [0, 0, 3, 1], "texture": "#8"},
				"east": {"uv": [0, 0, 2, 1], "texture": "#8"},
				"south": {"uv": [0, 0, 3, 1], "texture": "#8"},
				"west": {"uv": [0, 0, 2, 1], "texture": "#8"},
				"up": {"uv": [0, 0, 3, 2], "texture": "#8"},
				"down": {"uv": [0, 0, 3, 2], "texture": "#8"}
			}
		},
		{
			"from": [6, 16, -10],
			"to": [11, 17, -9],
			"faces": {
				"north": {"uv": [0, 0, 5, 1], "texture": "#8"},
				"east": {"uv": [0, 0, 1, 1], "texture": "#8"},
				"south": {"uv": [0, 0, 5, 1], "texture": "#8"},
				"west": {"uv": [0, 0, 1, 1], "texture": "#8"},
				"up": {"uv": [0, 0, 5, 1], "texture": "#8"},
				"down": {"uv": [0, 0, 5, 1], "texture": "#8"}
			}
		},
		{
			"from": [6, 15, -9],
			"to": [11, 16, -7],
			"faces": {
				"north": {"uv": [0, 0, 5, 1], "texture": "#8"},
				"east": {"uv": [0, 0, 2, 1], "texture": "#8"},
				"south": {"uv": [0, 0, 5, 1], "texture": "#8"},
				"west": {"uv": [0, 0, 2, 1], "texture": "#8"},
				"up": {"uv": [0, 0, 5, 2], "texture": "#8"},
				"down": {"uv": [0, 0, 5, 2], "texture": "#8"}
			}
		},
		{
			"from": [11, 16, -9],
			"to": [14, 17, -7],
			"faces": {
				"north": {"uv": [0, 0, 3, 1], "texture": "#8"},
				"east": {"uv": [0, 0, 2, 1], "texture": "#8"},
				"south": {"uv": [0, 0, 3, 1], "texture": "#8"},
				"west": {"uv": [0, 0, 2, 1], "texture": "#8"},
				"up": {"uv": [0, 0, 3, 2], "texture": "#8"},
				"down": {"uv": [0, 0, 3, 2], "texture": "#8"}
			}
		},
		{
			"from": [14, 17, -9],
			"to": [15, 18, -7],
			"faces": {
				"north": {"uv": [0, 0, 1, 1], "texture": "#8"},
				"east": {"uv": [0, 0, 2, 1], "texture": "#8"},
				"south": {"uv": [0, 0, 1, 1], "texture": "#8"},
				"west": {"uv": [0, 0, 2, 1], "texture": "#8"},
				"up": {"uv": [0, 0, 1, 2], "texture": "#8"},
				"down": {"uv": [0, 0, 1, 2], "texture": "#8"}
			}
		},
		{
			"from": [15, 18, -9],
			"to": [16, 20, -7],
			"faces": {
				"north": {"uv": [0, 0, 1, 2], "texture": "#8"},
				"east": {"uv": [0, 0, 2, 2], "texture": "#8"},
				"south": {"uv": [0, 0, 1, 2], "texture": "#8"},
				"west": {"uv": [0, 0, 2, 2], "texture": "#8"},
				"up": {"uv": [0, 0, 1, 2], "texture": "#8"},
				"down": {"uv": [0, 0, 1, 2], "texture": "#8"}
			}
		},
		{
			"from": [14, 18, -10],
			"to": [15, 25, -9],
			"faces": {
				"north": {"uv": [0, 0, 1, 7], "texture": "#8"},
				"east": {"uv": [0, 0, 1, 7], "texture": "#8"},
				"south": {"uv": [0, 0, 1, 7], "texture": "#8"},
				"west": {"uv": [0, 0, 1, 7], "texture": "#8"},
				"up": {"uv": [0, 0, 1, 1], "texture": "#8"},
				"down": {"uv": [0, 0, 1, 1], "texture": "#8"}
			}
		},
		{
			"from": [14, 20, -11],
			"to": [15, 23, -10],
			"faces": {
				"north": {"uv": [0, 0, 1, 3], "texture": "#8"},
				"east": {"uv": [0, 0, 1, 3], "texture": "#8"},
				"south": {"uv": [0, 0, 1, 3], "texture": "#8"},
				"west": {"uv": [0, 0, 1, 3], "texture": "#8"},
				"up": {"uv": [0, 0, 1, 1], "texture": "#8"},
				"down": {"uv": [0, 0, 1, 1], "texture": "#8"}
			}
		},
		{
			"from": [15, 20, -10],
			"to": [16, 23, -9],
			"faces": {
				"north": {"uv": [0, 0, 1, 3], "texture": "#8"},
				"east": {"uv": [0, 0, 1, 3], "texture": "#8"},
				"south": {"uv": [0, 0, 1, 3], "texture": "#8"},
				"west": {"uv": [0, 0, 1, 3], "texture": "#8"},
				"up": {"uv": [0, 0, 1, 1], "texture": "#8"},
				"down": {"uv": [0, 0, 1, 1], "texture": "#8"}
			}
		},
		{
			"from": [16, 20, -9],
			"to": [17, 23, -7],
			"faces": {
				"north": {"uv": [0, 0, 1, 3], "texture": "#8"},
				"east": {"uv": [0, 0, 2, 3], "texture": "#8"},
				"south": {"uv": [0, 0, 1, 3], "texture": "#8"},
				"west": {"uv": [0, 0, 2, 3], "texture": "#8"},
				"up": {"uv": [0, 0, 1, 2], "texture": "#8"},
				"down": {"uv": [0, 0, 1, 2], "texture": "#8"}
			}
		},
		{
			"from": [15, 23, -9],
			"to": [16, 25, -7],
			"faces": {
				"north": {"uv": [0, 0, 1, 2], "texture": "#8"},
				"east": {"uv": [0, 0, 2, 2], "texture": "#8"},
				"south": {"uv": [0, 0, 1, 2], "texture": "#8"},
				"west": {"uv": [0, 0, 2, 2], "texture": "#8"},
				"up": {"uv": [0, 0, 1, 2], "texture": "#8"},
				"down": {"uv": [0, 0, 1, 2], "texture": "#8"}
			}
		},
		{
			"from": [14, 25, -9],
			"to": [15, 26, -7],
			"faces": {
				"north": {"uv": [0, 0, 1, 1], "texture": "#8"},
				"east": {"uv": [0, 0, 2, 1], "texture": "#8"},
				"south": {"uv": [0, 0, 1, 1], "texture": "#8"},
				"west": {"uv": [0, 0, 2, 1], "texture": "#8"},
				"up": {"uv": [0, 0, 1, 2], "texture": "#8"},
				"down": {"uv": [0, 0, 1, 2], "texture": "#8"}
			}
		},
		{
			"from": [11, 26, -9],
			"to": [14, 27, -7],
			"faces": {
				"north": {"uv": [0, 0, 3, 1], "texture": "#8"},
				"east": {"uv": [0, 0, 2, 1], "texture": "#8"},
				"south": {"uv": [0, 0, 3, 1], "texture": "#8"},
				"west": {"uv": [0, 0, 2, 1], "texture": "#8"},
				"up": {"uv": [0, 0, 3, 2], "texture": "#8"},
				"down": {"uv": [0, 0, 3, 2], "texture": "#8"}
			}
		},
		{
			"from": [5, 18, -12],
			"to": [12, 19, -11],
			"faces": {
				"north": {"uv": [0, 0, 7, 1], "texture": "#8"},
				"east": {"uv": [0, 0, 1, 1], "texture": "#8"},
				"south": {"uv": [0, 0, 7, 1], "texture": "#8"},
				"west": {"uv": [0, 0, 1, 1], "texture": "#8"},
				"up": {"uv": [0, 0, 7, 1], "texture": "#8"},
				"down": {"uv": [0, 0, 7, 1], "texture": "#8"}
			}
		},
		{
			"from": [7, 17, -11],
			"to": [10, 18, -10],
			"faces": {
				"north": {"uv": [0, 0, 3, 1], "texture": "#8"},
				"east": {"uv": [0, 0, 1, 1], "texture": "#8"},
				"south": {"uv": [0, 0, 3, 1], "texture": "#8"},
				"west": {"uv": [0, 0, 1, 1], "texture": "#8"},
				"up": {"uv": [0, 0, 3, 1], "texture": "#8"},
				"down": {"uv": [0, 0, 3, 1], "texture": "#8"}
			}
		},
		{
			"from": [1, 20, -7],
			"to": [2, 23, -5],
			"faces": {
				"north": {"uv": [3, 3, 4, 6], "texture": "#7"},
				"east": {"uv": [3, 4, 5, 7], "texture": "#7"},
				"south": {"uv": [5, 4, 6, 7], "texture": "#7"},
				"west": {"uv": [4, 1, 6, 4], "texture": "#7"},
				"up": {"uv": [3, 2, 4, 4], "texture": "#7"},
				"down": {"uv": [4, 3, 5, 5], "texture": "#7"}
			}
		},
		{
			"from": [2, 23, -7],
			"to": [3, 25, -5],
			"faces": {
				"north": {"uv": [3, 3, 4, 5], "texture": "#7"},
				"east": {"uv": [3, 4, 5, 6], "texture": "#7"},
				"south": {"uv": [5, 4, 6, 6], "texture": "#7"},
				"west": {"uv": [4, 1, 6, 3], "texture": "#7"},
				"up": {"uv": [3, 2, 4, 4], "texture": "#7"},
				"down": {"uv": [4, 3, 5, 5], "texture": "#7"}
			}
		},
		{
			"from": [3, 25, -7],
			"to": [7, 26, -5],
			"faces": {
				"north": {"uv": [3, 3, 7, 4], "texture": "#7"},
				"east": {"uv": [3, 4, 5, 5], "texture": "#7"},
				"south": {"uv": [5, 4, 9, 5], "texture": "#7"},
				"west": {"uv": [4, 1, 6, 2], "texture": "#7"},
				"up": {"uv": [3, 2, 7, 4], "texture": "#7"},
				"down": {"uv": [4, 3, 8, 5], "texture": "#7"}
			}
		},
		{
			"from": [6, 26, -7],
			"to": [11, 27, -5],
			"faces": {
				"north": {"uv": [3, 3, 8, 4], "texture": "#7"},
				"east": {"uv": [3, 4, 5, 5], "texture": "#7"},
				"south": {"uv": [5, 4, 10, 5], "texture": "#7"},
				"west": {"uv": [4, 1, 6, 2], "texture": "#7"},
				"up": {"uv": [3, 2, 8, 4], "texture": "#7"},
				"down": {"uv": [4, 3, 9, 5], "texture": "#7"}
			}
		},
		{
			"from": [10, 25, -7],
			"to": [14, 26, -5],
			"faces": {
				"north": {"uv": [3, 3, 7, 4], "texture": "#7"},
				"east": {"uv": [3, 4, 5, 5], "texture": "#7"},
				"south": {"uv": [5, 4, 9, 5], "texture": "#7"},
				"west": {"uv": [4, 1, 6, 2], "texture": "#7"},
				"up": {"uv": [3, 2, 7, 4], "texture": "#7"},
				"down": {"uv": [4, 3, 8, 5], "texture": "#7"}
			}
		},
		{
			"from": [14, 23, -7],
			"to": [15, 25, -5],
			"faces": {
				"north": {"uv": [3, 3, 4, 5], "texture": "#7"},
				"east": {"uv": [3, 4, 5, 6], "texture": "#7"},
				"south": {"uv": [5, 4, 6, 6], "texture": "#7"},
				"west": {"uv": [4, 1, 6, 3], "texture": "#7"},
				"up": {"uv": [3, 2, 4, 4], "texture": "#7"},
				"down": {"uv": [4, 3, 5, 5], "texture": "#7"}
			}
		},
		{
			"from": [15, 20, -7],
			"to": [16, 23, -5],
			"faces": {
				"north": {"uv": [3, 3, 4, 6], "texture": "#7"},
				"east": {"uv": [3, 4, 5, 7], "texture": "#7"},
				"south": {"uv": [5, 4, 6, 7], "texture": "#7"},
				"west": {"uv": [4, 1, 6, 4], "texture": "#7"},
				"up": {"uv": [3, 2, 4, 4], "texture": "#7"},
				"down": {"uv": [4, 3, 5, 5], "texture": "#7"}
			}
		},
		{
			"from": [14, 18, -7],
			"to": [15, 20, -5],
			"faces": {
				"north": {"uv": [3, 3, 4, 5], "texture": "#7"},
				"east": {"uv": [3, 4, 5, 6], "texture": "#7"},
				"south": {"uv": [5, 4, 6, 6], "texture": "#7"},
				"west": {"uv": [4, 1, 6, 3], "texture": "#7"},
				"up": {"uv": [3, 2, 4, 4], "texture": "#7"},
				"down": {"uv": [4, 3, 5, 5], "texture": "#7"}
			}
		},
		{
			"from": [10, 17, -7],
			"to": [14, 18, -5],
			"faces": {
				"north": {"uv": [3, 3, 7, 4], "texture": "#7"},
				"east": {"uv": [3, 4, 5, 5], "texture": "#7"},
				"south": {"uv": [5, 4, 9, 5], "texture": "#7"},
				"west": {"uv": [4, 1, 6, 2], "texture": "#7"},
				"up": {"uv": [3, 2, 7, 4], "texture": "#7"},
				"down": {"uv": [4, 3, 8, 5], "texture": "#7"}
			}
		},
		{
			"from": [6, 16, -7],
			"to": [11, 17, -5],
			"faces": {
				"north": {"uv": [3, 3, 8, 4], "texture": "#7"},
				"east": {"uv": [3, 4, 5, 5], "texture": "#7"},
				"south": {"uv": [5, 4, 10, 5], "texture": "#7"},
				"west": {"uv": [4, 1, 6, 2], "texture": "#7"},
				"up": {"uv": [3, 2, 8, 4], "texture": "#7"},
				"down": {"uv": [4, 3, 9, 5], "texture": "#7"}
			}
		},
		{
			"from": [3, 17, -7],
			"to": [7, 18, -5],
			"faces": {
				"north": {"uv": [3, 3, 7, 4], "texture": "#7"},
				"east": {"uv": [3, 4, 5, 5], "texture": "#7"},
				"south": {"uv": [5, 4, 9, 5], "texture": "#7"},
				"west": {"uv": [4, 1, 6, 2], "texture": "#7"},
				"up": {"uv": [3, 2, 7, 4], "texture": "#7"},
				"down": {"uv": [4, 3, 8, 5], "texture": "#7"}
			}
		},
		{
			"from": [2, 18, -7],
			"to": [3, 20, -5],
			"faces": {
				"north": {"uv": [3, 3, 4, 5], "texture": "#7"},
				"east": {"uv": [3, 4, 5, 6], "texture": "#7"},
				"south": {"uv": [5, 4, 6, 6], "texture": "#7"},
				"west": {"uv": [4, 1, 6, 3], "texture": "#7"},
				"up": {"uv": [3, 2, 4, 4], "texture": "#7"},
				"down": {"uv": [4, 3, 5, 5], "texture": "#7"}
			}
		},
		{
			"from": [6, 26, 23],
			"to": [11, 27, 25],
			"faces": {
				"north": {"uv": [7, 3, 12, 4], "texture": "#7"},
				"east": {"uv": [6, 3, 8, 4], "texture": "#7"},
				"south": {"uv": [7, 3, 12, 4], "texture": "#7"},
				"west": {"uv": [4, 4, 6, 5], "texture": "#7"},
				"up": {"uv": [6, 3, 11, 5], "texture": "#7"},
				"down": {"uv": [6, 3, 11, 5], "texture": "#7"}
			}
		},
		{
			"from": [3, 25, 23],
			"to": [7, 26, 25],
			"faces": {
				"north": {"uv": [7, 3, 11, 4], "texture": "#7"},
				"east": {"uv": [6, 3, 8, 4], "texture": "#7"},
				"south": {"uv": [7, 3, 11, 4], "texture": "#7"},
				"west": {"uv": [4, 4, 6, 5], "texture": "#7"},
				"up": {"uv": [6, 3, 10, 5], "texture": "#7"},
				"down": {"uv": [6, 3, 10, 5], "texture": "#7"}
			}
		},
		{
			"from": [2, 23, 23],
			"to": [3, 25, 25],
			"faces": {
				"north": {"uv": [7, 3, 8, 5], "texture": "#7"},
				"east": {"uv": [6, 3, 8, 5], "texture": "#7"},
				"south": {"uv": [7, 3, 8, 5], "texture": "#7"},
				"west": {"uv": [4, 4, 6, 6], "texture": "#7"},
				"up": {"uv": [6, 3, 7, 5], "texture": "#7"},
				"down": {"uv": [6, 3, 7, 5], "texture": "#7"}
			}
		},
		{
			"from": [1, 20, 23],
			"to": [2, 23, 25],
			"faces": {
				"north": {"uv": [7, 3, 8, 6], "texture": "#7"},
				"east": {"uv": [6, 3, 8, 6], "texture": "#7"},
				"south": {"uv": [7, 3, 8, 6], "texture": "#7"},
				"west": {"uv": [4, 4, 6, 7], "texture": "#7"},
				"up": {"uv": [6, 3, 7, 5], "texture": "#7"},
				"down": {"uv": [6, 3, 7, 5], "texture": "#7"}
			}
		},
		{
			"from": [10, 25, 23],
			"to": [14, 26, 25],
			"faces": {
				"north": {"uv": [7, 3, 11, 4], "texture": "#7"},
				"east": {"uv": [6, 3, 8, 4], "texture": "#7"},
				"south": {"uv": [7, 3, 11, 4], "texture": "#7"},
				"west": {"uv": [4, 4, 6, 5], "texture": "#7"},
				"up": {"uv": [6, 3, 10, 5], "texture": "#7"},
				"down": {"uv": [6, 3, 10, 5], "texture": "#7"}
			}
		},
		{
			"from": [14, 23, 23],
			"to": [15, 25, 25],
			"faces": {
				"north": {"uv": [7, 3, 8, 5], "texture": "#7"},
				"east": {"uv": [6, 3, 8, 5], "texture": "#7"},
				"south": {"uv": [7, 3, 8, 5], "texture": "#7"},
				"west": {"uv": [4, 4, 6, 6], "texture": "#7"},
				"up": {"uv": [6, 3, 7, 5], "texture": "#7"},
				"down": {"uv": [6, 3, 7, 5], "texture": "#7"}
			}
		},
		{
			"from": [15, 20, 23],
			"to": [16, 23, 25],
			"faces": {
				"north": {"uv": [7, 3, 8, 6], "texture": "#7"},
				"east": {"uv": [6, 3, 8, 6], "texture": "#7"},
				"south": {"uv": [7, 3, 8, 6], "texture": "#7"},
				"west": {"uv": [4, 4, 6, 7], "texture": "#7"},
				"up": {"uv": [6, 3, 7, 5], "texture": "#7"},
				"down": {"uv": [6, 3, 7, 5], "texture": "#7"}
			}
		},
		{
			"from": [14, 18, 23],
			"to": [15, 20, 25],
			"faces": {
				"north": {"uv": [7, 3, 8, 5], "texture": "#7"},
				"east": {"uv": [6, 3, 8, 5], "texture": "#7"},
				"south": {"uv": [7, 3, 8, 5], "texture": "#7"},
				"west": {"uv": [4, 4, 6, 6], "texture": "#7"},
				"up": {"uv": [6, 3, 7, 5], "texture": "#7"},
				"down": {"uv": [6, 3, 7, 5], "texture": "#7"}
			}
		},
		{
			"from": [10, 17, 23],
			"to": [14, 18, 25],
			"faces": {
				"north": {"uv": [7, 3, 11, 4], "texture": "#7"},
				"east": {"uv": [6, 3, 8, 4], "texture": "#7"},
				"south": {"uv": [7, 3, 11, 4], "texture": "#7"},
				"west": {"uv": [4, 4, 6, 5], "texture": "#7"},
				"up": {"uv": [6, 3, 10, 5], "texture": "#7"},
				"down": {"uv": [6, 3, 10, 5], "texture": "#7"}
			}
		},
		{
			"from": [6, 16, 23],
			"to": [11, 17, 25],
			"faces": {
				"north": {"uv": [7, 3, 12, 4], "texture": "#7"},
				"east": {"uv": [6, 3, 8, 4], "texture": "#7"},
				"south": {"uv": [7, 3, 12, 4], "texture": "#7"},
				"west": {"uv": [4, 4, 6, 5], "texture": "#7"},
				"up": {"uv": [6, 3, 11, 5], "texture": "#7"},
				"down": {"uv": [6, 3, 11, 5], "texture": "#7"}
			}
		},
		{
			"from": [3, 17, 23],
			"to": [7, 18, 25],
			"faces": {
				"north": {"uv": [7, 3, 11, 4], "texture": "#7"},
				"east": {"uv": [6, 3, 8, 4], "texture": "#7"},
				"south": {"uv": [7, 3, 11, 4], "texture": "#7"},
				"west": {"uv": [4, 4, 6, 5], "texture": "#7"},
				"up": {"uv": [6, 3, 10, 5], "texture": "#7"},
				"down": {"uv": [6, 3, 10, 5], "texture": "#7"}
			}
		},
		{
			"from": [2, 18, 23],
			"to": [3, 20, 25],
			"faces": {
				"north": {"uv": [7, 3, 8, 5], "texture": "#7"},
				"east": {"uv": [6, 3, 8, 5], "texture": "#7"},
				"south": {"uv": [7, 3, 8, 5], "texture": "#7"},
				"west": {"uv": [4, 4, 6, 6], "texture": "#7"},
				"up": {"uv": [6, 3, 7, 5], "texture": "#7"},
				"down": {"uv": [6, 3, 7, 5], "texture": "#7"}
			}
		}
	],
	"display": {
		"thirdperson_righthand": {
			"rotation": [-1, 0, 0]
		},
		"head": {
			"rotation": [0, -180, 0],
			"translation": [0, 60, -2.75],
			"scale": [2.4, 2.4, 2.4]
		}
	},
	"groups": [
		0,
		1,
		2,
		3,
		4,
		5,
		6,
		7,
		8,
		9,
		10,
		11,
		12,
		13,
		14,
		15,
		16,
		17,
		18,
		19,
		20,
		21,
		22,
		23,
		24,
		25,
		26,
		27,
		28,
		29,
		30,
		31,
		32,
		33,
		34,
		35,
		36,
		37,
		38,
		39,
		40,
		41,
		42,
		43,
		44,
		45,
		46,
		47,
		48,
		49,
		50,
		51,
		52,
		53,
		54,
		55,
		56,
		57,
		58,
		59,
		60,
		61,
		62,
		63,
		64,
		65,
		66,
		67,
		68,
		69,
		70,
		71,
		72,
		{
			"name": "balloon",
			"origin": [0, 0, 0],
			"color": 0,
			"children": [73, 74, 75, 76, 77, 78, 79, 80, 81, 82, 83, 84, 85, 86, 87, 88, 89, 90, 91, 92, 93, 94, 95, 96, 97, 98, 99, 100, 101, 102, 103, 104, 105, 106, 107, 108, 109, 110, 111, 112, 113, 114, 115, 116, 117, 118, 119, 120, 121, 122, 123, 124, 125, 126, 127, 128, 129, 130, 131, 132, 133, 134, 135, 136, 137, 138, 139, 140, 141, 142, 143, 144, 145, 146, 147, 148, 149, 150, 151, 152, 153, 154, 155, 156, 157, 158, 159, 160, 161, 162, 163]
		},
		{
			"name": "balloonrings",
			"origin": [0, 0, 0],
			"color": 0,
			"children": [164, 165, 166, 167, 168, 169, 170, 171, 172, 173, 174, 175, 176, 177, 178, 179, 180, 181, 182, 183, 184, 185, 186, 187]
		}
	]
}