{
	"credit": "Made with Blockbench",
	"textures": {
		"0": "block/polished_basalt_side",
		"1": "block/structure_block",
		"2": "block/chorus_plant",
		"3": "block/end_stone",
		"4": "custom/particle_canister",
		"particle": "block/polished_basalt_side"
	},
	"elements": [
		{
			"from": [7, 8, -13],
			"to": [9, 9, 6],
			"rotation": {"angle": 0, "axis": "y", "origin": [15, 17, -5]},
			"faces": {
				"north": {"uv": [0, 0, 2, 1], "texture": "#0"},
				"east": {"uv": [0, 0, 16, 1], "texture": "#0"},
				"south": {"uv": [0, 0, 2, 1], "texture": "#0"},
				"west": {"uv": [0, 0, 16, 1], "texture": "#0"},
				"up": {"uv": [0, 0, 2, 16], "texture": "#0"},
				"down": {"uv": [0, 0, 2, 16], "texture": "#0"}
			}
		},
		{
			"from": [7, 11, -13],
			"to": [9, 12, 6],
			"rotation": {"angle": 0, "axis": "y", "origin": [16, 20, -5]},
			"faces": {
				"north": {"uv": [0, 0, 2, 1], "texture": "#0"},
				"east": {"uv": [0, 0, 16, 1], "texture": "#0"},
				"south": {"uv": [0, 0, 2, 1], "texture": "#0"},
				"west": {"uv": [0, 0, 16, 1], "texture": "#0"},
				"up": {"uv": [0, 0, 2, 16], "texture": "#0"},
				"down": {"uv": [0, 0, 2, 16], "texture": "#0"}
			}
		},
		{
			"from": [9, 9, -13],
			"to": [10, 11, 6],
			"rotation": {"angle": 0, "axis": "y", "origin": [17, 18, -5]},
			"faces": {
				"north": {"uv": [0, 0, 1, 2], "texture": "#0"},
				"east": {"uv": [0, 0, 16, 2], "texture": "#0"},
				"south": {"uv": [0, 0, 1, 2], "texture": "#0"},
				"west": {"uv": [0, 0, 16, 2], "texture": "#0"},
				"up": {"uv": [0, 0, 1, 16], "texture": "#0"},
				"down": {"uv": [0, 0, 1, 16], "texture": "#0"}
			}
		},
		{
			"from": [6, 9, -13],
			"to": [7, 11, 6],
			"rotation": {"angle": 0, "axis": "y", "origin": [14, 18, -5]},
			"faces": {
				"north": {"uv": [0, 0, 1, 2], "texture": "#0"},
				"east": {"uv": [0, 0, 16, 2], "texture": "#0"},
				"south": {"uv": [0, 0, 1, 2], "texture": "#0"},
				"west": {"uv": [0, 0, 16, 2], "texture": "#0"},
				"up": {"uv": [0, 0, 1, 16], "texture": "#0"},
				"down": {"uv": [0, 0, 1, 16], "texture": "#0"}
			}
		},
		{
			"from": [7, 9, -14],
			"to": [9, 11, 6],
			"rotation": {"angle": 0, "axis": "y", "origin": [15, 18, -5]},
			"faces": {
				"north": {"uv": [0, 0, 2, 2], "texture": "#0"},
				"east": {"uv": [0, 0, 16, 2], "texture": "#0"},
				"south": {"uv": [0, 0, 2, 2], "texture": "#0"},
				"west": {"uv": [0, 0, 16, 2], "texture": "#0"},
				"up": {"uv": [0, 0, 2, 16], "texture": "#0"},
				"down": {"uv": [0, 0, 2, 16], "texture": "#0"}
			}
		},
		{
			"from": [5, 5, 0],
			"to": [11, 7, 21],
			"rotation": {"angle": 0, "axis": "y", "origin": [14, 13, 8]},
			"faces": {
				"north": {"uv": [0, 0, 6, 2], "texture": "#1"},
				"east": {"uv": [0, 0, 6, 2], "texture": "#1"},
				"south": {"uv": [0, 0, 6, 2], "texture": "#1"},
				"west": {"uv": [0, 0, 6, 2], "texture": "#1"},
				"up": {"uv": [0, 0, 4, 3], "texture": "#1"},
				"down": {"uv": [0, 0, 3, 4], "texture": "#1"}
			}
		},
		{
			"from": [5, 3, 17],
			"to": [11, 5, 22],
			"rotation": {"angle": 0, "axis": "y", "origin": [14, 11, 8]},
			"faces": {
				"north": {"uv": [0, 0, 6, 2], "texture": "#1"},
				"east": {"uv": [0, 0, 4, 2], "texture": "#1"},
				"south": {"uv": [0, 0, 6, 2], "texture": "#1"},
				"west": {"uv": [0, 0, 4, 2], "texture": "#1"},
				"up": {"uv": [0, 0, 4, 3], "texture": "#1"},
				"down": {"uv": [0, 0, 3, 4], "texture": "#1"}
			}
		},
		{
			"from": [5, 4, 6],
			"to": [11, 5, 17],
			"rotation": {"angle": 0, "axis": "y", "origin": [14, 11, 4]},
			"faces": {
				"north": {"uv": [0, 0, 6, 1], "texture": "#1"},
				"east": {"uv": [0, 0, 11, 1], "texture": "#1"},
				"south": {"uv": [0, 0, 6, 1], "texture": "#1"},
				"west": {"uv": [0, 0, 11, 1], "texture": "#1"},
				"up": {"uv": [0, 0, 6, 11], "texture": "#1"},
				"down": {"uv": [0, 0, 3, 4], "texture": "#1"}
			}
		},
		{
			"from": [5, 3, 11],
			"to": [11, 4, 17],
			"rotation": {"angle": 0, "axis": "y", "origin": [14, 10, 4]},
			"faces": {
				"north": {"uv": [0, 0, 6, 1], "texture": "#1"},
				"east": {"uv": [0, 0, 6, 1], "texture": "#1"},
				"south": {"uv": [0, 0, 6, 1], "texture": "#1"},
				"west": {"uv": [0, 0, 6, 1], "texture": "#1"},
				"up": {"uv": [0, 0, 6, 6], "texture": "#1"},
				"down": {"uv": [0, 0, 3, 4], "texture": "#1"}
			}
		},
		{
			"from": [5, 1, 19],
			"to": [11, 3, 23],
			"rotation": {"angle": 0, "axis": "y", "origin": [14, 9, 9]},
			"faces": {
				"north": {"uv": [0, 0, 6, 2], "texture": "#1"},
				"east": {"uv": [0, 0, 3, 2], "texture": "#1"},
				"south": {"uv": [0, 0, 6, 2], "texture": "#1"},
				"west": {"uv": [0, 0, 3, 2], "texture": "#1"},
				"up": {"uv": [0, 0, 4, 3], "texture": "#1"},
				"down": {"uv": [0, 0, 6, 2], "texture": "#1"}
			}
		},
		{
			"from": [6, -1, 16],
			"to": [10, 11, 20],
			"rotation": {"angle": -45, "axis": "x", "origin": [15, 11, 24]},
			"faces": {
				"north": {"uv": [0, 0, 3, 3], "texture": "#1"},
				"east": {"uv": [0, 0, 2, 5], "texture": "#1"},
				"south": {"uv": [0, 0, 2, 4], "texture": "#1"},
				"west": {"uv": [0, 0, 2, 4], "texture": "#1"},
				"up": {"uv": [0, 0, 3, 3], "texture": "#1"},
				"down": {"uv": [0, 0, 2, 2], "texture": "#1"}
			}
		},
		{
			"from": [6, 7, 6],
			"to": [10, 12, 14],
			"rotation": {"angle": 0, "axis": "y", "origin": [14, 15, 14]},
			"faces": {
				"north": {"uv": [0, 0, 4, 5], "texture": "#2"},
				"east": {"uv": [0, 0, 8, 5], "texture": "#2"},
				"south": {"uv": [0, 0, 4, 5], "texture": "#2"},
				"west": {"uv": [0, 0, 8, 5], "texture": "#2"},
				"up": {"uv": [0, 0, 4, 8], "texture": "#2"},
				"down": {"uv": [0, 0, 4, 8], "texture": "#2"}
			}
		},
		{
			"from": [10, 7, 6],
			"to": [11, 9, 14],
			"rotation": {"angle": 0, "axis": "y", "origin": [18, 15, 14]},
			"faces": {
				"north": {"uv": [0, 0, 1, 2], "texture": "#2"},
				"east": {"uv": [0, 0, 8, 2], "texture": "#2"},
				"south": {"uv": [0, 0, 1, 2], "texture": "#2"},
				"west": {"uv": [0, 0, 8, 2], "texture": "#2"},
				"up": {"uv": [0, 0, 1, 8], "texture": "#2"},
				"down": {"uv": [0, 0, 1, 8], "texture": "#2"}
			}
		},
		{
			"from": [10, 9, 6],
			"to": [11, 10, 11],
			"rotation": {"angle": 0, "axis": "y", "origin": [18, 17, 14]},
			"faces": {
				"north": {"uv": [0, 0, 1, 1], "texture": "#2"},
				"east": {"uv": [0, 0, 5, 1], "texture": "#2"},
				"south": {"uv": [0, 0, 1, 1], "texture": "#2"},
				"west": {"uv": [0, 0, 5, 1], "texture": "#2"},
				"up": {"uv": [0, 0, 1, 5], "texture": "#2"},
				"down": {"uv": [0, 0, 1, 5], "texture": "#2"}
			}
		},
		{
			"from": [5, 9, 6],
			"to": [6, 10, 11],
			"rotation": {"angle": 0, "axis": "y", "origin": [13, 17, 14]},
			"faces": {
				"north": {"uv": [0, 0, 1, 1], "texture": "#2"},
				"east": {"uv": [0, 0, 5, 1], "texture": "#2"},
				"south": {"uv": [0, 0, 1, 1], "texture": "#2"},
				"west": {"uv": [0, 0, 5, 1], "texture": "#2"},
				"up": {"uv": [0, 0, 1, 5], "texture": "#2"},
				"down": {"uv": [0, 0, 1, 5], "texture": "#2"}
			}
		},
		{
			"from": [5, 7, 6],
			"to": [6, 9, 14],
			"rotation": {"angle": 0, "axis": "y", "origin": [13, 15, 14]},
			"faces": {
				"north": {"uv": [0, 0, 1, 2], "texture": "#2"},
				"east": {"uv": [0, 0, 8, 2], "texture": "#2"},
				"south": {"uv": [0, 0, 1, 2], "texture": "#2"},
				"west": {"uv": [0, 0, 8, 2], "texture": "#2"},
				"up": {"uv": [0, 0, 1, 8], "texture": "#2"},
				"down": {"uv": [0, 0, 1, 8], "texture": "#2"}
			}
		},
		{
			"from": [6, 7, 14],
			"to": [10, 10, 17],
			"rotation": {"angle": 0, "axis": "y", "origin": [14, 15, 22]},
			"faces": {
				"north": {"uv": [0, 0, 4, 3], "texture": "#2"},
				"east": {"uv": [0, 0, 3, 3], "texture": "#2"},
				"south": {"uv": [0, 0, 4, 3], "texture": "#2"},
				"west": {"uv": [0, 0, 3, 3], "texture": "#2"},
				"up": {"uv": [0, 0, 4, 3], "texture": "#2"},
				"down": {"uv": [0, 0, 4, 3], "texture": "#2"}
			}
		},
		{
			"from": [5, 7, 16],
			"to": [11, 9, 21],
			"rotation": {"angle": 0, "axis": "y", "origin": [14, 15, 27]},
			"faces": {
				"north": {"uv": [0, 0, 6, 2], "texture": "#2"},
				"east": {"uv": [0, 0, 5, 2], "texture": "#2"},
				"south": {"uv": [0, 0, 6, 2], "texture": "#2"},
				"west": {"uv": [0, 0, 5, 2], "texture": "#2"},
				"up": {"uv": [0, 0, 6, 5], "texture": "#2"},
				"down": {"uv": [0, 0, 6, 5], "texture": "#2"}
			}
		},
		{
			"from": [7, 5, 22],
			"to": [9, 9, 24],
			"rotation": {"angle": 22.5, "axis": "x", "origin": [15, 13, 30]},
			"faces": {
				"north": {"uv": [0, 0, 2, 4], "texture": "#3"},
				"east": {"uv": [0, 0, 2, 4], "texture": "#3"},
				"south": {"uv": [0, 0, 2, 4], "texture": "#3"},
				"west": {"uv": [0, 0, 2, 4], "texture": "#3"},
				"up": {"uv": [0, 0, 2, 2], "texture": "#3"},
				"down": {"uv": [0, 0, 2, 2], "texture": "#3"}
			}
		},
		{
			"from": [4, 13, 12],
			"to": [6, 16, 14],
			"rotation": {"angle": 0, "axis": "x", "origin": [15, 18, 18]},
			"faces": {
				"north": {"uv": [0, 0, 16, 16], "texture": "#4"},
				"east": {"uv": [0, 0, 16, 16], "texture": "#4"},
				"south": {"uv": [0, 0, 16, 16], "texture": "#4"},
				"west": {"uv": [0, 0, 16, 16], "texture": "#4"},
				"up": {"uv": [0, 0, 2, 2], "texture": "#4"},
				"down": {"uv": [0, 0, 2, 2], "texture": "#4"}
			}
		},
		{
			"from": [7, -3, 19],
			"to": [9, 0, 20],
			"rotation": {"angle": 22.5, "axis": "x", "origin": [14, 7, 27]},
			"faces": {
				"north": {"uv": [0, 0, 2, 3], "texture": "#0"},
				"east": {"uv": [0, 0, 1, 3], "texture": "#0"},
				"south": {"uv": [0, 0, 2, 3], "texture": "#0"},
				"west": {"uv": [0, 0, 1, 3], "texture": "#0"},
				"up": {"uv": [0, 0, 2, 1], "texture": "#0"},
				"down": {"uv": [0, 0, 2, 1], "texture": "#0"}
			}
		},
		{
			"from": [5, 7, -1],
			"to": [11, 8, 6],
			"faces": {
				"north": {"uv": [0, 0, 6, 1], "texture": "#1"},
				"east": {"uv": [0, 0, 11, 1], "texture": "#1"},
				"south": {"uv": [0, 0, 6, 1], "texture": "#1"},
				"west": {"uv": [0, 0, 11, 1], "texture": "#1"},
				"up": {"uv": [0, 0, 4, 3], "texture": "#1"},
				"down": {"uv": [0, 0, 4, 3], "texture": "#1"}
			}
		},
		{
			"from": [6, 7, -8],
			"to": [10, 8, -1],
			"faces": {
				"north": {"uv": [0, 0, 6, 1], "texture": "#1"},
				"east": {"uv": [0, 0, 11, 1], "texture": "#1"},
				"south": {"uv": [0, 0, 6, 1], "texture": "#1"},
				"west": {"uv": [0, 0, 11, 1], "texture": "#1"},
				"up": {"uv": [0, 0, 4, 3], "texture": "#1"},
				"down": {"uv": [0, 0, 4, 3], "texture": "#1"}
			}
		}
	],
	"display": {
		"thirdperson_righthand": {
			"translation": [0, 1.75, -2],
			"scale": [0.19, 0.19, 0.19]
		},
		"thirdperson_lefthand": {
			"translation": [0, 1, -2],
			"scale": [0.2, 0.2, 0.2]
		},
		"firstperson_righthand": {
			"rotation": [0, 0, 32],
			"translation": [0, 13.5, -1.5],
			"scale": [0.35, 0.35, 0.35]
		},
		"firstperson_lefthand": {
			"rotation": [0, 0, 30],
			"translation": [0, 14.5, -1.5],
			"scale": [0.35, 0.35, 0.35]
		},
		"ground": {
			"scale": [0.25, 0.25, 0.25]
		},
		"gui": {
			"rotation": [34, 150, -32],
			"translation": [-0.75, 0, 0],
			"scale": [0.45, 0.45, 0.45]
		}
	}
}