{
	"credit": "Made with Blockbench",
	"textures": {
		"1": "custom/ev_gold",
		"2": "block/spruce_log",
		"3": "block/polished_basalt_side",
		"4": "block/glow_item_frame",
		"5": "block/yellow_glazed_terracotta",
		"6": "block/glowstone",
		"particle": "block/glow_item_frame"
	},
	"elements": [
		{
			"from": [6.5, 0.5, 4],
			"to": [8.5, 2, 11],
			"faces": {
				"north": {"uv": [0, 0, 2, 1.5], "texture": "#1"},
				"east": {"uv": [0, 0, 8, 1.5], "texture": "#1"},
				"south": {"uv": [0, 0, 2, 1.5], "texture": "#1"},
				"west": {"uv": [0, 0, 8, 1.5], "texture": "#1"},
				"up": {"uv": [0, 0, 2, 8], "texture": "#1"},
				"down": {"uv": [0, 0, 2, 8], "texture": "#1"}
			}
		},
		{
			"from": [7.1, 4, 7],
			"to": [7.9, 7, 8],
			"rotation": {"angle": 45, "axis": "x", "origin": [7.5, 2.5, 8]},
			"faces": {
				"north": {"uv": [0, 0, 0.8, 3], "texture": "#3"},
				"east": {"uv": [0, 0, 1, 3], "texture": "#3"},
				"south": {"uv": [0, 0, 0.8, 3], "texture": "#3"},
				"west": {"uv": [0, 0, 1, 3], "texture": "#3"},
				"up": {"uv": [0, 0, 0.8, 1], "texture": "#3"},
				"down": {"uv": [0, 0, 0.8, 1], "texture": "#3"}
			}
		},
		{
			"from": [6.1, -3, 8],
			"to": [8.9, 5, 11],
			"rotation": {"angle": -45, "axis": "x", "origin": [7.5, 2.5, 10]},
			"faces": {
				"north": {"uv": [0, 0, 2.8, 8], "texture": "#2"},
				"east": {"uv": [0, 0, 3, 8], "texture": "#2"},
				"south": {"uv": [0, 0, 2.8, 8], "texture": "#2"},
				"west": {"uv": [0, 0, 3, 8], "texture": "#2"},
				"up": {"uv": [0, 0, 2.8, 3], "texture": "#2"},
				"down": {"uv": [0, 0, 2.8, 3], "texture": "#2"}
			}
		},
		{
			"from": [6, 2, 9],
			"to": [9, 5, 11],
			"faces": {
				"north": {"uv": [0, 0, 3, 3], "texture": "#1"},
				"east": {"uv": [0, 0, 2, 3], "texture": "#1"},
				"south": {"uv": [0, 0, 3, 3], "texture": "#1"},
				"west": {"uv": [0, 0, 2, 3], "texture": "#1"},
				"up": {"uv": [0, 0, 3, 2], "texture": "#1"},
				"down": {"uv": [0, 0, 3, 2], "texture": "#1"}
			}
		},
		{
			"from": [6.5, -1, 6],
			"to": [8.5, 0.5, 6.2],
			"faces": {
				"north": {"uv": [0, 0, 2, 1.5], "texture": "#1"},
				"east": {"uv": [0, 0, 8, 1.5], "texture": "#1"},
				"south": {"uv": [0, 0, 2, 1.5], "texture": "#1"},
				"west": {"uv": [0, 0, 8, 1.5], "texture": "#1"},
				"up": {"uv": [0, 0, 2, 8], "texture": "#1"},
				"down": {"uv": [0, 0, 2, 8], "texture": "#1"}
			}
		},
		{
			"from": [6.5, -1, 6],
			"to": [8.5, -0.8, 9],
			"faces": {
				"north": {"uv": [0, 0, 2, 1.5], "texture": "#1"},
				"east": {"uv": [0, 0, 8, 1.5], "texture": "#1"},
				"south": {"uv": [0, 0, 2, 1.5], "texture": "#1"},
				"west": {"uv": [0, 0, 8, 1.5], "texture": "#1"},
				"up": {"uv": [0, 0, 2, 8], "texture": "#1"},
				"down": {"uv": [0, 0, 2, 8], "texture": "#1"}
			}
		},
		{
			"from": [6.5, -1, 9],
			"to": [8.5, 0.5, 9.2],
			"faces": {
				"north": {"uv": [0, 0, 2, 1.5], "texture": "#1"},
				"east": {"uv": [0, 0, 8, 1.5], "texture": "#1"},
				"south": {"uv": [0, 0, 2, 1.5], "texture": "#1"},
				"west": {"uv": [0, 0, 8, 1.5], "texture": "#1"},
				"up": {"uv": [0, 0, 2, 8], "texture": "#1"},
				"down": {"uv": [0, 0, 2, 8], "texture": "#1"}
			}
		},
		{
			"from": [7.3, -1, 8],
			"to": [7.8, 0.5, 8.5],
			"rotation": {"angle": 22.5, "axis": "x", "origin": [8, -0.5, 10]},
			"faces": {
				"north": {"uv": [0, 0, 0.5, 1.5], "texture": "#3"},
				"east": {"uv": [0, 0, 0.5, 1.5], "texture": "#3"},
				"south": {"uv": [0, 0, 0.5, 1.5], "texture": "#3"},
				"west": {"uv": [0, 0, 0.5, 1.5], "texture": "#3"},
				"up": {"uv": [0, 0, 2, 8], "texture": "#3"},
				"down": {"uv": [0, 0, 0.5, 0.5], "texture": "#3"}
			}
		},
		{
			"from": [6.5, 4, -7],
			"to": [8.5, 5, 4],
			"rotation": {"angle": -45, "axis": "x", "origin": [15, 9, 6]},
			"faces": {
				"north": {"uv": [0, 0, 2, 1], "texture": "#1"},
				"east": {"uv": [0, 0, 10, 1], "texture": "#1"},
				"south": {"uv": [0, 0, 2, 1], "texture": "#1"},
				"west": {"uv": [0, 0, 10, 1], "texture": "#1"},
				"up": {"uv": [0, 0, 2, 10], "texture": "#1"},
				"down": {"uv": [0, 0, 2, 10], "texture": "#1"}
			}
		},
		{
			"from": [8.5, 4, -7],
			"to": [9.5, 5, -5],
			"rotation": {"angle": -45, "axis": "x", "origin": [18, 9, 6]},
			"faces": {
				"north": {"uv": [0, 0, 1, 1], "texture": "#1"},
				"east": {"uv": [0, 0, 2, 1], "texture": "#1"},
				"south": {"uv": [0, 0, 1, 1], "texture": "#1"},
				"west": {"uv": [0, 0, 2, 1], "texture": "#1"},
				"up": {"uv": [0, 0, 1, 2], "texture": "#1"},
				"down": {"uv": [0, 0, 1, 2], "texture": "#1"}
			}
		},
		{
			"from": [6, 3.5, -8],
			"to": [9, 4.5, -7],
			"rotation": {"angle": -45, "axis": "x", "origin": [15, 9, 5]},
			"faces": {
				"north": {"uv": [0, 0, 3, 1], "texture": "#1"},
				"east": {"uv": [0, 0, 1, 1], "texture": "#1"},
				"south": {"uv": [0, 0, 3, 1], "texture": "#1"},
				"west": {"uv": [0, 0, 1, 1], "texture": "#1"},
				"up": {"uv": [0, 0, 3, 1], "texture": "#1"},
				"down": {"uv": [0, 0, 3, 1], "texture": "#1"}
			}
		},
		{
			"from": [9, 4.5, -8],
			"to": [10, 7.5, -7],
			"rotation": {"angle": -45, "axis": "x", "origin": [15, 10, 5]},
			"faces": {
				"north": {"uv": [0, 0, 1, 3], "texture": "#1"},
				"east": {"uv": [0, 0, 1, 3], "texture": "#1"},
				"south": {"uv": [0, 0, 1, 3], "texture": "#1"},
				"west": {"uv": [0, 0, 1, 3], "texture": "#1"},
				"up": {"uv": [0, 0, 1, 1], "texture": "#1"},
				"down": {"uv": [0, 0, 1, 1], "texture": "#1"}
			}
		},
		{
			"from": [8.5, 7, -8],
			"to": [9.5, 8, -5],
			"rotation": {"angle": -45, "axis": "x", "origin": [18, 12, 6]},
			"faces": {
				"north": {"uv": [0, 0, 1, 1], "texture": "#1"},
				"east": {"uv": [0, 0, 3, 1], "texture": "#1"},
				"south": {"uv": [0, 0, 1, 1], "texture": "#1"},
				"west": {"uv": [0, 0, 3, 1], "texture": "#1"},
				"up": {"uv": [0, 0, 1, 3], "texture": "#1"},
				"down": {"uv": [0, 0, 1, 3], "texture": "#1"}
			}
		},
		{
			"from": [8.5, 5, -7],
			"to": [9.5, 7, 4],
			"rotation": {"angle": -45, "axis": "x", "origin": [15, 9, 6]},
			"faces": {
				"north": {"uv": [0, 0, 1, 2], "texture": "#1"},
				"east": {"uv": [0, 0, 10, 2], "texture": "#1"},
				"south": {"uv": [0, 0, 1, 2], "texture": "#1"},
				"west": {"uv": [0, 0, 10, 2], "texture": "#1"},
				"up": {"uv": [0, 0, 1, 10], "texture": "#1"},
				"down": {"uv": [0, 0, 1, 10], "texture": "#1"}
			}
		},
		{
			"from": [6.5, 7, -7],
			"to": [8.5, 8, 4],
			"rotation": {"angle": -45, "axis": "x", "origin": [15, 9, 6]},
			"faces": {
				"north": {"uv": [0, 0, 2, 1], "texture": "#1"},
				"east": {"uv": [0, 0, 10, 1], "texture": "#1"},
				"south": {"uv": [0, 0, 2, 1], "texture": "#1"},
				"west": {"uv": [0, 0, 10, 1], "texture": "#1"},
				"up": {"uv": [0, 0, 2, 10], "texture": "#1"},
				"down": {"uv": [0, 0, 2, 10], "texture": "#1"}
			}
		},
		{
			"from": [6, 7.5, -9],
			"to": [9, 8.5, -8],
			"rotation": {"angle": -45, "axis": "x", "origin": [15, 13, 5]},
			"faces": {
				"north": {"uv": [0, 0, 3, 1], "texture": "#1"},
				"east": {"uv": [0, 0, 1, 1], "texture": "#1"},
				"south": {"uv": [0, 0, 3, 1], "texture": "#1"},
				"west": {"uv": [0, 0, 1, 1], "texture": "#1"},
				"up": {"uv": [0, 0, 3, 1], "texture": "#1"},
				"down": {"uv": [0, 0, 3, 1], "texture": "#1"}
			}
		},
		{
			"from": [5.5, 5, -7],
			"to": [6.5, 7, 4],
			"rotation": {"angle": -45, "axis": "x", "origin": [15, 9, 6]},
			"faces": {
				"north": {"uv": [0, 0, 1, 2], "texture": "#1"},
				"east": {"uv": [0, 0, 10, 2], "texture": "#1"},
				"south": {"uv": [0, 0, 1, 2], "texture": "#1"},
				"west": {"uv": [0, 0, 10, 2], "texture": "#1"},
				"up": {"uv": [0, 0, 1, 10], "texture": "#1"},
				"down": {"uv": [0, 0, 1, 10], "texture": "#1"}
			}
		},
		{
			"from": [5.5, 7, -8],
			"to": [6.5, 8, -5],
			"rotation": {"angle": -45, "axis": "x", "origin": [15, 12, 6]},
			"faces": {
				"north": {"uv": [0, 0, 1, 1], "texture": "#1"},
				"east": {"uv": [0, 0, 3, 1], "texture": "#1"},
				"south": {"uv": [0, 0, 1, 1], "texture": "#1"},
				"west": {"uv": [0, 0, 3, 1], "texture": "#1"},
				"up": {"uv": [0, 0, 1, 3], "texture": "#1"},
				"down": {"uv": [0, 0, 1, 3], "texture": "#1"}
			}
		},
		{
			"from": [5, 4.5, -8],
			"to": [6, 7.5, -7],
			"rotation": {"angle": -45, "axis": "x", "origin": [12, 10, 5]},
			"faces": {
				"north": {"uv": [0, 0, 1, 3], "texture": "#1"},
				"east": {"uv": [0, 0, 1, 3], "texture": "#1"},
				"south": {"uv": [0, 0, 1, 3], "texture": "#1"},
				"west": {"uv": [0, 0, 1, 3], "texture": "#1"},
				"up": {"uv": [0, 0, 1, 1], "texture": "#1"},
				"down": {"uv": [0, 0, 1, 1], "texture": "#1"}
			}
		},
		{
			"from": [5.5, 4, -7],
			"to": [6.5, 5, -5],
			"rotation": {"angle": -45, "axis": "x", "origin": [15, 9, 6]},
			"faces": {
				"north": {"uv": [0, 0, 1, 1], "texture": "#1"},
				"east": {"uv": [0, 0, 2, 1], "texture": "#1"},
				"south": {"uv": [0, 0, 1, 1], "texture": "#1"},
				"west": {"uv": [0, 0, 2, 1], "texture": "#1"},
				"up": {"uv": [0, 0, 1, 2], "texture": "#1"},
				"down": {"uv": [0, 0, 1, 2], "texture": "#1"}
			}
		},
		{
			"from": [8.25, 6.25, 13],
			"to": [9.75, 7.75, 14],
			"faces": {
				"north": {"uv": [3, 3, 6.5, 7.5], "texture": "#6"},
				"east": {"uv": [4, 4, 9, 7.5], "texture": "#6"},
				"south": {"uv": [3, 3, 9.5, 7.5], "texture": "#6"},
				"west": {"uv": [4, 3, 7, 8.5], "texture": "#6"},
				"up": {"uv": [4, 3, 7.5, 7], "texture": "#6"},
				"down": {"uv": [4, 5, 8.5, 8], "texture": "#6"}
			}
		},
		{
			"from": [8, 6, 14],
			"to": [10, 8, 18],
			"faces": {
				"north": {"uv": [0, 0, 2, 2], "texture": "#5"},
				"east": {"uv": [0, 0, 4, 2], "texture": "#5"},
				"south": {"uv": [0, 0, 2, 2], "texture": "#5"},
				"west": {"uv": [0, 0, 4, 2], "texture": "#5"},
				"up": {"uv": [0, 0, 2, 4], "texture": "#5"},
				"down": {"uv": [0, 0, 2, 4], "texture": "#5"}
			}
		},
		{
			"from": [8, 6, 18],
			"to": [10, 8, 19],
			"faces": {
				"north": {"uv": [0, 0, 2, 2], "texture": "#4"},
				"east": {"uv": [0, 0, 1, 2], "texture": "#4"},
				"south": {"uv": [0, 0, 16, 16], "texture": "#4"},
				"west": {"uv": [0, 0, 1, 2], "texture": "#4"},
				"up": {"uv": [0, 0, 2, 1], "texture": "#4"},
				"down": {"uv": [0, 0, 2, 1], "texture": "#4"}
			}
		}
	],
	"gui_light": "front",
	"display": {
		"thirdperson_righthand": {
			"translation": [0, 3, 0],
			"scale": [0.375, 0.375, 0.375]
		},
		"thirdperson_lefthand": {
			"translation": [0, 3, 0],
			"scale": [0.35, 0.35, 0.35]
		},
		"firstperson_righthand": {
			"translation": [7.5, 14, -5]
		},
		"firstperson_lefthand": {
			"translation": [7.5, 14, -5]
		},
		"gui": {
			"rotation": [49, 140, -33],
			"translation": [-0.75, 4.25, 0],
			"scale": [0.74, 0.74, 0.74]
		}
	},
	"groups": [
		0,
		1,
		2,
		3,
		4,
		5,
		6,
		7,
		{
			"name": "barrel",
			"origin": [15, 9, 6],
			"color": 0,
			"children": [8, 9, 10, 11, 12, 13, 14, 15, 16, 17, 18, 19]
		},
		{
			"name": "flare",
			"origin": [0, 0, 0],
			"color": 0,
			"children": [20, 21, 22]
		}
	]
}